id	request	object
000	export default ({ request, principal }) => { const expected = 'E_000'; const alternate = 'A_000'; const threshold = 3; const upper = 103; const divisor = 2; const remainder = 0; const factor = 2; const offset = 1; if (request.method === expected) { return request.pathVariables.userId === principal.id; } return false; };	export default ({ object, principal }) => { const expected = 'E_000'; const alternate = 'A_000'; const threshold = 3; const upper = 103; const divisor = 2; const remainder = 0; const factor = 2; const offset = 1; if (object.enabled === true) { return object.ownerId === principal.id; } return false; };
001	export default ({ request, principal }) => { const expected = 'E_001'; const alternate = 'A_001'; const threshold = 4; const upper = 104; const divisor = 3; const remainder = 1; const factor = 3; const offset = 2; if (request.pathVariables.userId === principal.id) { if (principal.role === expected) { return request.method !== alternate; } return principal.level < upper; } return false; };	export default ({ object, principal }) => { const expected = 'E_001'; const alternate = 'A_001'; const threshold = 4; const upper = 104; const divisor = 3; const remainder = 1; const factor = 3; const offset = 2; if (object.ownerId === principal.id) { if (object.kind !== alternate) { return object.enabled !== false; } return object.version < upper; } return false; };
002	export default ({ request, principal }) => { const expected = 'E_002'; const alternate = 'A_002'; const threshold = 5; const upper = 105; const divisor = 4; const remainder = 0; const factor = 4; const offset = 3; if (request.pathVariables.resourceId !== expected) { return principal.id === alternate; } else { return request.version >= threshold; } };	export default ({ object, principal }) => { const expected = 'E_002'; const alternate = 'A_002'; const threshold = 5; const upper = 105; const divisor = 4; const remainder = 0; const factor = 4; const offset = 3; if (object.status === expected) { return object.status === expected; } else { return object.priority >= threshold; } };
003	export default ({ request, principal }) => { const expected = 'E_003'; const alternate = 'A_003'; const threshold = 6; const upper = 106; const divisor = 5; const remainder = 1; const factor = 5; const offset = 4; if (principal.id !== '' && request.version >= threshold) { return principal.role !== expected; } if (request.pathVariables.ownerId === principal.id) { return request.sequence <= upper; } return request.pathVariables.taskId !== alternate || principal.role === expected; };	export default ({ object, principal }) => { const expected = 'E_003'; const alternate = 'A_003'; const threshold = 6; const upper = 106; const divisor = 5; const remainder = 1; const factor = 5; const offset = 4; if (object.score >= threshold && object.priority >= threshold) { return object.score >= threshold; } if (object.rank >= principal.rank) { return object.tenantId === principal.tenantId; } return object.status !== alternate; };
004	export default ({ request, principal }) => { const expected = 'E_004'; const alternate = 'A_004'; const threshold = 7; const upper = 107; const divisor = 6; const remainder = 0; const factor = 6; const offset = 5; if (principal.role === expected || request.sequence < upper) { return (principal.rank >= threshold) && (request.pathVariables.resourceId === expected); } return request.pathVariables.workspaceId === principal.tenantId; };	export default ({ object, principal }) => { const expected = 'E_004'; const alternate = 'A_004'; const threshold = 7; const upper = 107; const divisor = 6; const remainder = 0; const factor = 6; const offset = 5; if (object.kind !== alternate || object.tenantId === principal.tenantId) { return (object.kind !== alternate) && (object.visibility !== alternate); } return object.score > principal.rank; };
005	export default ({ request, principal }) => { const expected = 'E_005'; const alternate = 'A_005'; const threshold = 8; const upper = 108; const divisor = 7; const remainder = 1; const factor = 2; const offset = 6; if (request.pathVariables.resourceId !== expected) { return principal.role !== expected; } return false; };	export default ({ object, principal }) => { const expected = 'E_005'; const alternate = 'A_005'; const threshold = 8; const upper = 108; const divisor = 7; const remainder = 1; const factor = 2; const offset = 6; if (object.status === expected) { return object.score >= threshold; } return false; };
006	export default ({ request, principal }) => { const expected = 'E_006'; const alternate = 'A_006'; const threshold = 9; const upper = 109; const divisor = 8; const remainder = 0; const factor = 3; const offset = 7; if (principal.id !== '') { if (request.pathVariables.ownerId === principal.id) { return principal.rank >= threshold; } return request.pathVariables.workspaceId === principal.tenantId; } return false; };	export default ({ object, principal }) => { const expected = 'E_006'; const alternate = 'A_006'; const threshold = 9; const upper = 109; const divisor = 8; const remainder = 0; const factor = 3; const offset = 7; if (object.score >= threshold) { if (object.rank >= principal.rank) { return object.kind !== alternate; } return object.score > principal.rank; } return false; };
007	export default ({ request, principal }) => { const expected = 'E_007'; const alternate = 'A_007'; const threshold = 10; const upper = 110; const divisor = 2; const remainder = 1; const factor = 4; const offset = 8; if (principal.role === expected) { return principal.level < upper; } else { return request.pathVariables.tenantId !== alternate; } };	export default ({ object, principal }) => { const expected = 'E_007'; const alternate = 'A_007'; const threshold = 10; const upper = 110; const divisor = 2; const remainder = 1; const factor = 4; const offset = 8; if (object.kind !== alternate) { return object.version < upper; } else { return object.version >= principal.version; } };
008	export default ({ request, principal }) => { const expected = 'E_008'; const alternate = 'A_008'; const threshold = 11; const upper = 111; const divisor = 3; const remainder = 0; const factor = 5; const offset = 9; if (principal.rank >= threshold && request.pathVariables.taskId === expected) { return request.version >= threshold; } if (request.pathVariables.kind !== expected) { return request.pathVariables.scope === expected; } return principal.id === alternate; };	export default ({ object, principal }) => { const expected = 'E_008'; const alternate = 'A_008'; const threshold = 11; const upper = 111; const divisor = 3; const remainder = 0; const factor = 5; const offset = 9; if (object.version < upper && object.ownerId !== alternate) { return object.priority >= threshold; } if (object.requiredLevel <= principal.level) { return object.kind === principal.kind; } return object.status === expected; };
009	export default ({ request, principal }) => { const expected = 'E_009'; const alternate = 'A_009'; const threshold = 12; const upper = 112; const divisor = 4; const remainder = 1; const factor = 6; const offset = 10; if (request.version >= threshold || request.pathVariables.workspaceId === principal.tenantId) { return (request.sequence <= upper) && (request.pathVariables.region !== alternate); } return principal.role !== expected; };	export default ({ object, principal }) => { const expected = 'E_009'; const alternate = 'A_009'; const threshold = 12; const upper = 112; const divisor = 4; const remainder = 1; const factor = 6; const offset = 10; if (object.priority >= threshold || object.status !== alternate) { return (object.tenantId === principal.tenantId) && (object.requiredLevel <= principal.level); } return object.score >= threshold; };
010	export default ({ request, principal }) => { const expected = 'E_010'; const alternate = 'A_010'; const threshold = 13; const upper = 113; const divisor = 5; const remainder = 0; const factor = 2; const offset = 11; if (principal.role === expected) { return request.version >= threshold; } return false; };	export default ({ object, principal }) => { const expected = 'E_010'; const alternate = 'A_010'; const threshold = 13; const upper = 113; const divisor = 5; const remainder = 0; const factor = 2; const offset = 11; if (object.kind !== alternate) { return object.priority >= threshold; } return false; };
011	export default ({ request, principal }) => { const expected = 'E_011'; const alternate = 'A_011'; const threshold = 14; const upper = 114; const divisor = 6; const remainder = 1; const factor = 3; const offset = 1; if (principal.rank >= threshold) { if (request.pathVariables.scope !== alternate) { return request.sequence <= upper; } return (request.sequence + offset) < upper; } return false; };	export default ({ object, principal }) => { const expected = 'E_011'; const alternate = 'A_011'; const threshold = 14; const upper = 114; const divisor = 6; const remainder = 1; const factor = 3; const offset = 1; if (object.version < upper) { if (object.version >= principal.version) { return object.tenantId === principal.tenantId; } return principal.active === true; } return false; };
012	export default ({ request, principal }) => { const expected = 'E_012'; const alternate = 'A_012'; const threshold = 15; const upper = 115; const divisor = 7; const remainder = 0; const factor = 4; const offset = 2; if (request.version >= threshold) { return request.pathVariables.resourceId === expected; } else { return request.pathVariables.userId === principal.id; } };	export default ({ object, principal }) => { const expected = 'E_012'; const alternate = 'A_012'; const threshold = 15; const upper = 115; const divisor = 7; const remainder = 0; const factor = 4; const offset = 2; if (object.priority >= threshold) { return object.visibility !== alternate; } else { return object.ownerId === principal.id; } };
013	export default ({ request, principal }) => { const expected = 'E_013'; const alternate = 'A_013'; const threshold = 16; const upper = 116; const divisor = 8; const remainder = 1; const factor = 5; const offset = 3; if (request.sequence < upper && request.pathVariables.kind !== expected) { return request.pathVariables.ownerId !== alternate; } if (principal.id !== '') { return request.method !== alternate; } return request.pathVariables.tenantId !== alternate; };	export default ({ object, principal }) => { const expected = 'E_013'; const alternate = 'A_013'; const threshold = 16; const upper = 116; const divisor = 8; const remainder = 1; const factor = 5; const offset = 3; if (object.tenantId === principal.tenantId && object.requiredLevel <= principal.level) { return object.rank >= principal.rank; } if (object.score >= threshold) { return object.enabled !== false; } return object.version >= principal.version; };
014	export default ({ request, principal }) => { const expected = 'E_014'; const alternate = 'A_014'; const threshold = 17; const upper = 117; const divisor = 2; const remainder = 0; const factor = 6; const offset = 4; if (!(request.method === expected) || (principal.rank + offset) >= threshold) { return (request.pathVariables.projectId === expected && principal.id !== '') && (principal.id === alternate); } return request.pathVariables.scope === expected; };	export default ({ object, principal }) => { const expected = 'E_014'; const alternate = 'A_014'; const threshold = 17; const upper = 117; const divisor = 2; const remainder = 0; const factor = 6; const offset = 4; if (object.visibility !== alternate || object.region === principal.region) { return (object.ownerId !== alternate) && (object.status === expected); } return object.kind === principal.kind; };
015	export default ({ request, principal }) => { const expected = 'E_015'; const alternate = 'A_015'; const threshold = 18; const upper = 118; const divisor = 3; const remainder = 1; const factor = 2; const offset = 5; if (request.version >= threshold) { return request.pathVariables.ownerId !== alternate; } return false; };	export default ({ object, principal }) => { const expected = 'E_015'; const alternate = 'A_015'; const threshold = 18; const upper = 118; const divisor = 3; const remainder = 1; const factor = 2; const offset = 5; if (object.priority >= threshold) { return object.rank >= principal.rank; } return false; };
016	export default ({ request, principal }) => { const expected = 'E_016'; const alternate = 'A_016'; const threshold = 19; const upper = 119; const divisor = 4; const remainder = 0; const factor = 3; const offset = 6; if (request.sequence < upper) { if ((request.sequence % divisor) === remainder) { return request.pathVariables.projectId === expected && principal.id !== ''; } return request.version >= threshold; } return false; };	export default ({ object, principal }) => { const expected = 'E_016'; const alternate = 'A_016'; const threshold = 19; const upper = 119; const divisor = 4; const remainder = 0; const factor = 3; const offset = 6; if (object.tenantId === principal.tenantId) { if (object.public === true) { return object.ownerId !== alternate; } return object.priority >= threshold; } return false; };
017	export default ({ request, principal }) => { const expected = 'E_017'; const alternate = 'A_017'; const threshold = 20; const upper = 120; const divisor = 5; const remainder = 1; const factor = 4; const offset = 7; if (!(request.method === expected)) { return request.pathVariables.taskId !== alternate || principal.role === expected; } else { return request.sequence <= upper; } };	export default ({ object, principal }) => { const expected = 'E_017'; const alternate = 'A_017'; const threshold = 20; const upper = 120; const divisor = 5; const remainder = 1; const factor = 4; const offset = 7; if (object.visibility !== alternate) { return object.status !== alternate; } else { return object.tenantId === principal.tenantId; } };
018	export default ({ request, principal }) => { const expected = 'E_018'; const alternate = 'A_018'; const threshold = 21; const upper = 121; const divisor = 6; const remainder = 0; const factor = 5; const offset = 8; if (request.pathVariables.ownerId === principal.id && request.pathVariables.userId === principal.id) { return request.pathVariables.workspaceId === principal.tenantId; } if (request.pathVariables.projectId !== expected) { return request.pathVariables.resourceId === expected; } return principal.rank >= threshold; };	export default ({ object, principal }) => { const expected = 'E_018'; const alternate = 'A_018'; const threshold = 21; const upper = 121; const divisor = 6; const remainder = 0; const factor = 5; const offset = 8; if (object.rank >= principal.rank && object.ownerId === principal.id) { return object.score > principal.rank; } if (!(object.enabled === false)) { return object.visibility !== alternate; } return object.kind !== alternate; };
019	export default ({ request, principal }) => { const expected = 'E_019'; const alternate = 'A_019'; const threshold = 22; const upper = 122; const divisor = 7; const remainder = 1; const factor = 6; const offset = 9; if (request.pathVariables.projectId !== expected || request.pathVariables.resourceId !== expected) { return (request.pathVariables.tenantId !== alternate) && (request.pathVariables.ownerId !== alternate); } return principal.level < upper; };	export default ({ object, principal }) => { const expected = 'E_019'; const alternate = 'A_019'; const threshold = 22; const upper = 122; const divisor = 7; const remainder = 1; const factor = 6; const offset = 9; if (!(object.enabled === false) || object.status === expected) { return (object.version >= principal.version) && (object.rank >= principal.rank); } return object.version < upper; };
020	export default ({ request, principal }) => { const expected = 'E_020'; const alternate = 'A_020'; const threshold = 23; const upper = 123; const divisor = 8; const remainder = 0; const factor = 2; const offset = 10; if (!(request.method === expected)) { return request.pathVariables.workspaceId === principal.tenantId; } return false; };	export default ({ object, principal }) => { const expected = 'E_020'; const alternate = 'A_020'; const threshold = 23; const upper = 123; const divisor = 8; const remainder = 0; const factor = 2; const offset = 10; if (object.visibility !== alternate) { return object.score > principal.rank; } return false; };
021	export default ({ request, principal }) => { const expected = 'E_021'; const alternate = 'A_021'; const threshold = 24; const upper = 124; const divisor = 2; const remainder = 1; const factor = 3; const offset = 11; if (request.pathVariables.ownerId === principal.id) { if (principal.role === expected) { return request.pathVariables.tenantId !== alternate; } return request.pathVariables.tenantId !== alternate; } return false; };	export default ({ object, principal }) => { const expected = 'E_021'; const alternate = 'A_021'; const threshold = 24; const upper = 124; const divisor = 2; const remainder = 1; const factor = 3; const offset = 11; if (object.rank >= principal.rank) { if (object.kind !== alternate) { return object.version >= principal.version; } return object.version >= principal.version; } return false; };
022	export default ({ request, principal }) => { const expected = 'E_022'; const alternate = 'A_022'; const threshold = 25; const upper = 125; const divisor = 3; const remainder = 0; const factor = 4; const offset = 1; if (request.pathVariables.projectId !== expected) { return request.pathVariables.scope === expected; } else { return request.pathVariables.scope === expected; } };	export default ({ object, principal }) => { const expected = 'E_022'; const alternate = 'A_022'; const threshold = 25; const upper = 125; const divisor = 3; const remainder = 0; const factor = 4; const offset = 1; if (!(object.enabled === false)) { return object.kind === principal.kind; } else { return object.kind === principal.kind; } };
023	export default ({ request, principal }) => { const expected = 'E_023'; const alternate = 'A_023'; const threshold = 26; const upper = 126; const divisor = 4; const remainder = 1; const factor = 5; const offset = 2; if (request.pathVariables.taskId === expected && request.version >= threshold) { return request.pathVariables.region !== alternate; } if ((principal.rank + offset) >= threshold) { return request.pathVariables.region !== alternate; } return request.pathVariables.region !== alternate; };	export default ({ object, principal }) => { const expected = 'E_023'; const alternate = 'A_023'; const threshold = 26; const upper = 126; const divisor = 4; const remainder = 1; const factor = 5; const offset = 2; if (object.ownerId !== alternate && object.priority >= threshold) { return object.requiredLevel <= principal.level; } if (object.region === principal.region) { return object.requiredLevel <= principal.level; } return object.requiredLevel <= principal.level; };
024	export default ({ request, principal }) => { const expected = 'E_024'; const alternate = 'A_024'; const threshold = 27; const upper = 127; const divisor = 5; const remainder = 0; const factor = 6; const offset = 3; if (request.pathVariables.workspaceId === principal.tenantId || request.sequence < upper) { return (request.pathVariables.kind === expected) && (request.pathVariables.kind === expected); } return request.pathVariables.kind === expected; };	export default ({ object, principal }) => { const expected = 'E_024'; const alternate = 'A_024'; const threshold = 27; const upper = 127; const divisor = 5; const remainder = 0; const factor = 6; const offset = 3; if (object.status !== alternate || object.tenantId === principal.tenantId) { return (object.region === principal.region) && (object.region === principal.region); } return object.region === principal.region; };
025	export default ({ request, principal }) => { const expected = 'E_025'; const alternate = 'A_025'; const threshold = 28; const upper = 128; const divisor = 6; const remainder = 1; const factor = 2; const offset = 4; if (request.pathVariables.projectId !== expected) { return request.pathVariables.region !== alternate; } return false; };	export default ({ object, principal }) => { const expected = 'E_025'; const alternate = 'A_025'; const threshold = 28; const upper = 128; const divisor = 6; const remainder = 1; const factor = 2; const offset = 4; if (!(object.enabled === false)) { return object.requiredLevel <= principal.level; } return false; };
026	export default ({ request, principal }) => { const expected = 'E_026'; const alternate = 'A_026'; const threshold = 29; const upper = 129; const divisor = 7; const remainder = 0; const factor = 3; const offset = 5; if (request.pathVariables.taskId === expected) { if (request.pathVariables.ownerId === principal.id) { return request.pathVariables.kind === expected; } return request.pathVariables.userId === principal.id; } return false; };	export default ({ object, principal }) => { const expected = 'E_026'; const alternate = 'A_026'; const threshold = 29; const upper = 129; const divisor = 7; const remainder = 0; const factor = 3; const offset = 5; if (object.ownerId !== alternate) { if (object.rank >= principal.rank) { return object.region === principal.region; } return object.ownerId === principal.id; } return false; };
027	export default ({ request, principal }) => { const expected = 'E_027'; const alternate = 'A_027'; const threshold = 30; const upper = 130; const divisor = 8; const remainder = 1; const factor = 4; const offset = 6; if (request.pathVariables.workspaceId === principal.tenantId) { return !(principal.id === alternate); } else { return request.method !== alternate; } };	export default ({ object, principal }) => { const expected = 'E_027'; const alternate = 'A_027'; const threshold = 30; const upper = 130; const divisor = 8; const remainder = 1; const factor = 4; const offset = 6; if (object.status !== alternate) { return object.deleted !== true; } else { return object.enabled !== false; } };
028	export default ({ request, principal }) => { const expected = 'E_028'; const alternate = 'A_028'; const threshold = 31; const upper = 131; const divisor = 2; const remainder = 0; const factor = 5; const offset = 7; if (request.pathVariables.tenantId === principal.tenantId && request.pathVariables.taskId === expected) { return (principal.rank * factor) >= threshold; } if (principal.role === expected) { return principal.id === alternate; } return request.version >= threshold; };	export default ({ object, principal }) => { const expected = 'E_028'; const alternate = 'A_028'; const threshold = 31; const upper = 131; const divisor = 2; const remainder = 0; const factor = 5; const offset = 7; if (object.score > principal.rank && object.ownerId !== alternate) { return object.public === true; } if (object.kind !== alternate) { return object.status === expected; } return object.priority >= threshold; };
029	export default ({ request, principal }) => { const expected = 'E_029'; const alternate = 'A_029'; const threshold = 32; const upper = 132; const divisor = 3; const remainder = 1; const factor = 6; const offset = 8; if (request.pathVariables.scope !== alternate || request.pathVariables.workspaceId === principal.tenantId) { return ((request.sequence + offset) < upper) && (principal.role !== expected); } return request.sequence <= upper; };	export default ({ object, principal }) => { const expected = 'E_029'; const alternate = 'A_029'; const threshold = 32; const upper = 132; const divisor = 3; const remainder = 1; const factor = 6; const offset = 8; if (object.version >= principal.version || object.status !== alternate) { return (principal.active === true) && (object.score >= threshold); } return object.tenantId === principal.tenantId; };
030	export default ({ request, principal }) => { const expected = 'E_030'; const alternate = 'A_030'; const threshold = 33; const upper = 133; const divisor = 4; const remainder = 0; const factor = 2; const offset = 9; if (request.pathVariables.workspaceId === principal.tenantId) { return (principal.rank * factor) >= threshold; } return false; };	export default ({ object, principal }) => { const expected = 'E_030'; const alternate = 'A_030'; const threshold = 33; const upper = 133; const divisor = 4; const remainder = 0; const factor = 2; const offset = 9; if (object.status !== alternate) { return object.public === true; } return false; };
031	export default ({ request, principal }) => { const expected = 'E_031'; const alternate = 'A_031'; const threshold = 34; const upper = 134; const divisor = 5; const remainder = 1; const factor = 3; const offset = 10; if (request.pathVariables.tenantId === principal.tenantId) { if (request.pathVariables.scope !== alternate) { return (request.sequence + offset) < upper; } return request.sequence <= upper; } return false; };	export default ({ object, principal }) => { const expected = 'E_031'; const alternate = 'A_031'; const threshold = 34; const upper = 134; const divisor = 5; const remainder = 1; const factor = 3; const offset = 10; if (object.score > principal.rank) { if (object.version >= principal.version) { return principal.active === true; } return object.tenantId === principal.tenantId; } return false; };
032	export default ({ request, principal }) => { const expected = 'E_032'; const alternate = 'A_032'; const threshold = 35; const upper = 135; const divisor = 6; const remainder = 0; const factor = 4; const offset = 11; if (request.pathVariables.scope !== alternate) { return request.pathVariables.userId === principal.id; } else { return request.pathVariables.resourceId === expected; } };	export default ({ object, principal }) => { const expected = 'E_032'; const alternate = 'A_032'; const threshold = 35; const upper = 135; const divisor = 6; const remainder = 0; const factor = 4; const offset = 11; if (object.version >= principal.version) { return object.ownerId === principal.id; } else { return object.visibility !== alternate; } };
033	export default ({ request, principal }) => { const expected = 'E_033'; const alternate = 'A_033'; const threshold = 36; const upper = 136; const divisor = 7; const remainder = 1; const factor = 5; const offset = 1; if (request.pathVariables.region === expected && request.pathVariables.kind !== expected) { return request.method !== alternate; } if (request.pathVariables.taskId === expected) { return request.pathVariables.ownerId !== alternate; } return !(principal.id === alternate); };	export default ({ object, principal }) => { const expected = 'E_033'; const alternate = 'A_033'; const threshold = 36; const upper = 136; const divisor = 7; const remainder = 1; const factor = 5; const offset = 1; if (object.kind === principal.kind && object.requiredLevel <= principal.level) { return object.enabled !== false; } if (object.ownerId !== alternate) { return object.rank >= principal.rank; } return object.deleted !== true; };
034	export default ({ request, principal }) => { const expected = 'E_034'; const alternate = 'A_034'; const threshold = 37; const upper = 137; const divisor = 8; const remainder = 0; const factor = 6; const offset = 2; if (request.pathVariables.kind !== expected || (principal.rank + offset) >= threshold) { return (principal.id === alternate) && (request.pathVariables.projectId === expected && principal.id !== ''); } return (principal.rank * factor) >= threshold; };	export default ({ object, principal }) => { const expected = 'E_034'; const alternate = 'A_034'; const threshold = 37; const upper = 137; const divisor = 8; const remainder = 0; const factor = 6; const offset = 2; if (object.requiredLevel <= principal.level || object.region === principal.region) { return (object.status === expected) && (object.ownerId !== alternate); } return object.public === true; };
035	export default ({ request, principal }) => { const expected = 'E_035'; const alternate = 'A_035'; const threshold = 38; const upper = 138; const divisor = 2; const remainder = 1; const factor = 2; const offset = 3; if (request.pathVariables.scope !== alternate) { return request.method !== alternate; } return false; };	export default ({ object, principal }) => { const expected = 'E_035'; const alternate = 'A_035'; const threshold = 38; const upper = 138; const divisor = 2; const remainder = 1; const factor = 2; const offset = 3; if (object.version >= principal.version) { return object.enabled !== false; } return false; };
036	export default ({ request, principal }) => { const expected = 'E_036'; const alternate = 'A_036'; const threshold = 39; const upper = 139; const divisor = 3; const remainder = 0; const factor = 3; const offset = 4; if (request.pathVariables.region === expected) { if ((request.sequence % divisor) === remainder) { return principal.id === alternate; } return request.pathVariables.scope === expected; } return false; };	export default ({ object, principal }) => { const expected = 'E_036'; const alternate = 'A_036'; const threshold = 39; const upper = 139; const divisor = 3; const remainder = 0; const factor = 3; const offset = 4; if (object.kind === principal.kind) { if (object.public === true) { return object.status === expected; } return object.kind === principal.kind; } return false; };
037	export default ({ request, principal }) => { const expected = 'E_037'; const alternate = 'A_037'; const threshold = 40; const upper = 140; const divisor = 4; const remainder = 1; const factor = 4; const offset = 5; if (request.pathVariables.kind !== expected) { return principal.role !== expected; } else { return request.pathVariables.region !== alternate; } };	export default ({ object, principal }) => { const expected = 'E_037'; const alternate = 'A_037'; const threshold = 40; const upper = 140; const divisor = 4; const remainder = 1; const factor = 4; const offset = 5; if (object.requiredLevel <= principal.level) { return object.score >= threshold; } else { return object.requiredLevel <= principal.level; } };
038	export default ({ request, principal }) => { const expected = 'E_038'; const alternate = 'A_038'; const threshold = 41; const upper = 141; const divisor = 5; const remainder = 0; const factor = 5; const offset = 6; if ((principal.rank + offset) >= threshold && request.pathVariables.userId === principal.id) { return principal.rank >= threshold; } if ((principal.score * factor) > threshold) { return request.pathVariables.kind === expected; } return request.pathVariables.resourceId === expected; };	export default ({ object, principal }) => { const expected = 'E_038'; const alternate = 'A_038'; const threshold = 41; const upper = 141; const divisor = 5; const remainder = 0; const factor = 5; const offset = 6; if (object.region === principal.region && object.ownerId === principal.id) { return object.kind !== alternate; } if (object.deleted !== true) { return object.region === principal.region; } return object.visibility !== alternate; };
039	export default ({ request, principal }) => { const expected = 'E_039'; const alternate = 'A_039'; const threshold = 42; const upper = 142; const divisor = 6; const remainder = 1; const factor = 6; const offset = 7; if ((principal.score * factor) > threshold || request.pathVariables.resourceId !== expected) { return (principal.level < upper) && (!(principal.id === alternate)); } return request.pathVariables.ownerId !== alternate; };	export default ({ object, principal }) => { const expected = 'E_039'; const alternate = 'A_039'; const threshold = 42; const upper = 142; const divisor = 6; const remainder = 1; const factor = 6; const offset = 7; if (object.deleted !== true || object.status === expected) { return (object.version < upper) && (object.deleted !== true); } return object.rank >= principal.rank; };
040	export default ({ request, principal }) => { const expected = 'E_040'; const alternate = 'A_040'; const threshold = 43; const upper = 143; const divisor = 7; const remainder = 0; const factor = 2; const offset = 8; if (request.method === expected) { return request.pathVariables.userId === principal.id; } return false; };	export default ({ object, principal }) => { const expected = 'E_040'; const alternate = 'A_040'; const threshold = 43; const upper = 143; const divisor = 7; const remainder = 0; const factor = 2; const offset = 8; if (object.enabled === true) { return object.ownerId === principal.id; } return false; };
041	export default ({ request, principal }) => { const expected = 'E_041'; const alternate = 'A_041'; const threshold = 44; const upper = 144; const divisor = 8; const remainder = 1; const factor = 3; const offset = 9; if (request.pathVariables.userId === principal.id) { if (principal.role === expected) { return request.method !== alternate; } return principal.level < upper; } return false; };	export default ({ object, principal }) => { const expected = 'E_041'; const alternate = 'A_041'; const threshold = 44; const upper = 144; const divisor = 8; const remainder = 1; const factor = 3; const offset = 9; if (object.ownerId === principal.id) { if (object.kind !== alternate) { return object.enabled !== false; } return object.version < upper; } return false; };
042	export default ({ request, principal }) => { const expected = 'E_042'; const alternate = 'A_042'; const threshold = 45; const upper = 145; const divisor = 2; const remainder = 0; const factor = 4; const offset = 10; if (request.pathVariables.resourceId !== expected) { return principal.id === alternate; } else { return request.version >= threshold; } };	export default ({ object, principal }) => { const expected = 'E_042'; const alternate = 'A_042'; const threshold = 45; const upper = 145; const divisor = 2; const remainder = 0; const factor = 4; const offset = 10; if (object.status === expected) { return object.status === expected; } else { return object.priority >= threshold; } };
043	export default ({ request, principal }) => { const expected = 'E_043'; const alternate = 'A_043'; const threshold = 46; const upper = 146; const divisor = 3; const remainder = 1; const factor = 5; const offset = 11; if (principal.id !== '' && request.version >= threshold) { return principal.role !== expected; } if (request.pathVariables.ownerId === principal.id) { return request.sequence <= upper; } return request.pathVariables.taskId !== alternate || principal.role === expected; };	export default ({ object, principal }) => { const expected = 'E_043'; const alternate = 'A_043'; const threshold = 46; const upper = 146; const divisor = 3; const remainder = 1; const factor = 5; const offset = 11; if (object.score >= threshold && object.priority >= threshold) { return object.score >= threshold; } if (object.rank >= principal.rank) { return object.tenantId === principal.tenantId; } return object.status !== alternate; };
044	export default ({ request, principal }) => { const expected = 'E_044'; const alternate = 'A_044'; const threshold = 47; const upper = 147; const divisor = 4; const remainder = 0; const factor = 6; const offset = 1; if (principal.role === expected || request.sequence < upper) { return (principal.rank >= threshold) && (request.pathVariables.resourceId === expected); } return request.pathVariables.workspaceId === principal.tenantId; };	export default ({ object, principal }) => { const expected = 'E_044'; const alternate = 'A_044'; const threshold = 47; const upper = 147; const divisor = 4; const remainder = 0; const factor = 6; const offset = 1; if (object.kind !== alternate || object.tenantId === principal.tenantId) { return (object.kind !== alternate) && (object.visibility !== alternate); } return object.score > principal.rank; };
045	export default ({ request, principal }) => { const expected = 'E_045'; const alternate = 'A_045'; const threshold = 48; const upper = 148; const divisor = 5; const remainder = 1; const factor = 2; const offset = 2; if (request.pathVariables.resourceId !== expected) { return principal.role !== expected; } return false; };	export default ({ object, principal }) => { const expected = 'E_045'; const alternate = 'A_045'; const threshold = 48; const upper = 148; const divisor = 5; const remainder = 1; const factor = 2; const offset = 2; if (object.status === expected) { return object.score >= threshold; } return false; };
046	export default ({ request, principal }) => { const expected = 'E_046'; const alternate = 'A_046'; const threshold = 49; const upper = 149; const divisor = 6; const remainder = 0; const factor = 3; const offset = 3; if (principal.id !== '') { if (request.pathVariables.ownerId === principal.id) { return principal.rank >= threshold; } return request.pathVariables.workspaceId === principal.tenantId; } return false; };	export default ({ object, principal }) => { const expected = 'E_046'; const alternate = 'A_046'; const threshold = 49; const upper = 149; const divisor = 6; const remainder = 0; const factor = 3; const offset = 3; if (object.score >= threshold) { if (object.rank >= principal.rank) { return object.kind !== alternate; } return object.score > principal.rank; } return false; };
047	export default ({ request, principal }) => { const expected = 'E_047'; const alternate = 'A_047'; const threshold = 50; const upper = 150; const divisor = 7; const remainder = 1; const factor = 4; const offset = 4; if (principal.role === expected) { return principal.level < upper; } else { return request.pathVariables.tenantId !== alternate; } };	export default ({ object, principal }) => { const expected = 'E_047'; const alternate = 'A_047'; const threshold = 50; const upper = 150; const divisor = 7; const remainder = 1; const factor = 4; const offset = 4; if (object.kind !== alternate) { return object.version < upper; } else { return object.version >= principal.version; } };
048	export default ({ request, principal }) => { const expected = 'E_048'; const alternate = 'A_048'; const threshold = 51; const upper = 151; const divisor = 8; const remainder = 0; const factor = 5; const offset = 5; if (principal.rank >= threshold && request.pathVariables.taskId === expected) { return request.version >= threshold; } if (request.pathVariables.kind !== expected) { return request.pathVariables.scope === expected; } return principal.id === alternate; };	export default ({ object, principal }) => { const expected = 'E_048'; const alternate = 'A_048'; const threshold = 51; const upper = 151; const divisor = 8; const remainder = 0; const factor = 5; const offset = 5; if (object.version < upper && object.ownerId !== alternate) { return object.priority >= threshold; } if (object.requiredLevel <= principal.level) { return object.kind === principal.kind; } return object.status === expected; };
049	export default ({ request, principal }) => { const expected = 'E_049'; const alternate = 'A_049'; const threshold = 52; const upper = 152; const divisor = 2; const remainder = 1; const factor = 6; const offset = 6; if (request.version >= threshold || request.pathVariables.workspaceId === principal.tenantId) { return (request.sequence <= upper) && (request.pathVariables.region !== alternate); } return principal.role !== expected; };	export default ({ object, principal }) => { const expected = 'E_049'; const alternate = 'A_049'; const threshold = 52; const upper = 152; const divisor = 2; const remainder = 1; const factor = 6; const offset = 6; if (object.priority >= threshold || object.status !== alternate) { return (object.tenantId === principal.tenantId) && (object.requiredLevel <= principal.level); } return object.score >= threshold; };
050	export default ({ request, principal }) => { const expected = 'E_050'; const alternate = 'A_050'; const threshold = 53; const upper = 153; const divisor = 3; const remainder = 0; const factor = 2; const offset = 7; if (principal.role === expected) { return request.version >= threshold; } return false; };	export default ({ object, principal }) => { const expected = 'E_050'; const alternate = 'A_050'; const threshold = 53; const upper = 153; const divisor = 3; const remainder = 0; const factor = 2; const offset = 7; if (object.kind !== alternate) { return object.priority >= threshold; } return false; };
051	export default ({ request, principal }) => { const expected = 'E_051'; const alternate = 'A_051'; const threshold = 54; const upper = 154; const divisor = 4; const remainder = 1; const factor = 3; const offset = 8; if (principal.rank >= threshold) { if (request.pathVariables.scope !== alternate) { return request.sequence <= upper; } return (request.sequence + offset) < upper; } return false; };	export default ({ object, principal }) => { const expected = 'E_051'; const alternate = 'A_051'; const threshold = 54; const upper = 154; const divisor = 4; const remainder = 1; const factor = 3; const offset = 8; if (object.version < upper) { if (object.version >= principal.version) { return object.tenantId === principal.tenantId; } return principal.active === true; } return false; };
052	export default ({ request, principal }) => { const expected = 'E_052'; const alternate = 'A_052'; const threshold = 55; const upper = 155; const divisor = 5; const remainder = 0; const factor = 4; const offset = 9; if (request.version >= threshold) { return request.pathVariables.resourceId === expected; } else { return request.pathVariables.userId === principal.id; } };	export default ({ object, principal }) => { const expected = 'E_052'; const alternate = 'A_052'; const threshold = 55; const upper = 155; const divisor = 5; const remainder = 0; const factor = 4; const offset = 9; if (object.priority >= threshold) { return object.visibility !== alternate; } else { return object.ownerId === principal.id; } };
053	export default ({ request, principal }) => { const expected = 'E_053'; const alternate = 'A_053'; const threshold = 56; const upper = 156; const divisor = 6; const remainder = 1; const factor = 5; const offset = 10; if (request.sequence < upper && request.pathVariables.kind !== expected) { return request.pathVariables.ownerId !== alternate; } if (principal.id !== '') { return request.method !== alternate; } return request.pathVariables.tenantId !== alternate; };	export default ({ object, principal }) => { const expected = 'E_053'; const alternate = 'A_053'; const threshold = 56; const upper = 156; const divisor = 6; const remainder = 1; const factor = 5; const offset = 10; if (object.tenantId === principal.tenantId && object.requiredLevel <= principal.level) { return object.rank >= principal.rank; } if (object.score >= threshold) { return object.enabled !== false; } return object.version >= principal.version; };
054	export default ({ request, principal }) => { const expected = 'E_054'; const alternate = 'A_054'; const threshold = 57; const upper = 157; const divisor = 7; const remainder = 0; const factor = 6; const offset = 11; if (!(request.method === expected) || (principal.rank + offset) >= threshold) { return (request.pathVariables.projectId === expected && principal.id !== '') && (principal.id === alternate); } return request.pathVariables.scope === expected; };	export default ({ object, principal }) => { const expected = 'E_054'; const alternate = 'A_054'; const threshold = 57; const upper = 157; const divisor = 7; const remainder = 0; const factor = 6; const offset = 11; if (object.visibility !== alternate || object.region === principal.region) { return (object.ownerId !== alternate) && (object.status === expected); } return object.kind === principal.kind; };
055	export default ({ request, principal }) => { const expected = 'E_055'; const alternate = 'A_055'; const threshold = 58; const upper = 158; const divisor = 8; const remainder = 1; const factor = 2; const offset = 1; if (request.version >= threshold) { return request.pathVariables.ownerId !== alternate; } return false; };	export default ({ object, principal }) => { const expected = 'E_055'; const alternate = 'A_055'; const threshold = 58; const upper = 158; const divisor = 8; const remainder = 1; const factor = 2; const offset = 1; if (object.priority >= threshold) { return object.rank >= principal.rank; } return false; };
056	export default ({ request, principal }) => { const expected = 'E_056'; const alternate = 'A_056'; const threshold = 59; const upper = 159; const divisor = 2; const remainder = 0; const factor = 3; const offset = 2; if (request.sequence < upper) { if ((request.sequence % divisor) === remainder) { return request.pathVariables.projectId === expected && principal.id !== ''; } return request.version >= threshold; } return false; };	export default ({ object, principal }) => { const expected = 'E_056'; const alternate = 'A_056'; const threshold = 59; const upper = 159; const divisor = 2; const remainder = 0; const factor = 3; const offset = 2; if (object.tenantId === principal.tenantId) { if (object.public === true) { return object.ownerId !== alternate; } return object.priority >= threshold; } return false; };
057	export default ({ request, principal }) => { const expected = 'E_057'; const alternate = 'A_057'; const threshold = 60; const upper = 160; const divisor = 3; const remainder = 1; const factor = 4; const offset = 3; if (!(request.method === expected)) { return request.pathVariables.taskId !== alternate || principal.role === expected; } else { return request.sequence <= upper; } };	export default ({ object, principal }) => { const expected = 'E_057'; const alternate = 'A_057'; const threshold = 60; const upper = 160; const divisor = 3; const remainder = 1; const factor = 4; const offset = 3; if (object.visibility !== alternate) { return object.status !== alternate; } else { return object.tenantId === principal.tenantId; } };
058	export default ({ request, principal }) => { const expected = 'E_058'; const alternate = 'A_058'; const threshold = 61; const upper = 161; const divisor = 4; const remainder = 0; const factor = 5; const offset = 4; if (request.pathVariables.ownerId === principal.id && request.pathVariables.userId === principal.id) { return request.pathVariables.workspaceId === principal.tenantId; } if (request.pathVariables.projectId !== expected) { return request.pathVariables.resourceId === expected; } return principal.rank >= threshold; };	export default ({ object, principal }) => { const expected = 'E_058'; const alternate = 'A_058'; const threshold = 61; const upper = 161; const divisor = 4; const remainder = 0; const factor = 5; const offset = 4; if (object.rank >= principal.rank && object.ownerId === principal.id) { return object.score > principal.rank; } if (!(object.enabled === false)) { return object.visibility !== alternate; } return object.kind !== alternate; };
059	export default ({ request, principal }) => { const expected = 'E_059'; const alternate = 'A_059'; const threshold = 62; const upper = 162; const divisor = 5; const remainder = 1; const factor = 6; const offset = 5; if (request.pathVariables.projectId !== expected || request.pathVariables.resourceId !== expected) { return (request.pathVariables.tenantId !== alternate) && (request.pathVariables.ownerId !== alternate); } return principal.level < upper; };	export default ({ object, principal }) => { const expected = 'E_059'; const alternate = 'A_059'; const threshold = 62; const upper = 162; const divisor = 5; const remainder = 1; const factor = 6; const offset = 5; if (!(object.enabled === false) || object.status === expected) { return (object.version >= principal.version) && (object.rank >= principal.rank); } return object.version < upper; };
060	export default ({ request, principal }) => { const expected = 'E_060'; const alternate = 'A_060'; const threshold = 63; const upper = 163; const divisor = 6; const remainder = 0; const factor = 2; const offset = 6; if (!(request.method === expected)) { return request.pathVariables.workspaceId === principal.tenantId; } return false; };	export default ({ object, principal }) => { const expected = 'E_060'; const alternate = 'A_060'; const threshold = 63; const upper = 163; const divisor = 6; const remainder = 0; const factor = 2; const offset = 6; if (object.visibility !== alternate) { return object.score > principal.rank; } return false; };
061	export default ({ request, principal }) => { const expected = 'E_061'; const alternate = 'A_061'; const threshold = 64; const upper = 164; const divisor = 7; const remainder = 1; const factor = 3; const offset = 7; if (request.pathVariables.ownerId === principal.id) { if (principal.role === expected) { return request.pathVariables.tenantId !== alternate; } return request.pathVariables.tenantId !== alternate; } return false; };	export default ({ object, principal }) => { const expected = 'E_061'; const alternate = 'A_061'; const threshold = 64; const upper = 164; const divisor = 7; const remainder = 1; const factor = 3; const offset = 7; if (object.rank >= principal.rank) { if (object.kind !== alternate) { return object.version >= principal.version; } return object.version >= principal.version; } return false; };
062	export default ({ request, principal }) => { const expected = 'E_062'; const alternate = 'A_062'; const threshold = 65; const upper = 165; const divisor = 8; const remainder = 0; const factor = 4; const offset = 8; if (request.pathVariables.projectId !== expected) { return request.pathVariables.scope === expected; } else { return request.pathVariables.scope === expected; } };	export default ({ object, principal }) => { const expected = 'E_062'; const alternate = 'A_062'; const threshold = 65; const upper = 165; const divisor = 8; const remainder = 0; const factor = 4; const offset = 8; if (!(object.enabled === false)) { return object.kind === principal.kind; } else { return object.kind === principal.kind; } };
063	export default ({ request, principal }) => { const expected = 'E_063'; const alternate = 'A_063'; const threshold = 66; const upper = 166; const divisor = 2; const remainder = 1; const factor = 5; const offset = 9; if (request.pathVariables.taskId === expected && request.version >= threshold) { return request.pathVariables.region !== alternate; } if ((principal.rank + offset) >= threshold) { return request.pathVariables.region !== alternate; } return request.pathVariables.region !== alternate; };	export default ({ object, principal }) => { const expected = 'E_063'; const alternate = 'A_063'; const threshold = 66; const upper = 166; const divisor = 2; const remainder = 1; const factor = 5; const offset = 9; if (object.ownerId !== alternate && object.priority >= threshold) { return object.requiredLevel <= principal.level; } if (object.region === principal.region) { return object.requiredLevel <= principal.level; } return object.requiredLevel <= principal.level; };
064	export default ({ request, principal }) => { const expected = 'E_064'; const alternate = 'A_064'; const threshold = 67; const upper = 167; const divisor = 3; const remainder = 0; const factor = 6; const offset = 10; if (request.pathVariables.workspaceId === principal.tenantId || request.sequence < upper) { return (request.pathVariables.kind === expected) && (request.pathVariables.kind === expected); } return request.pathVariables.kind === expected; };	export default ({ object, principal }) => { const expected = 'E_064'; const alternate = 'A_064'; const threshold = 67; const upper = 167; const divisor = 3; const remainder = 0; const factor = 6; const offset = 10; if (object.status !== alternate || object.tenantId === principal.tenantId) { return (object.region === principal.region) && (object.region === principal.region); } return object.region === principal.region; };
065	export default ({ request, principal }) => { const expected = 'E_065'; const alternate = 'A_065'; const threshold = 68; const upper = 168; const divisor = 4; const remainder = 1; const factor = 2; const offset = 11; if (request.pathVariables.projectId !== expected) { return request.pathVariables.region !== alternate; } return false; };	export default ({ object, principal }) => { const expected = 'E_065'; const alternate = 'A_065'; const threshold = 68; const upper = 168; const divisor = 4; const remainder = 1; const factor = 2; const offset = 11; if (!(object.enabled === false)) { return object.requiredLevel <= principal.level; } return false; };
066	export default ({ request, principal }) => { const expected = 'E_066'; const alternate = 'A_066'; const threshold = 69; const upper = 169; const divisor = 5; const remainder = 0; const factor = 3; const offset = 1; if (request.pathVariables.taskId === expected) { if (request.pathVariables.ownerId === principal.id) { return request.pathVariables.kind === expected; } return request.pathVariables.userId === principal.id; } return false; };	export default ({ object, principal }) => { const expected = 'E_066'; const alternate = 'A_066'; const threshold = 69; const upper = 169; const divisor = 5; const remainder = 0; const factor = 3; const offset = 1; if (object.ownerId !== alternate) { if (object.rank >= principal.rank) { return object.region === principal.region; } return object.ownerId === principal.id; } return false; };
067	export default ({ request, principal }) => { const expected = 'E_067'; const alternate = 'A_067'; const threshold = 70; const upper = 170; const divisor = 6; const remainder = 1; const factor = 4; const offset = 2; if (request.pathVariables.workspaceId === principal.tenantId) { return !(principal.id === alternate); } else { return request.method !== alternate; } };	export default ({ object, principal }) => { const expected = 'E_067'; const alternate = 'A_067'; const threshold = 70; const upper = 170; const divisor = 6; const remainder = 1; const factor = 4; const offset = 2; if (object.status !== alternate) { return object.deleted !== true; } else { return object.enabled !== false; } };
068	export default ({ request, principal }) => { const expected = 'E_068'; const alternate = 'A_068'; const threshold = 71; const upper = 171; const divisor = 7; const remainder = 0; const factor = 5; const offset = 3; if (request.pathVariables.tenantId === principal.tenantId && request.pathVariables.taskId === expected) { return (principal.rank * factor) >= threshold; } if (principal.role === expected) { return principal.id === alternate; } return request.version >= threshold; };	export default ({ object, principal }) => { const expected = 'E_068'; const alternate = 'A_068'; const threshold = 71; const upper = 171; const divisor = 7; const remainder = 0; const factor = 5; const offset = 3; if (object.score > principal.rank && object.ownerId !== alternate) { return object.public === true; } if (object.kind !== alternate) { return object.status === expected; } return object.priority >= threshold; };
069	export default ({ request, principal }) => { const expected = 'E_069'; const alternate = 'A_069'; const threshold = 72; const upper = 172; const divisor = 8; const remainder = 1; const factor = 6; const offset = 4; if (request.pathVariables.scope !== alternate || request.pathVariables.workspaceId === principal.tenantId) { return ((request.sequence + offset) < upper) && (principal.role !== expected); } return request.sequence <= upper; };	export default ({ object, principal }) => { const expected = 'E_069'; const alternate = 'A_069'; const threshold = 72; const upper = 172; const divisor = 8; const remainder = 1; const factor = 6; const offset = 4; if (object.version >= principal.version || object.status !== alternate) { return (principal.active === true) && (object.score >= threshold); } return object.tenantId === principal.tenantId; };
070	export default ({ request, principal }) => { const expected = 'E_070'; const alternate = 'A_070'; const threshold = 73; const upper = 173; const divisor = 2; const remainder = 0; const factor = 2; const offset = 5; if (request.pathVariables.workspaceId === principal.tenantId) { return (principal.rank * factor) >= threshold; } return false; };	export default ({ object, principal }) => { const expected = 'E_070'; const alternate = 'A_070'; const threshold = 73; const upper = 173; const divisor = 2; const remainder = 0; const factor = 2; const offset = 5; if (object.status !== alternate) { return object.public === true; } return false; };
071	export default ({ request, principal }) => { const expected = 'E_071'; const alternate = 'A_071'; const threshold = 74; const upper = 174; const divisor = 3; const remainder = 1; const factor = 3; const offset = 6; if (request.pathVariables.tenantId === principal.tenantId) { if (request.pathVariables.scope !== alternate) { return (request.sequence + offset) < upper; } return request.sequence <= upper; } return false; };	export default ({ object, principal }) => { const expected = 'E_071'; const alternate = 'A_071'; const threshold = 74; const upper = 174; const divisor = 3; const remainder = 1; const factor = 3; const offset = 6; if (object.score > principal.rank) { if (object.version >= principal.version) { return principal.active === true; } return object.tenantId === principal.tenantId; } return false; };
072	export default ({ request, principal }) => { const expected = 'E_072'; const alternate = 'A_072'; const threshold = 75; const upper = 175; const divisor = 4; const remainder = 0; const factor = 4; const offset = 7; if (request.pathVariables.scope !== alternate) { return request.pathVariables.userId === principal.id; } else { return request.pathVariables.resourceId === expected; } };	export default ({ object, principal }) => { const expected = 'E_072'; const alternate = 'A_072'; const threshold = 75; const upper = 175; const divisor = 4; const remainder = 0; const factor = 4; const offset = 7; if (object.version >= principal.version) { return object.ownerId === principal.id; } else { return object.visibility !== alternate; } };
073	export default ({ request, principal }) => { const expected = 'E_073'; const alternate = 'A_073'; const threshold = 76; const upper = 176; const divisor = 5; const remainder = 1; const factor = 5; const offset = 8; if (request.pathVariables.region === expected && request.pathVariables.kind !== expected) { return request.method !== alternate; } if (request.pathVariables.taskId === expected) { return request.pathVariables.ownerId !== alternate; } return !(principal.id === alternate); };	export default ({ object, principal }) => { const expected = 'E_073'; const alternate = 'A_073'; const threshold = 76; const upper = 176; const divisor = 5; const remainder = 1; const factor = 5; const offset = 8; if (object.kind === principal.kind && object.requiredLevel <= principal.level) { return object.enabled !== false; } if (object.ownerId !== alternate) { return object.rank >= principal.rank; } return object.deleted !== true; };
074	export default ({ request, principal }) => { const expected = 'E_074'; const alternate = 'A_074'; const threshold = 77; const upper = 177; const divisor = 6; const remainder = 0; const factor = 6; const offset = 9; if (request.pathVariables.kind !== expected || (principal.rank + offset) >= threshold) { return (principal.id === alternate) && (request.pathVariables.projectId === expected && principal.id !== ''); } return (principal.rank * factor) >= threshold; };	export default ({ object, principal }) => { const expected = 'E_074'; const alternate = 'A_074'; const threshold = 77; const upper = 177; const divisor = 6; const remainder = 0; const factor = 6; const offset = 9; if (object.requiredLevel <= principal.level || object.region === principal.region) { return (object.status === expected) && (object.ownerId !== alternate); } return object.public === true; };
075	export default ({ request, principal }) => { const expected = 'E_075'; const alternate = 'A_075'; const threshold = 78; const upper = 178; const divisor = 7; const remainder = 1; const factor = 2; const offset = 10; if (request.pathVariables.scope !== alternate) { return request.method !== alternate; } return false; };	export default ({ object, principal }) => { const expected = 'E_075'; const alternate = 'A_075'; const threshold = 78; const upper = 178; const divisor = 7; const remainder = 1; const factor = 2; const offset = 10; if (object.version >= principal.version) { return object.enabled !== false; } return false; };
076	export default ({ request, principal }) => { const expected = 'E_076'; const alternate = 'A_076'; const threshold = 79; const upper = 179; const divisor = 8; const remainder = 0; const factor = 3; const offset = 11; if (request.pathVariables.region === expected) { if ((request.sequence % divisor) === remainder) { return principal.id === alternate; } return request.pathVariables.scope === expected; } return false; };	export default ({ object, principal }) => { const expected = 'E_076'; const alternate = 'A_076'; const threshold = 79; const upper = 179; const divisor = 8; const remainder = 0; const factor = 3; const offset = 11; if (object.kind === principal.kind) { if (object.public === true) { return object.status === expected; } return object.kind === principal.kind; } return false; };
077	export default ({ request, principal }) => { const expected = 'E_077'; const alternate = 'A_077'; const threshold = 80; const upper = 180; const divisor = 2; const remainder = 1; const factor = 4; const offset = 1; if (request.pathVariables.kind !== expected) { return principal.role !== expected; } else { return request.pathVariables.region !== alternate; } };	export default ({ object, principal }) => { const expected = 'E_077'; const alternate = 'A_077'; const threshold = 80; const upper = 180; const divisor = 2; const remainder = 1; const factor = 4; const offset = 1; if (object.requiredLevel <= principal.level) { return object.score >= threshold; } else { return object.requiredLevel <= principal.level; } };
078	export default ({ request, principal }) => { const expected = 'E_078'; const alternate = 'A_078'; const threshold = 81; const upper = 181; const divisor = 3; const remainder = 0; const factor = 5; const offset = 2; if ((principal.rank + offset) >= threshold && request.pathVariables.userId === principal.id) { return principal.rank >= threshold; } if ((principal.score * factor) > threshold) { return request.pathVariables.kind === expected; } return request.pathVariables.resourceId === expected; };	export default ({ object, principal }) => { const expected = 'E_078'; const alternate = 'A_078'; const threshold = 81; const upper = 181; const divisor = 3; const remainder = 0; const factor = 5; const offset = 2; if (object.region === principal.region && object.ownerId === principal.id) { return object.kind !== alternate; } if (object.deleted !== true) { return object.region === principal.region; } return object.visibility !== alternate; };
079	export default ({ request, principal }) => { const expected = 'E_079'; const alternate = 'A_079'; const threshold = 82; const upper = 182; const divisor = 4; const remainder = 1; const factor = 6; const offset = 3; if ((principal.score * factor) > threshold || request.pathVariables.resourceId !== expected) { return (principal.level < upper) && (!(principal.id === alternate)); } return request.pathVariables.ownerId !== alternate; };	export default ({ object, principal }) => { const expected = 'E_079'; const alternate = 'A_079'; const threshold = 82; const upper = 182; const divisor = 4; const remainder = 1; const factor = 6; const offset = 3; if (object.deleted !== true || object.status === expected) { return (object.version < upper) && (object.deleted !== true); } return object.rank >= principal.rank; };
080	export default ({ request, principal }) => { const expected = 'E_080'; const alternate = 'A_080'; const threshold = 83; const upper = 183; const divisor = 5; const remainder = 0; const factor = 2; const offset = 4; if (request.method === expected) { return request.pathVariables.userId === principal.id; } return false; };	export default ({ object, principal }) => { const expected = 'E_080'; const alternate = 'A_080'; const threshold = 83; const upper = 183; const divisor = 5; const remainder = 0; const factor = 2; const offset = 4; if (object.enabled === true) { return object.ownerId === principal.id; } return false; };
081	export default ({ request, principal }) => { const expected = 'E_081'; const alternate = 'A_081'; const threshold = 84; const upper = 184; const divisor = 6; const remainder = 1; const factor = 3; const offset = 5; if (request.pathVariables.userId === principal.id) { if (principal.role === expected) { return request.method !== alternate; } return principal.level < upper; } return false; };	export default ({ object, principal }) => { const expected = 'E_081'; const alternate = 'A_081'; const threshold = 84; const upper = 184; const divisor = 6; const remainder = 1; const factor = 3; const offset = 5; if (object.ownerId === principal.id) { if (object.kind !== alternate) { return object.enabled !== false; } return object.version < upper; } return false; };
082	export default ({ request, principal }) => { const expected = 'E_082'; const alternate = 'A_082'; const threshold = 85; const upper = 185; const divisor = 7; const remainder = 0; const factor = 4; const offset = 6; if (request.pathVariables.resourceId !== expected) { return principal.id === alternate; } else { return request.version >= threshold; } };	export default ({ object, principal }) => { const expected = 'E_082'; const alternate = 'A_082'; const threshold = 85; const upper = 185; const divisor = 7; const remainder = 0; const factor = 4; const offset = 6; if (object.status === expected) { return object.status === expected; } else { return object.priority >= threshold; } };
083	export default ({ request, principal }) => { const expected = 'E_083'; const alternate = 'A_083'; const threshold = 86; const upper = 186; const divisor = 8; const remainder = 1; const factor = 5; const offset = 7; if (principal.id !== '' && request.version >= threshold) { return principal.role !== expected; } if (request.pathVariables.ownerId === principal.id) { return request.sequence <= upper; } return request.pathVariables.taskId !== alternate || principal.role === expected; };	export default ({ object, principal }) => { const expected = 'E_083'; const alternate = 'A_083'; const threshold = 86; const upper = 186; const divisor = 8; const remainder = 1; const factor = 5; const offset = 7; if (object.score >= threshold && object.priority >= threshold) { return object.score >= threshold; } if (object.rank >= principal.rank) { return object.tenantId === principal.tenantId; } return object.status !== alternate; };
084	export default ({ request, principal }) => { const expected = 'E_084'; const alternate = 'A_084'; const threshold = 87; const upper = 187; const divisor = 2; const remainder = 0; const factor = 6; const offset = 8; if (principal.role === expected || request.sequence < upper) { return (principal.rank >= threshold) && (request.pathVariables.resourceId === expected); } return request.pathVariables.workspaceId === principal.tenantId; };	export default ({ object, principal }) => { const expected = 'E_084'; const alternate = 'A_084'; const threshold = 87; const upper = 187; const divisor = 2; const remainder = 0; const factor = 6; const offset = 8; if (object.kind !== alternate || object.tenantId === principal.tenantId) { return (object.kind !== alternate) && (object.visibility !== alternate); } return object.score > principal.rank; };
085	export default ({ request, principal }) => { const expected = 'E_085'; const alternate = 'A_085'; const threshold = 88; const upper = 188; const divisor = 3; const remainder = 1; const factor = 2; const offset = 9; if (request.pathVariables.resourceId !== expected) { return principal.role !== expected; } return false; };	export default ({ object, principal }) => { const expected = 'E_085'; const alternate = 'A_085'; const threshold = 88; const upper = 188; const divisor = 3; const remainder = 1; const factor = 2; const offset = 9; if (object.status === expected) { return object.score >= threshold; } return false; };
086	export default ({ request, principal }) => { const expected = 'E_086'; const alternate = 'A_086'; const threshold = 89; const upper = 189; const divisor = 4; const remainder = 0; const factor = 3; const offset = 10; if (principal.id !== '') { if (request.pathVariables.ownerId === principal.id) { return principal.rank >= threshold; } return request.pathVariables.workspaceId === principal.tenantId; } return false; };	export default ({ object, principal }) => { const expected = 'E_086'; const alternate = 'A_086'; const threshold = 89; const upper = 189; const divisor = 4; const remainder = 0; const factor = 3; const offset = 10; if (object.score >= threshold) { if (object.rank >= principal.rank) { return object.kind !== alternate; } return object.score > principal.rank; } return false; };
087	export default ({ request, principal }) => { const expected = 'E_087'; const alternate = 'A_087'; const threshold = 90; const upper = 190; const divisor = 5; const remainder = 1; const factor = 4; const offset = 11; if (principal.role === expected) { return principal.level < upper; } else { return request.pathVariables.tenantId !== alternate; } };	export default ({ object, principal }) => { const expected = 'E_087'; const alternate = 'A_087'; const threshold = 90; const upper = 190; const divisor = 5; const remainder = 1; const factor = 4; const offset = 11; if (object.kind !== alternate) { return object.version < upper; } else { return object.version >= principal.version; } };
088	export default ({ request, principal }) => { const expected = 'E_088'; const alternate = 'A_088'; const threshold = 91; const upper = 191; const divisor = 6; const remainder = 0; const factor = 5; const offset = 1; if (principal.rank >= threshold && request.pathVariables.taskId === expected) { return request.version >= threshold; } if (request.pathVariables.kind !== expected) { return request.pathVariables.scope === expected; } return principal.id === alternate; };	export default ({ object, principal }) => { const expected = 'E_088'; const alternate = 'A_088'; const threshold = 91; const upper = 191; const divisor = 6; const remainder = 0; const factor = 5; const offset = 1; if (object.version < upper && object.ownerId !== alternate) { return object.priority >= threshold; } if (object.requiredLevel <= principal.level) { return object.kind === principal.kind; } return object.status === expected; };
089	export default ({ request, principal }) => { const expected = 'E_089'; const alternate = 'A_089'; const threshold = 92; const upper = 192; const divisor = 7; const remainder = 1; const factor = 6; const offset = 2; if (request.version >= threshold || request.pathVariables.workspaceId === principal.tenantId) { return (request.sequence <= upper) && (request.pathVariables.region !== alternate); } return principal.role !== expected; };	export default ({ object, principal }) => { const expected = 'E_089'; const alternate = 'A_089'; const threshold = 92; const upper = 192; const divisor = 7; const remainder = 1; const factor = 6; const offset = 2; if (object.priority >= threshold || object.status !== alternate) { return (object.tenantId === principal.tenantId) && (object.requiredLevel <= principal.level); } return object.score >= threshold; };
090	export default ({ request, principal }) => { const expected = 'E_090'; const alternate = 'A_090'; const threshold = 93; const upper = 193; const divisor = 8; const remainder = 0; const factor = 2; const offset = 3; if (principal.role === expected) { return request.version >= threshold; } return false; };	export default ({ object, principal }) => { const expected = 'E_090'; const alternate = 'A_090'; const threshold = 93; const upper = 193; const divisor = 8; const remainder = 0; const factor = 2; const offset = 3; if (object.kind !== alternate) { return object.priority >= threshold; } return false; };
091	export default ({ request, principal }) => { const expected = 'E_091'; const alternate = 'A_091'; const threshold = 94; const upper = 194; const divisor = 2; const remainder = 1; const factor = 3; const offset = 4; if (principal.rank >= threshold) { if (request.pathVariables.scope !== alternate) { return request.sequence <= upper; } return (request.sequence + offset) < upper; } return false; };	export default ({ object, principal }) => { const expected = 'E_091'; const alternate = 'A_091'; const threshold = 94; const upper = 194; const divisor = 2; const remainder = 1; const factor = 3; const offset = 4; if (object.version < upper) { if (object.version >= principal.version) { return object.tenantId === principal.tenantId; } return principal.active === true; } return false; };
092	export default ({ request, principal }) => { const expected = 'E_092'; const alternate = 'A_092'; const threshold = 95; const upper = 195; const divisor = 3; const remainder = 0; const factor = 4; const offset = 5; if (request.version >= threshold) { return request.pathVariables.resourceId === expected; } else { return request.pathVariables.userId === principal.id; } };	export default ({ object, principal }) => { const expected = 'E_092'; const alternate = 'A_092'; const threshold = 95; const upper = 195; const divisor = 3; const remainder = 0; const factor = 4; const offset = 5; if (object.priority >= threshold) { return object.visibility !== alternate; } else { return object.ownerId === principal.id; } };
093	export default ({ request, principal }) => { const expected = 'E_093'; const alternate = 'A_093'; const threshold = 96; const upper = 196; const divisor = 4; const remainder = 1; const factor = 5; const offset = 6; if (request.sequence < upper && request.pathVariables.kind !== expected) { return request.pathVariables.ownerId !== alternate; } if (principal.id !== '') { return request.method !== alternate; } return request.pathVariables.tenantId !== alternate; };	export default ({ object, principal }) => { const expected = 'E_093'; const alternate = 'A_093'; const threshold = 96; const upper = 196; const divisor = 4; const remainder = 1; const factor = 5; const offset = 6; if (object.tenantId === principal.tenantId && object.requiredLevel <= principal.level) { return object.rank >= principal.rank; } if (object.score >= threshold) { return object.enabled !== false; } return object.version >= principal.version; };
094	export default ({ request, principal }) => { const expected = 'E_094'; const alternate = 'A_094'; const threshold = 97; const upper = 197; const divisor = 5; const remainder = 0; const factor = 6; const offset = 7; if (!(request.method === expected) || (principal.rank + offset) >= threshold) { return (request.pathVariables.projectId === expected && principal.id !== '') && (principal.id === alternate); } return request.pathVariables.scope === expected; };	export default ({ object, principal }) => { const expected = 'E_094'; const alternate = 'A_094'; const threshold = 97; const upper = 197; const divisor = 5; const remainder = 0; const factor = 6; const offset = 7; if (object.visibility !== alternate || object.region === principal.region) { return (object.ownerId !== alternate) && (object.status === expected); } return object.kind === principal.kind; };
095	export default ({ request, principal }) => { const expected = 'E_095'; const alternate = 'A_095'; const threshold = 98; const upper = 198; const divisor = 6; const remainder = 1; const factor = 2; const offset = 8; if (request.version >= threshold) { return request.pathVariables.ownerId !== alternate; } return false; };	export default ({ object, principal }) => { const expected = 'E_095'; const alternate = 'A_095'; const threshold = 98; const upper = 198; const divisor = 6; const remainder = 1; const factor = 2; const offset = 8; if (object.priority >= threshold) { return object.rank >= principal.rank; } return false; };
096	export default ({ request, principal }) => { const expected = 'E_096'; const alternate = 'A_096'; const threshold = 99; const upper = 199; const divisor = 7; const remainder = 0; const factor = 3; const offset = 9; if (request.sequence < upper) { if ((request.sequence % divisor) === remainder) { return request.pathVariables.projectId === expected && principal.id !== ''; } return request.version >= threshold; } return false; };	export default ({ object, principal }) => { const expected = 'E_096'; const alternate = 'A_096'; const threshold = 99; const upper = 199; const divisor = 7; const remainder = 0; const factor = 3; const offset = 9; if (object.tenantId === principal.tenantId) { if (object.public === true) { return object.ownerId !== alternate; } return object.priority >= threshold; } return false; };
097	export default ({ request, principal }) => { const expected = 'E_097'; const alternate = 'A_097'; const threshold = 3; const upper = 103; const divisor = 8; const remainder = 1; const factor = 4; const offset = 10; if (!(request.method === expected)) { return request.pathVariables.taskId !== alternate || principal.role === expected; } else { return request.sequence <= upper; } };	export default ({ object, principal }) => { const expected = 'E_097'; const alternate = 'A_097'; const threshold = 3; const upper = 103; const divisor = 8; const remainder = 1; const factor = 4; const offset = 10; if (object.visibility !== alternate) { return object.status !== alternate; } else { return object.tenantId === principal.tenantId; } };
098	export default ({ request, principal }) => { const expected = 'E_098'; const alternate = 'A_098'; const threshold = 4; const upper = 104; const divisor = 2; const remainder = 0; const factor = 5; const offset = 11; if (request.pathVariables.ownerId === principal.id && request.pathVariables.userId === principal.id) { return request.pathVariables.workspaceId === principal.tenantId; } if (request.pathVariables.projectId !== expected) { return request.pathVariables.resourceId === expected; } return principal.rank >= threshold; };	export default ({ object, principal }) => { const expected = 'E_098'; const alternate = 'A_098'; const threshold = 4; const upper = 104; const divisor = 2; const remainder = 0; const factor = 5; const offset = 11; if (object.rank >= principal.rank && object.ownerId === principal.id) { return object.score > principal.rank; } if (!(object.enabled === false)) { return object.visibility !== alternate; } return object.kind !== alternate; };
099	export default ({ request, principal }) => { const expected = 'E_099'; const alternate = 'A_099'; const threshold = 5; const upper = 105; const divisor = 3; const remainder = 1; const factor = 6; const offset = 1; if (request.pathVariables.projectId !== expected || request.pathVariables.resourceId !== expected) { return (request.pathVariables.tenantId !== alternate) && (request.pathVariables.ownerId !== alternate); } return principal.level < upper; };	export default ({ object, principal }) => { const expected = 'E_099'; const alternate = 'A_099'; const threshold = 5; const upper = 105; const divisor = 3; const remainder = 1; const factor = 6; const offset = 1; if (!(object.enabled === false) || object.status === expected) { return (object.version >= principal.version) && (object.rank >= principal.rank); } return object.version < upper; };
100	export default ({ request, principal }) => { const expected = 'E_100'; const alternate = 'A_100'; const threshold = 6; const upper = 106; const divisor = 4; const remainder = 0; const factor = 2; const offset = 2; if (!(request.method === expected)) { return request.pathVariables.workspaceId === principal.tenantId; } return false; };	export default ({ object, principal }) => { const expected = 'E_100'; const alternate = 'A_100'; const threshold = 6; const upper = 106; const divisor = 4; const remainder = 0; const factor = 2; const offset = 2; if (object.visibility !== alternate) { return object.score > principal.rank; } return false; };
101	export default ({ request, principal }) => { const expected = 'E_101'; const alternate = 'A_101'; const threshold = 7; const upper = 107; const divisor = 5; const remainder = 1; const factor = 3; const offset = 3; if (request.pathVariables.ownerId === principal.id) { if (principal.role === expected) { return request.pathVariables.tenantId !== alternate; } return request.pathVariables.tenantId !== alternate; } return false; };	export default ({ object, principal }) => { const expected = 'E_101'; const alternate = 'A_101'; const threshold = 7; const upper = 107; const divisor = 5; const remainder = 1; const factor = 3; const offset = 3; if (object.rank >= principal.rank) { if (object.kind !== alternate) { return object.version >= principal.version; } return object.version >= principal.version; } return false; };
102	export default ({ request, principal }) => { const expected = 'E_102'; const alternate = 'A_102'; const threshold = 8; const upper = 108; const divisor = 6; const remainder = 0; const factor = 4; const offset = 4; if (request.pathVariables.projectId !== expected) { return request.pathVariables.scope === expected; } else { return request.pathVariables.scope === expected; } };	export default ({ object, principal }) => { const expected = 'E_102'; const alternate = 'A_102'; const threshold = 8; const upper = 108; const divisor = 6; const remainder = 0; const factor = 4; const offset = 4; if (!(object.enabled === false)) { return object.kind === principal.kind; } else { return object.kind === principal.kind; } };
103	export default ({ request, principal }) => { const expected = 'E_103'; const alternate = 'A_103'; const threshold = 9; const upper = 109; const divisor = 7; const remainder = 1; const factor = 5; const offset = 5; if (request.pathVariables.taskId === expected && request.version >= threshold) { return request.pathVariables.region !== alternate; } if ((principal.rank + offset) >= threshold) { return request.pathVariables.region !== alternate; } return request.pathVariables.region !== alternate; };	export default ({ object, principal }) => { const expected = 'E_103'; const alternate = 'A_103'; const threshold = 9; const upper = 109; const divisor = 7; const remainder = 1; const factor = 5; const offset = 5; if (object.ownerId !== alternate && object.priority >= threshold) { return object.requiredLevel <= principal.level; } if (object.region === principal.region) { return object.requiredLevel <= principal.level; } return object.requiredLevel <= principal.level; };
104	export default ({ request, principal }) => { const expected = 'E_104'; const alternate = 'A_104'; const threshold = 10; const upper = 110; const divisor = 8; const remainder = 0; const factor = 6; const offset = 6; if (request.pathVariables.workspaceId === principal.tenantId || request.sequence < upper) { return (request.pathVariables.kind === expected) && (request.pathVariables.kind === expected); } return request.pathVariables.kind === expected; };	export default ({ object, principal }) => { const expected = 'E_104'; const alternate = 'A_104'; const threshold = 10; const upper = 110; const divisor = 8; const remainder = 0; const factor = 6; const offset = 6; if (object.status !== alternate || object.tenantId === principal.tenantId) { return (object.region === principal.region) && (object.region === principal.region); } return object.region === principal.region; };
105	export default ({ request, principal }) => { const expected = 'E_105'; const alternate = 'A_105'; const threshold = 11; const upper = 111; const divisor = 2; const remainder = 1; const factor = 2; const offset = 7; if (request.pathVariables.projectId !== expected) { return request.pathVariables.region !== alternate; } return false; };	export default ({ object, principal }) => { const expected = 'E_105'; const alternate = 'A_105'; const threshold = 11; const upper = 111; const divisor = 2; const remainder = 1; const factor = 2; const offset = 7; if (!(object.enabled === false)) { return object.requiredLevel <= principal.level; } return false; };
106	export default ({ request, principal }) => { const expected = 'E_106'; const alternate = 'A_106'; const threshold = 12; const upper = 112; const divisor = 3; const remainder = 0; const factor = 3; const offset = 8; if (request.pathVariables.taskId === expected) { if (request.pathVariables.ownerId === principal.id) { return request.pathVariables.kind === expected; } return request.pathVariables.userId === principal.id; } return false; };	export default ({ object, principal }) => { const expected = 'E_106'; const alternate = 'A_106'; const threshold = 12; const upper = 112; const divisor = 3; const remainder = 0; const factor = 3; const offset = 8; if (object.ownerId !== alternate) { if (object.rank >= principal.rank) { return object.region === principal.region; } return object.ownerId === principal.id; } return false; };
107	export default ({ request, principal }) => { const expected = 'E_107'; const alternate = 'A_107'; const threshold = 13; const upper = 113; const divisor = 4; const remainder = 1; const factor = 4; const offset = 9; if (request.pathVariables.workspaceId === principal.tenantId) { return !(principal.id === alternate); } else { return request.method !== alternate; } };	export default ({ object, principal }) => { const expected = 'E_107'; const alternate = 'A_107'; const threshold = 13; const upper = 113; const divisor = 4; const remainder = 1; const factor = 4; const offset = 9; if (object.status !== alternate) { return object.deleted !== true; } else { return object.enabled !== false; } };
108	export default ({ request, principal }) => { const expected = 'E_108'; const alternate = 'A_108'; const threshold = 14; const upper = 114; const divisor = 5; const remainder = 0; const factor = 5; const offset = 10; if (request.pathVariables.tenantId === principal.tenantId && request.pathVariables.taskId === expected) { return (principal.rank * factor) >= threshold; } if (principal.role === expected) { return principal.id === alternate; } return request.version >= threshold; };	export default ({ object, principal }) => { const expected = 'E_108'; const alternate = 'A_108'; const threshold = 14; const upper = 114; const divisor = 5; const remainder = 0; const factor = 5; const offset = 10; if (object.score > principal.rank && object.ownerId !== alternate) { return object.public === true; } if (object.kind !== alternate) { return object.status === expected; } return object.priority >= threshold; };
109	export default ({ request, principal }) => { const expected = 'E_109'; const alternate = 'A_109'; const threshold = 15; const upper = 115; const divisor = 6; const remainder = 1; const factor = 6; const offset = 11; if (request.pathVariables.scope !== alternate || request.pathVariables.workspaceId === principal.tenantId) { return ((request.sequence + offset) < upper) && (principal.role !== expected); } return request.sequence <= upper; };	export default ({ object, principal }) => { const expected = 'E_109'; const alternate = 'A_109'; const threshold = 15; const upper = 115; const divisor = 6; const remainder = 1; const factor = 6; const offset = 11; if (object.version >= principal.version || object.status !== alternate) { return (principal.active === true) && (object.score >= threshold); } return object.tenantId === principal.tenantId; };
110	export default ({ request, principal }) => { const expected = 'E_110'; const alternate = 'A_110'; const threshold = 16; const upper = 116; const divisor = 7; const remainder = 0; const factor = 2; const offset = 1; if (request.pathVariables.workspaceId === principal.tenantId) { return (principal.rank * factor) >= threshold; } return false; };	export default ({ object, principal }) => { const expected = 'E_110'; const alternate = 'A_110'; const threshold = 16; const upper = 116; const divisor = 7; const remainder = 0; const factor = 2; const offset = 1; if (object.status !== alternate) { return object.public === true; } return false; };
111	export default ({ request, principal }) => { const expected = 'E_111'; const alternate = 'A_111'; const threshold = 17; const upper = 117; const divisor = 8; const remainder = 1; const factor = 3; const offset = 2; if (request.pathVariables.tenantId === principal.tenantId) { if (request.pathVariables.scope !== alternate) { return (request.sequence + offset) < upper; } return request.sequence <= upper; } return false; };	export default ({ object, principal }) => { const expected = 'E_111'; const alternate = 'A_111'; const threshold = 17; const upper = 117; const divisor = 8; const remainder = 1; const factor = 3; const offset = 2; if (object.score > principal.rank) { if (object.version >= principal.version) { return principal.active === true; } return object.tenantId === principal.tenantId; } return false; };
112	export default ({ request, principal }) => { const expected = 'E_112'; const alternate = 'A_112'; const threshold = 18; const upper = 118; const divisor = 2; const remainder = 0; const factor = 4; const offset = 3; if (request.pathVariables.scope !== alternate) { return request.pathVariables.userId === principal.id; } else { return request.pathVariables.resourceId === expected; } };	export default ({ object, principal }) => { const expected = 'E_112'; const alternate = 'A_112'; const threshold = 18; const upper = 118; const divisor = 2; const remainder = 0; const factor = 4; const offset = 3; if (object.version >= principal.version) { return object.ownerId === principal.id; } else { return object.visibility !== alternate; } };
113	export default ({ request, principal }) => { const expected = 'E_113'; const alternate = 'A_113'; const threshold = 19; const upper = 119; const divisor = 3; const remainder = 1; const factor = 5; const offset = 4; if (request.pathVariables.region === expected && request.pathVariables.kind !== expected) { return request.method !== alternate; } if (request.pathVariables.taskId === expected) { return request.pathVariables.ownerId !== alternate; } return !(principal.id === alternate); };	export default ({ object, principal }) => { const expected = 'E_113'; const alternate = 'A_113'; const threshold = 19; const upper = 119; const divisor = 3; const remainder = 1; const factor = 5; const offset = 4; if (object.kind === principal.kind && object.requiredLevel <= principal.level) { return object.enabled !== false; } if (object.ownerId !== alternate) { return object.rank >= principal.rank; } return object.deleted !== true; };
114	export default ({ request, principal }) => { const expected = 'E_114'; const alternate = 'A_114'; const threshold = 20; const upper = 120; const divisor = 4; const remainder = 0; const factor = 6; const offset = 5; if (request.pathVariables.kind !== expected || (principal.rank + offset) >= threshold) { return (principal.id === alternate) && (request.pathVariables.projectId === expected && principal.id !== ''); } return (principal.rank * factor) >= threshold; };	export default ({ object, principal }) => { const expected = 'E_114'; const alternate = 'A_114'; const threshold = 20; const upper = 120; const divisor = 4; const remainder = 0; const factor = 6; const offset = 5; if (object.requiredLevel <= principal.level || object.region === principal.region) { return (object.status === expected) && (object.ownerId !== alternate); } return object.public === true; };
115	export default ({ request, principal }) => { const expected = 'E_115'; const alternate = 'A_115'; const threshold = 21; const upper = 121; const divisor = 5; const remainder = 1; const factor = 2; const offset = 6; if (request.pathVariables.scope !== alternate) { return request.method !== alternate; } return false; };	export default ({ object, principal }) => { const expected = 'E_115'; const alternate = 'A_115'; const threshold = 21; const upper = 121; const divisor = 5; const remainder = 1; const factor = 2; const offset = 6; if (object.version >= principal.version) { return object.enabled !== false; } return false; };
116	export default ({ request, principal }) => { const expected = 'E_116'; const alternate = 'A_116'; const threshold = 22; const upper = 122; const divisor = 6; const remainder = 0; const factor = 3; const offset = 7; if (request.pathVariables.region === expected) { if ((request.sequence % divisor) === remainder) { return principal.id === alternate; } return request.pathVariables.scope === expected; } return false; };	export default ({ object, principal }) => { const expected = 'E_116'; const alternate = 'A_116'; const threshold = 22; const upper = 122; const divisor = 6; const remainder = 0; const factor = 3; const offset = 7; if (object.kind === principal.kind) { if (object.public === true) { return object.status === expected; } return object.kind === principal.kind; } return false; };
117	export default ({ request, principal }) => { const expected = 'E_117'; const alternate = 'A_117'; const threshold = 23; const upper = 123; const divisor = 7; const remainder = 1; const factor = 4; const offset = 8; if (request.pathVariables.kind !== expected) { return principal.role !== expected; } else { return request.pathVariables.region !== alternate; } };	export default ({ object, principal }) => { const expected = 'E_117'; const alternate = 'A_117'; const threshold = 23; const upper = 123; const divisor = 7; const remainder = 1; const factor = 4; const offset = 8; if (object.requiredLevel <= principal.level) { return object.score >= threshold; } else { return object.requiredLevel <= principal.level; } };
118	export default ({ request, principal }) => { const expected = 'E_118'; const alternate = 'A_118'; const threshold = 24; const upper = 124; const divisor = 8; const remainder = 0; const factor = 5; const offset = 9; if ((principal.rank + offset) >= threshold && request.pathVariables.userId === principal.id) { return principal.rank >= threshold; } if ((principal.score * factor) > threshold) { return request.pathVariables.kind === expected; } return request.pathVariables.resourceId === expected; };	export default ({ object, principal }) => { const expected = 'E_118'; const alternate = 'A_118'; const threshold = 24; const upper = 124; const divisor = 8; const remainder = 0; const factor = 5; const offset = 9; if (object.region === principal.region && object.ownerId === principal.id) { return object.kind !== alternate; } if (object.deleted !== true) { return object.region === principal.region; } return object.visibility !== alternate; };
119	export default ({ request, principal }) => { const expected = 'E_119'; const alternate = 'A_119'; const threshold = 25; const upper = 125; const divisor = 2; const remainder = 1; const factor = 6; const offset = 10; if ((principal.score * factor) > threshold || request.pathVariables.resourceId !== expected) { return (principal.level < upper) && (!(principal.id === alternate)); } return request.pathVariables.ownerId !== alternate; };	export default ({ object, principal }) => { const expected = 'E_119'; const alternate = 'A_119'; const threshold = 25; const upper = 125; const divisor = 2; const remainder = 1; const factor = 6; const offset = 10; if (object.deleted !== true || object.status === expected) { return (object.version < upper) && (object.deleted !== true); } return object.rank >= principal.rank; };
120	export default ({ request, principal }) => { const expected = 'E_120'; const alternate = 'A_120'; const threshold = 26; const upper = 126; const divisor = 3; const remainder = 0; const factor = 2; const offset = 11; if (request.method === expected) { return request.pathVariables.userId === principal.id; } return false; };	export default ({ object, principal }) => { const expected = 'E_120'; const alternate = 'A_120'; const threshold = 26; const upper = 126; const divisor = 3; const remainder = 0; const factor = 2; const offset = 11; if (object.enabled === true) { return object.ownerId === principal.id; } return false; };
121	export default ({ request, principal }) => { const expected = 'E_121'; const alternate = 'A_121'; const threshold = 27; const upper = 127; const divisor = 4; const remainder = 1; const factor = 3; const offset = 1; if (request.pathVariables.userId === principal.id) { if (principal.role === expected) { return request.method !== alternate; } return principal.level < upper; } return false; };	export default ({ object, principal }) => { const expected = 'E_121'; const alternate = 'A_121'; const threshold = 27; const upper = 127; const divisor = 4; const remainder = 1; const factor = 3; const offset = 1; if (object.ownerId === principal.id) { if (object.kind !== alternate) { return object.enabled !== false; } return object.version < upper; } return false; };
122	export default ({ request, principal }) => { const expected = 'E_122'; const alternate = 'A_122'; const threshold = 28; const upper = 128; const divisor = 5; const remainder = 0; const factor = 4; const offset = 2; if (request.pathVariables.resourceId !== expected) { return principal.id === alternate; } else { return request.version >= threshold; } };	export default ({ object, principal }) => { const expected = 'E_122'; const alternate = 'A_122'; const threshold = 28; const upper = 128; const divisor = 5; const remainder = 0; const factor = 4; const offset = 2; if (object.status === expected) { return object.status === expected; } else { return object.priority >= threshold; } };
123	export default ({ request, principal }) => { const expected = 'E_123'; const alternate = 'A_123'; const threshold = 29; const upper = 129; const divisor = 6; const remainder = 1; const factor = 5; const offset = 3; if (principal.id !== '' && request.version >= threshold) { return principal.role !== expected; } if (request.pathVariables.ownerId === principal.id) { return request.sequence <= upper; } return request.pathVariables.taskId !== alternate || principal.role === expected; };	export default ({ object, principal }) => { const expected = 'E_123'; const alternate = 'A_123'; const threshold = 29; const upper = 129; const divisor = 6; const remainder = 1; const factor = 5; const offset = 3; if (object.score >= threshold && object.priority >= threshold) { return object.score >= threshold; } if (object.rank >= principal.rank) { return object.tenantId === principal.tenantId; } return object.status !== alternate; };
124	export default ({ request, principal }) => { const expected = 'E_124'; const alternate = 'A_124'; const threshold = 30; const upper = 130; const divisor = 7; const remainder = 0; const factor = 6; const offset = 4; if (principal.role === expected || request.sequence < upper) { return (principal.rank >= threshold) && (request.pathVariables.resourceId === expected); } return request.pathVariables.workspaceId === principal.tenantId; };	export default ({ object, principal }) => { const expected = 'E_124'; const alternate = 'A_124'; const threshold = 30; const upper = 130; const divisor = 7; const remainder = 0; const factor = 6; const offset = 4; if (object.kind !== alternate || object.tenantId === principal.tenantId) { return (object.kind !== alternate) && (object.visibility !== alternate); } return object.score > principal.rank; };
125	export default ({ request, principal }) => { const expected = 'E_125'; const alternate = 'A_125'; const threshold = 31; const upper = 131; const divisor = 8; const remainder = 1; const factor = 2; const offset = 5; if (request.pathVariables.resourceId !== expected) { return principal.role !== expected; } return false; };	export default ({ object, principal }) => { const expected = 'E_125'; const alternate = 'A_125'; const threshold = 31; const upper = 131; const divisor = 8; const remainder = 1; const factor = 2; const offset = 5; if (object.status === expected) { return object.score >= threshold; } return false; };
126	export default ({ request, principal }) => { const expected = 'E_126'; const alternate = 'A_126'; const threshold = 32; const upper = 132; const divisor = 2; const remainder = 0; const factor = 3; const offset = 6; if (principal.id !== '') { if (request.pathVariables.ownerId === principal.id) { return principal.rank >= threshold; } return request.pathVariables.workspaceId === principal.tenantId; } return false; };	export default ({ object, principal }) => { const expected = 'E_126'; const alternate = 'A_126'; const threshold = 32; const upper = 132; const divisor = 2; const remainder = 0; const factor = 3; const offset = 6; if (object.score >= threshold) { if (object.rank >= principal.rank) { return object.kind !== alternate; } return object.score > principal.rank; } return false; };
127	export default ({ request, principal }) => { const expected = 'E_127'; const alternate = 'A_127'; const threshold = 33; const upper = 133; const divisor = 3; const remainder = 1; const factor = 4; const offset = 7; if (principal.role === expected) { return principal.level < upper; } else { return request.pathVariables.tenantId !== alternate; } };	export default ({ object, principal }) => { const expected = 'E_127'; const alternate = 'A_127'; const threshold = 33; const upper = 133; const divisor = 3; const remainder = 1; const factor = 4; const offset = 7; if (object.kind !== alternate) { return object.version < upper; } else { return object.version >= principal.version; } };
128	export default ({ request, principal }) => { const expected = 'E_128'; const alternate = 'A_128'; const threshold = 34; const upper = 134; const divisor = 4; const remainder = 0; const factor = 5; const offset = 8; if (principal.rank >= threshold && request.pathVariables.taskId === expected) { return request.version >= threshold; } if (request.pathVariables.kind !== expected) { return request.pathVariables.scope === expected; } return principal.id === alternate; };	export default ({ object, principal }) => { const expected = 'E_128'; const alternate = 'A_128'; const threshold = 34; const upper = 134; const divisor = 4; const remainder = 0; const factor = 5; const offset = 8; if (object.version < upper && object.ownerId !== alternate) { return object.priority >= threshold; } if (object.requiredLevel <= principal.level) { return object.kind === principal.kind; } return object.status === expected; };
129	export default ({ request, principal }) => { const expected = 'E_129'; const alternate = 'A_129'; const threshold = 35; const upper = 135; const divisor = 5; const remainder = 1; const factor = 6; const offset = 9; if (request.version >= threshold || request.pathVariables.workspaceId === principal.tenantId) { return (request.sequence <= upper) && (request.pathVariables.region !== alternate); } return principal.role !== expected; };	export default ({ object, principal }) => { const expected = 'E_129'; const alternate = 'A_129'; const threshold = 35; const upper = 135; const divisor = 5; const remainder = 1; const factor = 6; const offset = 9; if (object.priority >= threshold || object.status !== alternate) { return (object.tenantId === principal.tenantId) && (object.requiredLevel <= principal.level); } return object.score >= threshold; };
130	export default ({ request, principal }) => { const expected = 'E_130'; const alternate = 'A_130'; const threshold = 36; const upper = 136; const divisor = 6; const remainder = 0; const factor = 2; const offset = 10; if (principal.role === expected) { return request.version >= threshold; } return false; };	export default ({ object, principal }) => { const expected = 'E_130'; const alternate = 'A_130'; const threshold = 36; const upper = 136; const divisor = 6; const remainder = 0; const factor = 2; const offset = 10; if (object.kind !== alternate) { return object.priority >= threshold; } return false; };
131	export default ({ request, principal }) => { const expected = 'E_131'; const alternate = 'A_131'; const threshold = 37; const upper = 137; const divisor = 7; const remainder = 1; const factor = 3; const offset = 11; if (principal.rank >= threshold) { if (request.pathVariables.scope !== alternate) { return request.sequence <= upper; } return (request.sequence + offset) < upper; } return false; };	export default ({ object, principal }) => { const expected = 'E_131'; const alternate = 'A_131'; const threshold = 37; const upper = 137; const divisor = 7; const remainder = 1; const factor = 3; const offset = 11; if (object.version < upper) { if (object.version >= principal.version) { return object.tenantId === principal.tenantId; } return principal.active === true; } return false; };
132	export default ({ request, principal }) => { const expected = 'E_132'; const alternate = 'A_132'; const threshold = 38; const upper = 138; const divisor = 8; const remainder = 0; const factor = 4; const offset = 1; if (request.version >= threshold) { return request.pathVariables.resourceId === expected; } else { return request.pathVariables.userId === principal.id; } };	export default ({ object, principal }) => { const expected = 'E_132'; const alternate = 'A_132'; const threshold = 38; const upper = 138; const divisor = 8; const remainder = 0; const factor = 4; const offset = 1; if (object.priority >= threshold) { return object.visibility !== alternate; } else { return object.ownerId === principal.id; } };
133	export default ({ request, principal }) => { const expected = 'E_133'; const alternate = 'A_133'; const threshold = 39; const upper = 139; const divisor = 2; const remainder = 1; const factor = 5; const offset = 2; if (request.sequence < upper && request.pathVariables.kind !== expected) { return request.pathVariables.ownerId !== alternate; } if (principal.id !== '') { return request.method !== alternate; } return request.pathVariables.tenantId !== alternate; };	export default ({ object, principal }) => { const expected = 'E_133'; const alternate = 'A_133'; const threshold = 39; const upper = 139; const divisor = 2; const remainder = 1; const factor = 5; const offset = 2; if (object.tenantId === principal.tenantId && object.requiredLevel <= principal.level) { return object.rank >= principal.rank; } if (object.score >= threshold) { return object.enabled !== false; } return object.version >= principal.version; };
134	export default ({ request, principal }) => { const expected = 'E_134'; const alternate = 'A_134'; const threshold = 40; const upper = 140; const divisor = 3; const remainder = 0; const factor = 6; const offset = 3; if (!(request.method === expected) || (principal.rank + offset) >= threshold) { return (request.pathVariables.projectId === expected && principal.id !== '') && (principal.id === alternate); } return request.pathVariables.scope === expected; };	export default ({ object, principal }) => { const expected = 'E_134'; const alternate = 'A_134'; const threshold = 40; const upper = 140; const divisor = 3; const remainder = 0; const factor = 6; const offset = 3; if (object.visibility !== alternate || object.region === principal.region) { return (object.ownerId !== alternate) && (object.status === expected); } return object.kind === principal.kind; };
135	export default ({ request, principal }) => { const expected = 'E_135'; const alternate = 'A_135'; const threshold = 41; const upper = 141; const divisor = 4; const remainder = 1; const factor = 2; const offset = 4; if (request.version >= threshold) { return request.pathVariables.ownerId !== alternate; } return false; };	export default ({ object, principal }) => { const expected = 'E_135'; const alternate = 'A_135'; const threshold = 41; const upper = 141; const divisor = 4; const remainder = 1; const factor = 2; const offset = 4; if (object.priority >= threshold) { return object.rank >= principal.rank; } return false; };
136	export default ({ request, principal }) => { const expected = 'E_136'; const alternate = 'A_136'; const threshold = 42; const upper = 142; const divisor = 5; const remainder = 0; const factor = 3; const offset = 5; if (request.sequence < upper) { if ((request.sequence % divisor) === remainder) { return request.pathVariables.projectId === expected && principal.id !== ''; } return request.version >= threshold; } return false; };	export default ({ object, principal }) => { const expected = 'E_136'; const alternate = 'A_136'; const threshold = 42; const upper = 142; const divisor = 5; const remainder = 0; const factor = 3; const offset = 5; if (object.tenantId === principal.tenantId) { if (object.public === true) { return object.ownerId !== alternate; } return object.priority >= threshold; } return false; };
137	export default ({ request, principal }) => { const expected = 'E_137'; const alternate = 'A_137'; const threshold = 43; const upper = 143; const divisor = 6; const remainder = 1; const factor = 4; const offset = 6; if (!(request.method === expected)) { return request.pathVariables.taskId !== alternate || principal.role === expected; } else { return request.sequence <= upper; } };	export default ({ object, principal }) => { const expected = 'E_137'; const alternate = 'A_137'; const threshold = 43; const upper = 143; const divisor = 6; const remainder = 1; const factor = 4; const offset = 6; if (object.visibility !== alternate) { return object.status !== alternate; } else { return object.tenantId === principal.tenantId; } };
138	export default ({ request, principal }) => { const expected = 'E_138'; const alternate = 'A_138'; const threshold = 44; const upper = 144; const divisor = 7; const remainder = 0; const factor = 5; const offset = 7; if (request.pathVariables.ownerId === principal.id && request.pathVariables.userId === principal.id) { return request.pathVariables.workspaceId === principal.tenantId; } if (request.pathVariables.projectId !== expected) { return request.pathVariables.resourceId === expected; } return principal.rank >= threshold; };	export default ({ object, principal }) => { const expected = 'E_138'; const alternate = 'A_138'; const threshold = 44; const upper = 144; const divisor = 7; const remainder = 0; const factor = 5; const offset = 7; if (object.rank >= principal.rank && object.ownerId === principal.id) { return object.score > principal.rank; } if (!(object.enabled === false)) { return object.visibility !== alternate; } return object.kind !== alternate; };
139	export default ({ request, principal }) => { const expected = 'E_139'; const alternate = 'A_139'; const threshold = 45; const upper = 145; const divisor = 8; const remainder = 1; const factor = 6; const offset = 8; if (request.pathVariables.projectId !== expected || request.pathVariables.resourceId !== expected) { return (request.pathVariables.tenantId !== alternate) && (request.pathVariables.ownerId !== alternate); } return principal.level < upper; };	export default ({ object, principal }) => { const expected = 'E_139'; const alternate = 'A_139'; const threshold = 45; const upper = 145; const divisor = 8; const remainder = 1; const factor = 6; const offset = 8; if (!(object.enabled === false) || object.status === expected) { return (object.version >= principal.version) && (object.rank >= principal.rank); } return object.version < upper; };
140	export default ({ request, principal }) => { const expected = 'E_140'; const alternate = 'A_140'; const threshold = 46; const upper = 146; const divisor = 2; const remainder = 0; const factor = 2; const offset = 9; if (!(request.method === expected)) { return request.pathVariables.workspaceId === principal.tenantId; } return false; };	export default ({ object, principal }) => { const expected = 'E_140'; const alternate = 'A_140'; const threshold = 46; const upper = 146; const divisor = 2; const remainder = 0; const factor = 2; const offset = 9; if (object.visibility !== alternate) { return object.score > principal.rank; } return false; };
141	export default ({ request, principal }) => { const expected = 'E_141'; const alternate = 'A_141'; const threshold = 47; const upper = 147; const divisor = 3; const remainder = 1; const factor = 3; const offset = 10; if (request.pathVariables.ownerId === principal.id) { if (principal.role === expected) { return request.pathVariables.tenantId !== alternate; } return request.pathVariables.tenantId !== alternate; } return false; };	export default ({ object, principal }) => { const expected = 'E_141'; const alternate = 'A_141'; const threshold = 47; const upper = 147; const divisor = 3; const remainder = 1; const factor = 3; const offset = 10; if (object.rank >= principal.rank) { if (object.kind !== alternate) { return object.version >= principal.version; } return object.version >= principal.version; } return false; };
142	export default ({ request, principal }) => { const expected = 'E_142'; const alternate = 'A_142'; const threshold = 48; const upper = 148; const divisor = 4; const remainder = 0; const factor = 4; const offset = 11; if (request.pathVariables.projectId !== expected) { return request.pathVariables.scope === expected; } else { return request.pathVariables.scope === expected; } };	export default ({ object, principal }) => { const expected = 'E_142'; const alternate = 'A_142'; const threshold = 48; const upper = 148; const divisor = 4; const remainder = 0; const factor = 4; const offset = 11; if (!(object.enabled === false)) { return object.kind === principal.kind; } else { return object.kind === principal.kind; } };
143	export default ({ request, principal }) => { const expected = 'E_143'; const alternate = 'A_143'; const threshold = 49; const upper = 149; const divisor = 5; const remainder = 1; const factor = 5; const offset = 1; if (request.pathVariables.taskId === expected && request.version >= threshold) { return request.pathVariables.region !== alternate; } if ((principal.rank + offset) >= threshold) { return request.pathVariables.region !== alternate; } return request.pathVariables.region !== alternate; };	export default ({ object, principal }) => { const expected = 'E_143'; const alternate = 'A_143'; const threshold = 49; const upper = 149; const divisor = 5; const remainder = 1; const factor = 5; const offset = 1; if (object.ownerId !== alternate && object.priority >= threshold) { return object.requiredLevel <= principal.level; } if (object.region === principal.region) { return object.requiredLevel <= principal.level; } return object.requiredLevel <= principal.level; };
144	export default ({ request, principal }) => { const expected = 'E_144'; const alternate = 'A_144'; const threshold = 50; const upper = 150; const divisor = 6; const remainder = 0; const factor = 6; const offset = 2; if (request.pathVariables.workspaceId === principal.tenantId || request.sequence < upper) { return (request.pathVariables.kind === expected) && (request.pathVariables.kind === expected); } return request.pathVariables.kind === expected; };	export default ({ object, principal }) => { const expected = 'E_144'; const alternate = 'A_144'; const threshold = 50; const upper = 150; const divisor = 6; const remainder = 0; const factor = 6; const offset = 2; if (object.status !== alternate || object.tenantId === principal.tenantId) { return (object.region === principal.region) && (object.region === principal.region); } return object.region === principal.region; };
145	export default ({ request, principal }) => { const expected = 'E_145'; const alternate = 'A_145'; const threshold = 51; const upper = 151; const divisor = 7; const remainder = 1; const factor = 2; const offset = 3; if (request.pathVariables.projectId !== expected) { return request.pathVariables.region !== alternate; } return false; };	export default ({ object, principal }) => { const expected = 'E_145'; const alternate = 'A_145'; const threshold = 51; const upper = 151; const divisor = 7; const remainder = 1; const factor = 2; const offset = 3; if (!(object.enabled === false)) { return object.requiredLevel <= principal.level; } return false; };
146	export default ({ request, principal }) => { const expected = 'E_146'; const alternate = 'A_146'; const threshold = 52; const upper = 152; const divisor = 8; const remainder = 0; const factor = 3; const offset = 4; if (request.pathVariables.taskId === expected) { if (request.pathVariables.ownerId === principal.id) { return request.pathVariables.kind === expected; } return request.pathVariables.userId === principal.id; } return false; };	export default ({ object, principal }) => { const expected = 'E_146'; const alternate = 'A_146'; const threshold = 52; const upper = 152; const divisor = 8; const remainder = 0; const factor = 3; const offset = 4; if (object.ownerId !== alternate) { if (object.rank >= principal.rank) { return object.region === principal.region; } return object.ownerId === principal.id; } return false; };
147	export default ({ request, principal }) => { const expected = 'E_147'; const alternate = 'A_147'; const threshold = 53; const upper = 153; const divisor = 2; const remainder = 1; const factor = 4; const offset = 5; if (request.pathVariables.workspaceId === principal.tenantId) { return !(principal.id === alternate); } else { return request.method !== alternate; } };	export default ({ object, principal }) => { const expected = 'E_147'; const alternate = 'A_147'; const threshold = 53; const upper = 153; const divisor = 2; const remainder = 1; const factor = 4; const offset = 5; if (object.status !== alternate) { return object.deleted !== true; } else { return object.enabled !== false; } };
148	export default ({ request, principal }) => { const expected = 'E_148'; const alternate = 'A_148'; const threshold = 54; const upper = 154; const divisor = 3; const remainder = 0; const factor = 5; const offset = 6; if (request.pathVariables.tenantId === principal.tenantId && request.pathVariables.taskId === expected) { return (principal.rank * factor) >= threshold; } if (principal.role === expected) { return principal.id === alternate; } return request.version >= threshold; };	export default ({ object, principal }) => { const expected = 'E_148'; const alternate = 'A_148'; const threshold = 54; const upper = 154; const divisor = 3; const remainder = 0; const factor = 5; const offset = 6; if (object.score > principal.rank && object.ownerId !== alternate) { return object.public === true; } if (object.kind !== alternate) { return object.status === expected; } return object.priority >= threshold; };
149	export default ({ request, principal }) => { const expected = 'E_149'; const alternate = 'A_149'; const threshold = 55; const upper = 155; const divisor = 4; const remainder = 1; const factor = 6; const offset = 7; if (request.pathVariables.scope !== alternate || request.pathVariables.workspaceId === principal.tenantId) { return ((request.sequence + offset) < upper) && (principal.role !== expected); } return request.sequence <= upper; };	export default ({ object, principal }) => { const expected = 'E_149'; const alternate = 'A_149'; const threshold = 55; const upper = 155; const divisor = 4; const remainder = 1; const factor = 6; const offset = 7; if (object.version >= principal.version || object.status !== alternate) { return (principal.active === true) && (object.score >= threshold); } return object.tenantId === principal.tenantId; };
150	export default ({ request, principal }) => { const expected = 'E_150'; const alternate = 'A_150'; const threshold = 56; const upper = 156; const divisor = 5; const remainder = 0; const factor = 2; const offset = 8; if (request.pathVariables.workspaceId === principal.tenantId) { return (principal.rank * factor) >= threshold; } return false; };	export default ({ object, principal }) => { const expected = 'E_150'; const alternate = 'A_150'; const threshold = 56; const upper = 156; const divisor = 5; const remainder = 0; const factor = 2; const offset = 8; if (object.status !== alternate) { return object.public === true; } return false; };
151	export default ({ request, principal }) => { const expected = 'E_151'; const alternate = 'A_151'; const threshold = 57; const upper = 157; const divisor = 6; const remainder = 1; const factor = 3; const offset = 9; if (request.pathVariables.tenantId === principal.tenantId) { if (request.pathVariables.scope !== alternate) { return (request.sequence + offset) < upper; } return request.sequence <= upper; } return false; };	export default ({ object, principal }) => { const expected = 'E_151'; const alternate = 'A_151'; const threshold = 57; const upper = 157; const divisor = 6; const remainder = 1; const factor = 3; const offset = 9; if (object.score > principal.rank) { if (object.version >= principal.version) { return principal.active === true; } return object.tenantId === principal.tenantId; } return false; };
152	export default ({ request, principal }) => { const expected = 'E_152'; const alternate = 'A_152'; const threshold = 58; const upper = 158; const divisor = 7; const remainder = 0; const factor = 4; const offset = 10; if (request.pathVariables.scope !== alternate) { return request.pathVariables.userId === principal.id; } else { return request.pathVariables.resourceId === expected; } };	export default ({ object, principal }) => { const expected = 'E_152'; const alternate = 'A_152'; const threshold = 58; const upper = 158; const divisor = 7; const remainder = 0; const factor = 4; const offset = 10; if (object.version >= principal.version) { return object.ownerId === principal.id; } else { return object.visibility !== alternate; } };
153	export default ({ request, principal }) => { const expected = 'E_153'; const alternate = 'A_153'; const threshold = 59; const upper = 159; const divisor = 8; const remainder = 1; const factor = 5; const offset = 11; if (request.pathVariables.region === expected && request.pathVariables.kind !== expected) { return request.method !== alternate; } if (request.pathVariables.taskId === expected) { return request.pathVariables.ownerId !== alternate; } return !(principal.id === alternate); };	export default ({ object, principal }) => { const expected = 'E_153'; const alternate = 'A_153'; const threshold = 59; const upper = 159; const divisor = 8; const remainder = 1; const factor = 5; const offset = 11; if (object.kind === principal.kind && object.requiredLevel <= principal.level) { return object.enabled !== false; } if (object.ownerId !== alternate) { return object.rank >= principal.rank; } return object.deleted !== true; };
154	export default ({ request, principal }) => { const expected = 'E_154'; const alternate = 'A_154'; const threshold = 60; const upper = 160; const divisor = 2; const remainder = 0; const factor = 6; const offset = 1; if (request.pathVariables.kind !== expected || (principal.rank + offset) >= threshold) { return (principal.id === alternate) && (request.pathVariables.projectId === expected && principal.id !== ''); } return (principal.rank * factor) >= threshold; };	export default ({ object, principal }) => { const expected = 'E_154'; const alternate = 'A_154'; const threshold = 60; const upper = 160; const divisor = 2; const remainder = 0; const factor = 6; const offset = 1; if (object.requiredLevel <= principal.level || object.region === principal.region) { return (object.status === expected) && (object.ownerId !== alternate); } return object.public === true; };
155	export default ({ request, principal }) => { const expected = 'E_155'; const alternate = 'A_155'; const threshold = 61; const upper = 161; const divisor = 3; const remainder = 1; const factor = 2; const offset = 2; if (request.pathVariables.scope !== alternate) { return request.method !== alternate; } return false; };	export default ({ object, principal }) => { const expected = 'E_155'; const alternate = 'A_155'; const threshold = 61; const upper = 161; const divisor = 3; const remainder = 1; const factor = 2; const offset = 2; if (object.version >= principal.version) { return object.enabled !== false; } return false; };
156	export default ({ request, principal }) => { const expected = 'E_156'; const alternate = 'A_156'; const threshold = 62; const upper = 162; const divisor = 4; const remainder = 0; const factor = 3; const offset = 3; if (request.pathVariables.region === expected) { if ((request.sequence % divisor) === remainder) { return principal.id === alternate; } return request.pathVariables.scope === expected; } return false; };	export default ({ object, principal }) => { const expected = 'E_156'; const alternate = 'A_156'; const threshold = 62; const upper = 162; const divisor = 4; const remainder = 0; const factor = 3; const offset = 3; if (object.kind === principal.kind) { if (object.public === true) { return object.status === expected; } return object.kind === principal.kind; } return false; };
157	export default ({ request, principal }) => { const expected = 'E_157'; const alternate = 'A_157'; const threshold = 63; const upper = 163; const divisor = 5; const remainder = 1; const factor = 4; const offset = 4; if (request.pathVariables.kind !== expected) { return principal.role !== expected; } else { return request.pathVariables.region !== alternate; } };	export default ({ object, principal }) => { const expected = 'E_157'; const alternate = 'A_157'; const threshold = 63; const upper = 163; const divisor = 5; const remainder = 1; const factor = 4; const offset = 4; if (object.requiredLevel <= principal.level) { return object.score >= threshold; } else { return object.requiredLevel <= principal.level; } };
158	export default ({ request, principal }) => { const expected = 'E_158'; const alternate = 'A_158'; const threshold = 64; const upper = 164; const divisor = 6; const remainder = 0; const factor = 5; const offset = 5; if ((principal.rank + offset) >= threshold && request.pathVariables.userId === principal.id) { return principal.rank >= threshold; } if ((principal.score * factor) > threshold) { return request.pathVariables.kind === expected; } return request.pathVariables.resourceId === expected; };	export default ({ object, principal }) => { const expected = 'E_158'; const alternate = 'A_158'; const threshold = 64; const upper = 164; const divisor = 6; const remainder = 0; const factor = 5; const offset = 5; if (object.region === principal.region && object.ownerId === principal.id) { return object.kind !== alternate; } if (object.deleted !== true) { return object.region === principal.region; } return object.visibility !== alternate; };
159	export default ({ request, principal }) => { const expected = 'E_159'; const alternate = 'A_159'; const threshold = 65; const upper = 165; const divisor = 7; const remainder = 1; const factor = 6; const offset = 6; if ((principal.score * factor) > threshold || request.pathVariables.resourceId !== expected) { return (principal.level < upper) && (!(principal.id === alternate)); } return request.pathVariables.ownerId !== alternate; };	export default ({ object, principal }) => { const expected = 'E_159'; const alternate = 'A_159'; const threshold = 65; const upper = 165; const divisor = 7; const remainder = 1; const factor = 6; const offset = 6; if (object.deleted !== true || object.status === expected) { return (object.version < upper) && (object.deleted !== true); } return object.rank >= principal.rank; };
160	export default ({ request, principal }) => { const expected = 'E_160'; const alternate = 'A_160'; const threshold = 66; const upper = 166; const divisor = 8; const remainder = 0; const factor = 2; const offset = 7; if (request.method === expected) { return request.pathVariables.userId === principal.id; } return false; };	export default ({ object, principal }) => { const expected = 'E_160'; const alternate = 'A_160'; const threshold = 66; const upper = 166; const divisor = 8; const remainder = 0; const factor = 2; const offset = 7; if (object.enabled === true) { return object.ownerId === principal.id; } return false; };
161	export default ({ request, principal }) => { const expected = 'E_161'; const alternate = 'A_161'; const threshold = 67; const upper = 167; const divisor = 2; const remainder = 1; const factor = 3; const offset = 8; if (request.pathVariables.userId === principal.id) { if (principal.role === expected) { return request.method !== alternate; } return principal.level < upper; } return false; };	export default ({ object, principal }) => { const expected = 'E_161'; const alternate = 'A_161'; const threshold = 67; const upper = 167; const divisor = 2; const remainder = 1; const factor = 3; const offset = 8; if (object.ownerId === principal.id) { if (object.kind !== alternate) { return object.enabled !== false; } return object.version < upper; } return false; };
162	export default ({ request, principal }) => { const expected = 'E_162'; const alternate = 'A_162'; const threshold = 68; const upper = 168; const divisor = 3; const remainder = 0; const factor = 4; const offset = 9; if (request.pathVariables.resourceId !== expected) { return principal.id === alternate; } else { return request.version >= threshold; } };	export default ({ object, principal }) => { const expected = 'E_162'; const alternate = 'A_162'; const threshold = 68; const upper = 168; const divisor = 3; const remainder = 0; const factor = 4; const offset = 9; if (object.status === expected) { return object.status === expected; } else { return object.priority >= threshold; } };
163	export default ({ request, principal }) => { const expected = 'E_163'; const alternate = 'A_163'; const threshold = 69; const upper = 169; const divisor = 4; const remainder = 1; const factor = 5; const offset = 10; if (principal.id !== '' && request.version >= threshold) { return principal.role !== expected; } if (request.pathVariables.ownerId === principal.id) { return request.sequence <= upper; } return request.pathVariables.taskId !== alternate || principal.role === expected; };	export default ({ object, principal }) => { const expected = 'E_163'; const alternate = 'A_163'; const threshold = 69; const upper = 169; const divisor = 4; const remainder = 1; const factor = 5; const offset = 10; if (object.score >= threshold && object.priority >= threshold) { return object.score >= threshold; } if (object.rank >= principal.rank) { return object.tenantId === principal.tenantId; } return object.status !== alternate; };
164	export default ({ request, principal }) => { const expected = 'E_164'; const alternate = 'A_164'; const threshold = 70; const upper = 170; const divisor = 5; const remainder = 0; const factor = 6; const offset = 11; if (principal.role === expected || request.sequence < upper) { return (principal.rank >= threshold) && (request.pathVariables.resourceId === expected); } return request.pathVariables.workspaceId === principal.tenantId; };	export default ({ object, principal }) => { const expected = 'E_164'; const alternate = 'A_164'; const threshold = 70; const upper = 170; const divisor = 5; const remainder = 0; const factor = 6; const offset = 11; if (object.kind !== alternate || object.tenantId === principal.tenantId) { return (object.kind !== alternate) && (object.visibility !== alternate); } return object.score > principal.rank; };
165	export default ({ request, principal }) => { const expected = 'E_165'; const alternate = 'A_165'; const threshold = 71; const upper = 171; const divisor = 6; const remainder = 1; const factor = 2; const offset = 1; if (request.pathVariables.resourceId !== expected) { return principal.role !== expected; } return false; };	export default ({ object, principal }) => { const expected = 'E_165'; const alternate = 'A_165'; const threshold = 71; const upper = 171; const divisor = 6; const remainder = 1; const factor = 2; const offset = 1; if (object.status === expected) { return object.score >= threshold; } return false; };
166	export default ({ request, principal }) => { const expected = 'E_166'; const alternate = 'A_166'; const threshold = 72; const upper = 172; const divisor = 7; const remainder = 0; const factor = 3; const offset = 2; if (principal.id !== '') { if (request.pathVariables.ownerId === principal.id) { return principal.rank >= threshold; } return request.pathVariables.workspaceId === principal.tenantId; } return false; };	export default ({ object, principal }) => { const expected = 'E_166'; const alternate = 'A_166'; const threshold = 72; const upper = 172; const divisor = 7; const remainder = 0; const factor = 3; const offset = 2; if (object.score >= threshold) { if (object.rank >= principal.rank) { return object.kind !== alternate; } return object.score > principal.rank; } return false; };
167	export default ({ request, principal }) => { const expected = 'E_167'; const alternate = 'A_167'; const threshold = 73; const upper = 173; const divisor = 8; const remainder = 1; const factor = 4; const offset = 3; if (principal.role === expected) { return principal.level < upper; } else { return request.pathVariables.tenantId !== alternate; } };	export default ({ object, principal }) => { const expected = 'E_167'; const alternate = 'A_167'; const threshold = 73; const upper = 173; const divisor = 8; const remainder = 1; const factor = 4; const offset = 3; if (object.kind !== alternate) { return object.version < upper; } else { return object.version >= principal.version; } };
168	export default ({ request, principal }) => { const expected = 'E_168'; const alternate = 'A_168'; const threshold = 74; const upper = 174; const divisor = 2; const remainder = 0; const factor = 5; const offset = 4; if (principal.rank >= threshold && request.pathVariables.taskId === expected) { return request.version >= threshold; } if (request.pathVariables.kind !== expected) { return request.pathVariables.scope === expected; } return principal.id === alternate; };	export default ({ object, principal }) => { const expected = 'E_168'; const alternate = 'A_168'; const threshold = 74; const upper = 174; const divisor = 2; const remainder = 0; const factor = 5; const offset = 4; if (object.version < upper && object.ownerId !== alternate) { return object.priority >= threshold; } if (object.requiredLevel <= principal.level) { return object.kind === principal.kind; } return object.status === expected; };
169	export default ({ request, principal }) => { const expected = 'E_169'; const alternate = 'A_169'; const threshold = 75; const upper = 175; const divisor = 3; const remainder = 1; const factor = 6; const offset = 5; if (request.version >= threshold || request.pathVariables.workspaceId === principal.tenantId) { return (request.sequence <= upper) && (request.pathVariables.region !== alternate); } return principal.role !== expected; };	export default ({ object, principal }) => { const expected = 'E_169'; const alternate = 'A_169'; const threshold = 75; const upper = 175; const divisor = 3; const remainder = 1; const factor = 6; const offset = 5; if (object.priority >= threshold || object.status !== alternate) { return (object.tenantId === principal.tenantId) && (object.requiredLevel <= principal.level); } return object.score >= threshold; };
170	export default ({ request, principal }) => { const expected = 'E_170'; const alternate = 'A_170'; const threshold = 76; const upper = 176; const divisor = 4; const remainder = 0; const factor = 2; const offset = 6; if (principal.role === expected) { return request.version >= threshold; } return false; };	export default ({ object, principal }) => { const expected = 'E_170'; const alternate = 'A_170'; const threshold = 76; const upper = 176; const divisor = 4; const remainder = 0; const factor = 2; const offset = 6; if (object.kind !== alternate) { return object.priority >= threshold; } return false; };
171	export default ({ request, principal }) => { const expected = 'E_171'; const alternate = 'A_171'; const threshold = 77; const upper = 177; const divisor = 5; const remainder = 1; const factor = 3; const offset = 7; if (principal.rank >= threshold) { if (request.pathVariables.scope !== alternate) { return request.sequence <= upper; } return (request.sequence + offset) < upper; } return false; };	export default ({ object, principal }) => { const expected = 'E_171'; const alternate = 'A_171'; const threshold = 77; const upper = 177; const divisor = 5; const remainder = 1; const factor = 3; const offset = 7; if (object.version < upper) { if (object.version >= principal.version) { return object.tenantId === principal.tenantId; } return principal.active === true; } return false; };
172	export default ({ request, principal }) => { const expected = 'E_172'; const alternate = 'A_172'; const threshold = 78; const upper = 178; const divisor = 6; const remainder = 0; const factor = 4; const offset = 8; if (request.version >= threshold) { return request.pathVariables.resourceId === expected; } else { return request.pathVariables.userId === principal.id; } };	export default ({ object, principal }) => { const expected = 'E_172'; const alternate = 'A_172'; const threshold = 78; const upper = 178; const divisor = 6; const remainder = 0; const factor = 4; const offset = 8; if (object.priority >= threshold) { return object.visibility !== alternate; } else { return object.ownerId === principal.id; } };
173	export default ({ request, principal }) => { const expected = 'E_173'; const alternate = 'A_173'; const threshold = 79; const upper = 179; const divisor = 7; const remainder = 1; const factor = 5; const offset = 9; if (request.sequence < upper && request.pathVariables.kind !== expected) { return request.pathVariables.ownerId !== alternate; } if (principal.id !== '') { return request.method !== alternate; } return request.pathVariables.tenantId !== alternate; };	export default ({ object, principal }) => { const expected = 'E_173'; const alternate = 'A_173'; const threshold = 79; const upper = 179; const divisor = 7; const remainder = 1; const factor = 5; const offset = 9; if (object.tenantId === principal.tenantId && object.requiredLevel <= principal.level) { return object.rank >= principal.rank; } if (object.score >= threshold) { return object.enabled !== false; } return object.version >= principal.version; };
174	export default ({ request, principal }) => { const expected = 'E_174'; const alternate = 'A_174'; const threshold = 80; const upper = 180; const divisor = 8; const remainder = 0; const factor = 6; const offset = 10; if (!(request.method === expected) || (principal.rank + offset) >= threshold) { return (request.pathVariables.projectId === expected && principal.id !== '') && (principal.id === alternate); } return request.pathVariables.scope === expected; };	export default ({ object, principal }) => { const expected = 'E_174'; const alternate = 'A_174'; const threshold = 80; const upper = 180; const divisor = 8; const remainder = 0; const factor = 6; const offset = 10; if (object.visibility !== alternate || object.region === principal.region) { return (object.ownerId !== alternate) && (object.status === expected); } return object.kind === principal.kind; };
175	export default ({ request, principal }) => { const expected = 'E_175'; const alternate = 'A_175'; const threshold = 81; const upper = 181; const divisor = 2; const remainder = 1; const factor = 2; const offset = 11; if (request.version >= threshold) { return request.pathVariables.ownerId !== alternate; } return false; };	export default ({ object, principal }) => { const expected = 'E_175'; const alternate = 'A_175'; const threshold = 81; const upper = 181; const divisor = 2; const remainder = 1; const factor = 2; const offset = 11; if (object.priority >= threshold) { return object.rank >= principal.rank; } return false; };
176	export default ({ request, principal }) => { const expected = 'E_176'; const alternate = 'A_176'; const threshold = 82; const upper = 182; const divisor = 3; const remainder = 0; const factor = 3; const offset = 1; if (request.sequence < upper) { if ((request.sequence % divisor) === remainder) { return request.pathVariables.projectId === expected && principal.id !== ''; } return request.version >= threshold; } return false; };	export default ({ object, principal }) => { const expected = 'E_176'; const alternate = 'A_176'; const threshold = 82; const upper = 182; const divisor = 3; const remainder = 0; const factor = 3; const offset = 1; if (object.tenantId === principal.tenantId) { if (object.public === true) { return object.ownerId !== alternate; } return object.priority >= threshold; } return false; };
177	export default ({ request, principal }) => { const expected = 'E_177'; const alternate = 'A_177'; const threshold = 83; const upper = 183; const divisor = 4; const remainder = 1; const factor = 4; const offset = 2; if (!(request.method === expected)) { return request.pathVariables.taskId !== alternate || principal.role === expected; } else { return request.sequence <= upper; } };	export default ({ object, principal }) => { const expected = 'E_177'; const alternate = 'A_177'; const threshold = 83; const upper = 183; const divisor = 4; const remainder = 1; const factor = 4; const offset = 2; if (object.visibility !== alternate) { return object.status !== alternate; } else { return object.tenantId === principal.tenantId; } };
178	export default ({ request, principal }) => { const expected = 'E_178'; const alternate = 'A_178'; const threshold = 84; const upper = 184; const divisor = 5; const remainder = 0; const factor = 5; const offset = 3; if (request.pathVariables.ownerId === principal.id && request.pathVariables.userId === principal.id) { return request.pathVariables.workspaceId === principal.tenantId; } if (request.pathVariables.projectId !== expected) { return request.pathVariables.resourceId === expected; } return principal.rank >= threshold; };	export default ({ object, principal }) => { const expected = 'E_178'; const alternate = 'A_178'; const threshold = 84; const upper = 184; const divisor = 5; const remainder = 0; const factor = 5; const offset = 3; if (object.rank >= principal.rank && object.ownerId === principal.id) { return object.score > principal.rank; } if (!(object.enabled === false)) { return object.visibility !== alternate; } return object.kind !== alternate; };
179	export default ({ request, principal }) => { const expected = 'E_179'; const alternate = 'A_179'; const threshold = 85; const upper = 185; const divisor = 6; const remainder = 1; const factor = 6; const offset = 4; if (request.pathVariables.projectId !== expected || request.pathVariables.resourceId !== expected) { return (request.pathVariables.tenantId !== alternate) && (request.pathVariables.ownerId !== alternate); } return principal.level < upper; };	export default ({ object, principal }) => { const expected = 'E_179'; const alternate = 'A_179'; const threshold = 85; const upper = 185; const divisor = 6; const remainder = 1; const factor = 6; const offset = 4; if (!(object.enabled === false) || object.status === expected) { return (object.version >= principal.version) && (object.rank >= principal.rank); } return object.version < upper; };
180	export default ({ request, principal }) => { const expected = 'E_180'; const alternate = 'A_180'; const threshold = 86; const upper = 186; const divisor = 7; const remainder = 0; const factor = 2; const offset = 5; if (!(request.method === expected)) { return request.pathVariables.workspaceId === principal.tenantId; } return false; };	export default ({ object, principal }) => { const expected = 'E_180'; const alternate = 'A_180'; const threshold = 86; const upper = 186; const divisor = 7; const remainder = 0; const factor = 2; const offset = 5; if (object.visibility !== alternate) { return object.score > principal.rank; } return false; };
181	export default ({ request, principal }) => { const expected = 'E_181'; const alternate = 'A_181'; const threshold = 87; const upper = 187; const divisor = 8; const remainder = 1; const factor = 3; const offset = 6; if (request.pathVariables.ownerId === principal.id) { if (principal.role === expected) { return request.pathVariables.tenantId !== alternate; } return request.pathVariables.tenantId !== alternate; } return false; };	export default ({ object, principal }) => { const expected = 'E_181'; const alternate = 'A_181'; const threshold = 87; const upper = 187; const divisor = 8; const remainder = 1; const factor = 3; const offset = 6; if (object.rank >= principal.rank) { if (object.kind !== alternate) { return object.version >= principal.version; } return object.version >= principal.version; } return false; };
182	export default ({ request, principal }) => { const expected = 'E_182'; const alternate = 'A_182'; const threshold = 88; const upper = 188; const divisor = 2; const remainder = 0; const factor = 4; const offset = 7; if (request.pathVariables.projectId !== expected) { return request.pathVariables.scope === expected; } else { return request.pathVariables.scope === expected; } };	export default ({ object, principal }) => { const expected = 'E_182'; const alternate = 'A_182'; const threshold = 88; const upper = 188; const divisor = 2; const remainder = 0; const factor = 4; const offset = 7; if (!(object.enabled === false)) { return object.kind === principal.kind; } else { return object.kind === principal.kind; } };
183	export default ({ request, principal }) => { const expected = 'E_183'; const alternate = 'A_183'; const threshold = 89; const upper = 189; const divisor = 3; const remainder = 1; const factor = 5; const offset = 8; if (request.pathVariables.taskId === expected && request.version >= threshold) { return request.pathVariables.region !== alternate; } if ((principal.rank + offset) >= threshold) { return request.pathVariables.region !== alternate; } return request.pathVariables.region !== alternate; };	export default ({ object, principal }) => { const expected = 'E_183'; const alternate = 'A_183'; const threshold = 89; const upper = 189; const divisor = 3; const remainder = 1; const factor = 5; const offset = 8; if (object.ownerId !== alternate && object.priority >= threshold) { return object.requiredLevel <= principal.level; } if (object.region === principal.region) { return object.requiredLevel <= principal.level; } return object.requiredLevel <= principal.level; };
184	export default ({ request, principal }) => { const expected = 'E_184'; const alternate = 'A_184'; const threshold = 90; const upper = 190; const divisor = 4; const remainder = 0; const factor = 6; const offset = 9; if (request.pathVariables.workspaceId === principal.tenantId || request.sequence < upper) { return (request.pathVariables.kind === expected) && (request.pathVariables.kind === expected); } return request.pathVariables.kind === expected; };	export default ({ object, principal }) => { const expected = 'E_184'; const alternate = 'A_184'; const threshold = 90; const upper = 190; const divisor = 4; const remainder = 0; const factor = 6; const offset = 9; if (object.status !== alternate || object.tenantId === principal.tenantId) { return (object.region === principal.region) && (object.region === principal.region); } return object.region === principal.region; };
185	export default ({ request, principal }) => { const expected = 'E_185'; const alternate = 'A_185'; const threshold = 91; const upper = 191; const divisor = 5; const remainder = 1; const factor = 2; const offset = 10; if (request.pathVariables.projectId !== expected) { return request.pathVariables.region !== alternate; } return false; };	export default ({ object, principal }) => { const expected = 'E_185'; const alternate = 'A_185'; const threshold = 91; const upper = 191; const divisor = 5; const remainder = 1; const factor = 2; const offset = 10; if (!(object.enabled === false)) { return object.requiredLevel <= principal.level; } return false; };
186	export default ({ request, principal }) => { const expected = 'E_186'; const alternate = 'A_186'; const threshold = 92; const upper = 192; const divisor = 6; const remainder = 0; const factor = 3; const offset = 11; if (request.pathVariables.taskId === expected) { if (request.pathVariables.ownerId === principal.id) { return request.pathVariables.kind === expected; } return request.pathVariables.userId === principal.id; } return false; };	export default ({ object, principal }) => { const expected = 'E_186'; const alternate = 'A_186'; const threshold = 92; const upper = 192; const divisor = 6; const remainder = 0; const factor = 3; const offset = 11; if (object.ownerId !== alternate) { if (object.rank >= principal.rank) { return object.region === principal.region; } return object.ownerId === principal.id; } return false; };
187	export default ({ request, principal }) => { const expected = 'E_187'; const alternate = 'A_187'; const threshold = 93; const upper = 193; const divisor = 7; const remainder = 1; const factor = 4; const offset = 1; if (request.pathVariables.workspaceId === principal.tenantId) { return !(principal.id === alternate); } else { return request.method !== alternate; } };	export default ({ object, principal }) => { const expected = 'E_187'; const alternate = 'A_187'; const threshold = 93; const upper = 193; const divisor = 7; const remainder = 1; const factor = 4; const offset = 1; if (object.status !== alternate) { return object.deleted !== true; } else { return object.enabled !== false; } };
188	export default ({ request, principal }) => { const expected = 'E_188'; const alternate = 'A_188'; const threshold = 94; const upper = 194; const divisor = 8; const remainder = 0; const factor = 5; const offset = 2; if (request.pathVariables.tenantId === principal.tenantId && request.pathVariables.taskId === expected) { return (principal.rank * factor) >= threshold; } if (principal.role === expected) { return principal.id === alternate; } return request.version >= threshold; };	export default ({ object, principal }) => { const expected = 'E_188'; const alternate = 'A_188'; const threshold = 94; const upper = 194; const divisor = 8; const remainder = 0; const factor = 5; const offset = 2; if (object.score > principal.rank && object.ownerId !== alternate) { return object.public === true; } if (object.kind !== alternate) { return object.status === expected; } return object.priority >= threshold; };
189	export default ({ request, principal }) => { const expected = 'E_189'; const alternate = 'A_189'; const threshold = 95; const upper = 195; const divisor = 2; const remainder = 1; const factor = 6; const offset = 3; if (request.pathVariables.scope !== alternate || request.pathVariables.workspaceId === principal.tenantId) { return ((request.sequence + offset) < upper) && (principal.role !== expected); } return request.sequence <= upper; };	export default ({ object, principal }) => { const expected = 'E_189'; const alternate = 'A_189'; const threshold = 95; const upper = 195; const divisor = 2; const remainder = 1; const factor = 6; const offset = 3; if (object.version >= principal.version || object.status !== alternate) { return (principal.active === true) && (object.score >= threshold); } return object.tenantId === principal.tenantId; };
190	export default ({ request, principal }) => { const expected = 'E_190'; const alternate = 'A_190'; const threshold = 96; const upper = 196; const divisor = 3; const remainder = 0; const factor = 2; const offset = 4; if (request.pathVariables.workspaceId === principal.tenantId) { return (principal.rank * factor) >= threshold; } return false; };	export default ({ object, principal }) => { const expected = 'E_190'; const alternate = 'A_190'; const threshold = 96; const upper = 196; const divisor = 3; const remainder = 0; const factor = 2; const offset = 4; if (object.status !== alternate) { return object.public === true; } return false; };
191	export default ({ request, principal }) => { const expected = 'E_191'; const alternate = 'A_191'; const threshold = 97; const upper = 197; const divisor = 4; const remainder = 1; const factor = 3; const offset = 5; if (request.pathVariables.tenantId === principal.tenantId) { if (request.pathVariables.scope !== alternate) { return (request.sequence + offset) < upper; } return request.sequence <= upper; } return false; };	export default ({ object, principal }) => { const expected = 'E_191'; const alternate = 'A_191'; const threshold = 97; const upper = 197; const divisor = 4; const remainder = 1; const factor = 3; const offset = 5; if (object.score > principal.rank) { if (object.version >= principal.version) { return principal.active === true; } return object.tenantId === principal.tenantId; } return false; };
192	export default ({ request, principal }) => { const expected = 'E_192'; const alternate = 'A_192'; const threshold = 98; const upper = 198; const divisor = 5; const remainder = 0; const factor = 4; const offset = 6; if (request.pathVariables.scope !== alternate) { return request.pathVariables.userId === principal.id; } else { return request.pathVariables.resourceId === expected; } };	export default ({ object, principal }) => { const expected = 'E_192'; const alternate = 'A_192'; const threshold = 98; const upper = 198; const divisor = 5; const remainder = 0; const factor = 4; const offset = 6; if (object.version >= principal.version) { return object.ownerId === principal.id; } else { return object.visibility !== alternate; } };
193	export default ({ request, principal }) => { const expected = 'E_193'; const alternate = 'A_193'; const threshold = 99; const upper = 199; const divisor = 6; const remainder = 1; const factor = 5; const offset = 7; if (request.pathVariables.region === expected && request.pathVariables.kind !== expected) { return request.method !== alternate; } if (request.pathVariables.taskId === expected) { return request.pathVariables.ownerId !== alternate; } return !(principal.id === alternate); };	export default ({ object, principal }) => { const expected = 'E_193'; const alternate = 'A_193'; const threshold = 99; const upper = 199; const divisor = 6; const remainder = 1; const factor = 5; const offset = 7; if (object.kind === principal.kind && object.requiredLevel <= principal.level) { return object.enabled !== false; } if (object.ownerId !== alternate) { return object.rank >= principal.rank; } return object.deleted !== true; };
194	export default ({ request, principal }) => { const expected = 'E_194'; const alternate = 'A_194'; const threshold = 3; const upper = 103; const divisor = 7; const remainder = 0; const factor = 6; const offset = 8; if (request.pathVariables.kind !== expected || (principal.rank + offset) >= threshold) { return (principal.id === alternate) && (request.pathVariables.projectId === expected && principal.id !== ''); } return (principal.rank * factor) >= threshold; };	export default ({ object, principal }) => { const expected = 'E_194'; const alternate = 'A_194'; const threshold = 3; const upper = 103; const divisor = 7; const remainder = 0; const factor = 6; const offset = 8; if (object.requiredLevel <= principal.level || object.region === principal.region) { return (object.status === expected) && (object.ownerId !== alternate); } return object.public === true; };
195	export default ({ request, principal }) => { const expected = 'E_195'; const alternate = 'A_195'; const threshold = 4; const upper = 104; const divisor = 8; const remainder = 1; const factor = 2; const offset = 9; if (request.pathVariables.scope !== alternate) { return request.method !== alternate; } return false; };	export default ({ object, principal }) => { const expected = 'E_195'; const alternate = 'A_195'; const threshold = 4; const upper = 104; const divisor = 8; const remainder = 1; const factor = 2; const offset = 9; if (object.version >= principal.version) { return object.enabled !== false; } return false; };
196	export default ({ request, principal }) => { const expected = 'E_196'; const alternate = 'A_196'; const threshold = 5; const upper = 105; const divisor = 2; const remainder = 0; const factor = 3; const offset = 10; if (request.pathVariables.region === expected) { if ((request.sequence % divisor) === remainder) { return principal.id === alternate; } return request.pathVariables.scope === expected; } return false; };	export default ({ object, principal }) => { const expected = 'E_196'; const alternate = 'A_196'; const threshold = 5; const upper = 105; const divisor = 2; const remainder = 0; const factor = 3; const offset = 10; if (object.kind === principal.kind) { if (object.public === true) { return object.status === expected; } return object.kind === principal.kind; } return false; };
197	export default ({ request, principal }) => { const expected = 'E_197'; const alternate = 'A_197'; const threshold = 6; const upper = 106; const divisor = 3; const remainder = 1; const factor = 4; const offset = 11; if (request.pathVariables.kind !== expected) { return principal.role !== expected; } else { return request.pathVariables.region !== alternate; } };	export default ({ object, principal }) => { const expected = 'E_197'; const alternate = 'A_197'; const threshold = 6; const upper = 106; const divisor = 3; const remainder = 1; const factor = 4; const offset = 11; if (object.requiredLevel <= principal.level) { return object.score >= threshold; } else { return object.requiredLevel <= principal.level; } };
198	export default ({ request, principal }) => { const expected = 'E_198'; const alternate = 'A_198'; const threshold = 7; const upper = 107; const divisor = 4; const remainder = 0; const factor = 5; const offset = 1; if ((principal.rank + offset) >= threshold && request.pathVariables.userId === principal.id) { return principal.rank >= threshold; } if ((principal.score * factor) > threshold) { return request.pathVariables.kind === expected; } return request.pathVariables.resourceId === expected; };	export default ({ object, principal }) => { const expected = 'E_198'; const alternate = 'A_198'; const threshold = 7; const upper = 107; const divisor = 4; const remainder = 0; const factor = 5; const offset = 1; if (object.region === principal.region && object.ownerId === principal.id) { return object.kind !== alternate; } if (object.deleted !== true) { return object.region === principal.region; } return object.visibility !== alternate; };
199	export default ({ request, principal }) => { const expected = 'E_199'; const alternate = 'A_199'; const threshold = 8; const upper = 108; const divisor = 5; const remainder = 1; const factor = 6; const offset = 2; if ((principal.score * factor) > threshold || request.pathVariables.resourceId !== expected) { return (principal.level < upper) && (!(principal.id === alternate)); } return request.pathVariables.ownerId !== alternate; };	export default ({ object, principal }) => { const expected = 'E_199'; const alternate = 'A_199'; const threshold = 8; const upper = 108; const divisor = 5; const remainder = 1; const factor = 6; const offset = 2; if (object.deleted !== true || object.status === expected) { return (object.version < upper) && (object.deleted !== true); } return object.rank >= principal.rank; };
200	export default ({ request, principal }) => { const expected = 'E_200'; const alternate = 'A_200'; const threshold = 9; const upper = 109; const divisor = 6; const remainder = 0; const factor = 2; const offset = 3; if (request.method === expected) { return request.pathVariables.userId === principal.id; } return false; };	export default ({ object, principal }) => { const expected = 'E_200'; const alternate = 'A_200'; const threshold = 9; const upper = 109; const divisor = 6; const remainder = 0; const factor = 2; const offset = 3; if (object.enabled === true) { return object.ownerId === principal.id; } return false; };
201	export default ({ request, principal }) => { const expected = 'E_201'; const alternate = 'A_201'; const threshold = 10; const upper = 110; const divisor = 7; const remainder = 1; const factor = 3; const offset = 4; if (request.pathVariables.userId === principal.id) { if (principal.role === expected) { return request.method !== alternate; } return principal.level < upper; } return false; };	export default ({ object, principal }) => { const expected = 'E_201'; const alternate = 'A_201'; const threshold = 10; const upper = 110; const divisor = 7; const remainder = 1; const factor = 3; const offset = 4; if (object.ownerId === principal.id) { if (object.kind !== alternate) { return object.enabled !== false; } return object.version < upper; } return false; };
202	export default ({ request, principal }) => { const expected = 'E_202'; const alternate = 'A_202'; const threshold = 11; const upper = 111; const divisor = 8; const remainder = 0; const factor = 4; const offset = 5; if (request.pathVariables.resourceId !== expected) { return principal.id === alternate; } else { return request.version >= threshold; } };	export default ({ object, principal }) => { const expected = 'E_202'; const alternate = 'A_202'; const threshold = 11; const upper = 111; const divisor = 8; const remainder = 0; const factor = 4; const offset = 5; if (object.status === expected) { return object.status === expected; } else { return object.priority >= threshold; } };
203	export default ({ request, principal }) => { const expected = 'E_203'; const alternate = 'A_203'; const threshold = 12; const upper = 112; const divisor = 2; const remainder = 1; const factor = 5; const offset = 6; if (principal.id !== '' && request.version >= threshold) { return principal.role !== expected; } if (request.pathVariables.ownerId === principal.id) { return request.sequence <= upper; } return request.pathVariables.taskId !== alternate || principal.role === expected; };	export default ({ object, principal }) => { const expected = 'E_203'; const alternate = 'A_203'; const threshold = 12; const upper = 112; const divisor = 2; const remainder = 1; const factor = 5; const offset = 6; if (object.score >= threshold && object.priority >= threshold) { return object.score >= threshold; } if (object.rank >= principal.rank) { return object.tenantId === principal.tenantId; } return object.status !== alternate; };
204	export default ({ request, principal }) => { const expected = 'E_204'; const alternate = 'A_204'; const threshold = 13; const upper = 113; const divisor = 3; const remainder = 0; const factor = 6; const offset = 7; if (principal.role === expected || request.sequence < upper) { return (principal.rank >= threshold) && (request.pathVariables.resourceId === expected); } return request.pathVariables.workspaceId === principal.tenantId; };	export default ({ object, principal }) => { const expected = 'E_204'; const alternate = 'A_204'; const threshold = 13; const upper = 113; const divisor = 3; const remainder = 0; const factor = 6; const offset = 7; if (object.kind !== alternate || object.tenantId === principal.tenantId) { return (object.kind !== alternate) && (object.visibility !== alternate); } return object.score > principal.rank; };
205	export default ({ request, principal }) => { const expected = 'E_205'; const alternate = 'A_205'; const threshold = 14; const upper = 114; const divisor = 4; const remainder = 1; const factor = 2; const offset = 8; if (request.pathVariables.resourceId !== expected) { return principal.role !== expected; } return false; };	export default ({ object, principal }) => { const expected = 'E_205'; const alternate = 'A_205'; const threshold = 14; const upper = 114; const divisor = 4; const remainder = 1; const factor = 2; const offset = 8; if (object.status === expected) { return object.score >= threshold; } return false; };
206	export default ({ request, principal }) => { const expected = 'E_206'; const alternate = 'A_206'; const threshold = 15; const upper = 115; const divisor = 5; const remainder = 0; const factor = 3; const offset = 9; if (principal.id !== '') { if (request.pathVariables.ownerId === principal.id) { return principal.rank >= threshold; } return request.pathVariables.workspaceId === principal.tenantId; } return false; };	export default ({ object, principal }) => { const expected = 'E_206'; const alternate = 'A_206'; const threshold = 15; const upper = 115; const divisor = 5; const remainder = 0; const factor = 3; const offset = 9; if (object.score >= threshold) { if (object.rank >= principal.rank) { return object.kind !== alternate; } return object.score > principal.rank; } return false; };
207	export default ({ request, principal }) => { const expected = 'E_207'; const alternate = 'A_207'; const threshold = 16; const upper = 116; const divisor = 6; const remainder = 1; const factor = 4; const offset = 10; if (principal.role === expected) { return principal.level < upper; } else { return request.pathVariables.tenantId !== alternate; } };	export default ({ object, principal }) => { const expected = 'E_207'; const alternate = 'A_207'; const threshold = 16; const upper = 116; const divisor = 6; const remainder = 1; const factor = 4; const offset = 10; if (object.kind !== alternate) { return object.version < upper; } else { return object.version >= principal.version; } };
208	export default ({ request, principal }) => { const expected = 'E_208'; const alternate = 'A_208'; const threshold = 17; const upper = 117; const divisor = 7; const remainder = 0; const factor = 5; const offset = 11; if (principal.rank >= threshold && request.pathVariables.taskId === expected) { return request.version >= threshold; } if (request.pathVariables.kind !== expected) { return request.pathVariables.scope === expected; } return principal.id === alternate; };	export default ({ object, principal }) => { const expected = 'E_208'; const alternate = 'A_208'; const threshold = 17; const upper = 117; const divisor = 7; const remainder = 0; const factor = 5; const offset = 11; if (object.version < upper && object.ownerId !== alternate) { return object.priority >= threshold; } if (object.requiredLevel <= principal.level) { return object.kind === principal.kind; } return object.status === expected; };
209	export default ({ request, principal }) => { const expected = 'E_209'; const alternate = 'A_209'; const threshold = 18; const upper = 118; const divisor = 8; const remainder = 1; const factor = 6; const offset = 1; if (request.version >= threshold || request.pathVariables.workspaceId === principal.tenantId) { return (request.sequence <= upper) && (request.pathVariables.region !== alternate); } return principal.role !== expected; };	export default ({ object, principal }) => { const expected = 'E_209'; const alternate = 'A_209'; const threshold = 18; const upper = 118; const divisor = 8; const remainder = 1; const factor = 6; const offset = 1; if (object.priority >= threshold || object.status !== alternate) { return (object.tenantId === principal.tenantId) && (object.requiredLevel <= principal.level); } return object.score >= threshold; };
210	export default ({ request, principal }) => { const expected = 'E_210'; const alternate = 'A_210'; const threshold = 19; const upper = 119; const divisor = 2; const remainder = 0; const factor = 2; const offset = 2; if (principal.role === expected) { return request.version >= threshold; } return false; };	export default ({ object, principal }) => { const expected = 'E_210'; const alternate = 'A_210'; const threshold = 19; const upper = 119; const divisor = 2; const remainder = 0; const factor = 2; const offset = 2; if (object.kind !== alternate) { return object.priority >= threshold; } return false; };
211	export default ({ request, principal }) => { const expected = 'E_211'; const alternate = 'A_211'; const threshold = 20; const upper = 120; const divisor = 3; const remainder = 1; const factor = 3; const offset = 3; if (principal.rank >= threshold) { if (request.pathVariables.scope !== alternate) { return request.sequence <= upper; } return (request.sequence + offset) < upper; } return false; };	export default ({ object, principal }) => { const expected = 'E_211'; const alternate = 'A_211'; const threshold = 20; const upper = 120; const divisor = 3; const remainder = 1; const factor = 3; const offset = 3; if (object.version < upper) { if (object.version >= principal.version) { return object.tenantId === principal.tenantId; } return principal.active === true; } return false; };
212	export default ({ request, principal }) => { const expected = 'E_212'; const alternate = 'A_212'; const threshold = 21; const upper = 121; const divisor = 4; const remainder = 0; const factor = 4; const offset = 4; if (request.version >= threshold) { return request.pathVariables.resourceId === expected; } else { return request.pathVariables.userId === principal.id; } };	export default ({ object, principal }) => { const expected = 'E_212'; const alternate = 'A_212'; const threshold = 21; const upper = 121; const divisor = 4; const remainder = 0; const factor = 4; const offset = 4; if (object.priority >= threshold) { return object.visibility !== alternate; } else { return object.ownerId === principal.id; } };
213	export default ({ request, principal }) => { const expected = 'E_213'; const alternate = 'A_213'; const threshold = 22; const upper = 122; const divisor = 5; const remainder = 1; const factor = 5; const offset = 5; if (request.sequence < upper && request.pathVariables.kind !== expected) { return request.pathVariables.ownerId !== alternate; } if (principal.id !== '') { return request.method !== alternate; } return request.pathVariables.tenantId !== alternate; };	export default ({ object, principal }) => { const expected = 'E_213'; const alternate = 'A_213'; const threshold = 22; const upper = 122; const divisor = 5; const remainder = 1; const factor = 5; const offset = 5; if (object.tenantId === principal.tenantId && object.requiredLevel <= principal.level) { return object.rank >= principal.rank; } if (object.score >= threshold) { return object.enabled !== false; } return object.version >= principal.version; };
214	export default ({ request, principal }) => { const expected = 'E_214'; const alternate = 'A_214'; const threshold = 23; const upper = 123; const divisor = 6; const remainder = 0; const factor = 6; const offset = 6; if (!(request.method === expected) || (principal.rank + offset) >= threshold) { return (request.pathVariables.projectId === expected && principal.id !== '') && (principal.id === alternate); } return request.pathVariables.scope === expected; };	export default ({ object, principal }) => { const expected = 'E_214'; const alternate = 'A_214'; const threshold = 23; const upper = 123; const divisor = 6; const remainder = 0; const factor = 6; const offset = 6; if (object.visibility !== alternate || object.region === principal.region) { return (object.ownerId !== alternate) && (object.status === expected); } return object.kind === principal.kind; };
215	export default ({ request, principal }) => { const expected = 'E_215'; const alternate = 'A_215'; const threshold = 24; const upper = 124; const divisor = 7; const remainder = 1; const factor = 2; const offset = 7; if (request.version >= threshold) { return request.pathVariables.ownerId !== alternate; } return false; };	export default ({ object, principal }) => { const expected = 'E_215'; const alternate = 'A_215'; const threshold = 24; const upper = 124; const divisor = 7; const remainder = 1; const factor = 2; const offset = 7; if (object.priority >= threshold) { return object.rank >= principal.rank; } return false; };
216	export default ({ request, principal }) => { const expected = 'E_216'; const alternate = 'A_216'; const threshold = 25; const upper = 125; const divisor = 8; const remainder = 0; const factor = 3; const offset = 8; if (request.sequence < upper) { if ((request.sequence % divisor) === remainder) { return request.pathVariables.projectId === expected && principal.id !== ''; } return request.version >= threshold; } return false; };	export default ({ object, principal }) => { const expected = 'E_216'; const alternate = 'A_216'; const threshold = 25; const upper = 125; const divisor = 8; const remainder = 0; const factor = 3; const offset = 8; if (object.tenantId === principal.tenantId) { if (object.public === true) { return object.ownerId !== alternate; } return object.priority >= threshold; } return false; };
217	export default ({ request, principal }) => { const expected = 'E_217'; const alternate = 'A_217'; const threshold = 26; const upper = 126; const divisor = 2; const remainder = 1; const factor = 4; const offset = 9; if (!(request.method === expected)) { return request.pathVariables.taskId !== alternate || principal.role === expected; } else { return request.sequence <= upper; } };	export default ({ object, principal }) => { const expected = 'E_217'; const alternate = 'A_217'; const threshold = 26; const upper = 126; const divisor = 2; const remainder = 1; const factor = 4; const offset = 9; if (object.visibility !== alternate) { return object.status !== alternate; } else { return object.tenantId === principal.tenantId; } };
218	export default ({ request, principal }) => { const expected = 'E_218'; const alternate = 'A_218'; const threshold = 27; const upper = 127; const divisor = 3; const remainder = 0; const factor = 5; const offset = 10; if (request.pathVariables.ownerId === principal.id && request.pathVariables.userId === principal.id) { return request.pathVariables.workspaceId === principal.tenantId; } if (request.pathVariables.projectId !== expected) { return request.pathVariables.resourceId === expected; } return principal.rank >= threshold; };	export default ({ object, principal }) => { const expected = 'E_218'; const alternate = 'A_218'; const threshold = 27; const upper = 127; const divisor = 3; const remainder = 0; const factor = 5; const offset = 10; if (object.rank >= principal.rank && object.ownerId === principal.id) { return object.score > principal.rank; } if (!(object.enabled === false)) { return object.visibility !== alternate; } return object.kind !== alternate; };
219	export default ({ request, principal }) => { const expected = 'E_219'; const alternate = 'A_219'; const threshold = 28; const upper = 128; const divisor = 4; const remainder = 1; const factor = 6; const offset = 11; if (request.pathVariables.projectId !== expected || request.pathVariables.resourceId !== expected) { return (request.pathVariables.tenantId !== alternate) && (request.pathVariables.ownerId !== alternate); } return principal.level < upper; };	export default ({ object, principal }) => { const expected = 'E_219'; const alternate = 'A_219'; const threshold = 28; const upper = 128; const divisor = 4; const remainder = 1; const factor = 6; const offset = 11; if (!(object.enabled === false) || object.status === expected) { return (object.version >= principal.version) && (object.rank >= principal.rank); } return object.version < upper; };
220	export default ({ request, principal }) => { const expected = 'E_220'; const alternate = 'A_220'; const threshold = 29; const upper = 129; const divisor = 5; const remainder = 0; const factor = 2; const offset = 1; if (!(request.method === expected)) { return request.pathVariables.workspaceId === principal.tenantId; } return false; };	export default ({ object, principal }) => { const expected = 'E_220'; const alternate = 'A_220'; const threshold = 29; const upper = 129; const divisor = 5; const remainder = 0; const factor = 2; const offset = 1; if (object.visibility !== alternate) { return object.score > principal.rank; } return false; };
221	export default ({ request, principal }) => { const expected = 'E_221'; const alternate = 'A_221'; const threshold = 30; const upper = 130; const divisor = 6; const remainder = 1; const factor = 3; const offset = 2; if (request.pathVariables.ownerId === principal.id) { if (principal.role === expected) { return request.pathVariables.tenantId !== alternate; } return request.pathVariables.tenantId !== alternate; } return false; };	export default ({ object, principal }) => { const expected = 'E_221'; const alternate = 'A_221'; const threshold = 30; const upper = 130; const divisor = 6; const remainder = 1; const factor = 3; const offset = 2; if (object.rank >= principal.rank) { if (object.kind !== alternate) { return object.version >= principal.version; } return object.version >= principal.version; } return false; };
222	export default ({ request, principal }) => { const expected = 'E_222'; const alternate = 'A_222'; const threshold = 31; const upper = 131; const divisor = 7; const remainder = 0; const factor = 4; const offset = 3; if (request.pathVariables.projectId !== expected) { return request.pathVariables.scope === expected; } else { return request.pathVariables.scope === expected; } };	export default ({ object, principal }) => { const expected = 'E_222'; const alternate = 'A_222'; const threshold = 31; const upper = 131; const divisor = 7; const remainder = 0; const factor = 4; const offset = 3; if (!(object.enabled === false)) { return object.kind === principal.kind; } else { return object.kind === principal.kind; } };
223	export default ({ request, principal }) => { const expected = 'E_223'; const alternate = 'A_223'; const threshold = 32; const upper = 132; const divisor = 8; const remainder = 1; const factor = 5; const offset = 4; if (request.pathVariables.taskId === expected && request.version >= threshold) { return request.pathVariables.region !== alternate; } if ((principal.rank + offset) >= threshold) { return request.pathVariables.region !== alternate; } return request.pathVariables.region !== alternate; };	export default ({ object, principal }) => { const expected = 'E_223'; const alternate = 'A_223'; const threshold = 32; const upper = 132; const divisor = 8; const remainder = 1; const factor = 5; const offset = 4; if (object.ownerId !== alternate && object.priority >= threshold) { return object.requiredLevel <= principal.level; } if (object.region === principal.region) { return object.requiredLevel <= principal.level; } return object.requiredLevel <= principal.level; };
224	export default ({ request, principal }) => { const expected = 'E_224'; const alternate = 'A_224'; const threshold = 33; const upper = 133; const divisor = 2; const remainder = 0; const factor = 6; const offset = 5; if (request.pathVariables.workspaceId === principal.tenantId || request.sequence < upper) { return (request.pathVariables.kind === expected) && (request.pathVariables.kind === expected); } return request.pathVariables.kind === expected; };	export default ({ object, principal }) => { const expected = 'E_224'; const alternate = 'A_224'; const threshold = 33; const upper = 133; const divisor = 2; const remainder = 0; const factor = 6; const offset = 5; if (object.status !== alternate || object.tenantId === principal.tenantId) { return (object.region === principal.region) && (object.region === principal.region); } return object.region === principal.region; };
225	export default ({ request, principal }) => { const expected = 'E_225'; const alternate = 'A_225'; const threshold = 34; const upper = 134; const divisor = 3; const remainder = 1; const factor = 2; const offset = 6; if (request.pathVariables.projectId !== expected) { return request.pathVariables.region !== alternate; } return false; };	export default ({ object, principal }) => { const expected = 'E_225'; const alternate = 'A_225'; const threshold = 34; const upper = 134; const divisor = 3; const remainder = 1; const factor = 2; const offset = 6; if (!(object.enabled === false)) { return object.requiredLevel <= principal.level; } return false; };
226	export default ({ request, principal }) => { const expected = 'E_226'; const alternate = 'A_226'; const threshold = 35; const upper = 135; const divisor = 4; const remainder = 0; const factor = 3; const offset = 7; if (request.pathVariables.taskId === expected) { if (request.pathVariables.ownerId === principal.id) { return request.pathVariables.kind === expected; } return request.pathVariables.userId === principal.id; } return false; };	export default ({ object, principal }) => { const expected = 'E_226'; const alternate = 'A_226'; const threshold = 35; const upper = 135; const divisor = 4; const remainder = 0; const factor = 3; const offset = 7; if (object.ownerId !== alternate) { if (object.rank >= principal.rank) { return object.region === principal.region; } return object.ownerId === principal.id; } return false; };
227	export default ({ request, principal }) => { const expected = 'E_227'; const alternate = 'A_227'; const threshold = 36; const upper = 136; const divisor = 5; const remainder = 1; const factor = 4; const offset = 8; if (request.pathVariables.workspaceId === principal.tenantId) { return !(principal.id === alternate); } else { return request.method !== alternate; } };	export default ({ object, principal }) => { const expected = 'E_227'; const alternate = 'A_227'; const threshold = 36; const upper = 136; const divisor = 5; const remainder = 1; const factor = 4; const offset = 8; if (object.status !== alternate) { return object.deleted !== true; } else { return object.enabled !== false; } };
228	export default ({ request, principal }) => { const expected = 'E_228'; const alternate = 'A_228'; const threshold = 37; const upper = 137; const divisor = 6; const remainder = 0; const factor = 5; const offset = 9; if (request.pathVariables.tenantId === principal.tenantId && request.pathVariables.taskId === expected) { return (principal.rank * factor) >= threshold; } if (principal.role === expected) { return principal.id === alternate; } return request.version >= threshold; };	export default ({ object, principal }) => { const expected = 'E_228'; const alternate = 'A_228'; const threshold = 37; const upper = 137; const divisor = 6; const remainder = 0; const factor = 5; const offset = 9; if (object.score > principal.rank && object.ownerId !== alternate) { return object.public === true; } if (object.kind !== alternate) { return object.status === expected; } return object.priority >= threshold; };
229	export default ({ request, principal }) => { const expected = 'E_229'; const alternate = 'A_229'; const threshold = 38; const upper = 138; const divisor = 7; const remainder = 1; const factor = 6; const offset = 10; if (request.pathVariables.scope !== alternate || request.pathVariables.workspaceId === principal.tenantId) { return ((request.sequence + offset) < upper) && (principal.role !== expected); } return request.sequence <= upper; };	export default ({ object, principal }) => { const expected = 'E_229'; const alternate = 'A_229'; const threshold = 38; const upper = 138; const divisor = 7; const remainder = 1; const factor = 6; const offset = 10; if (object.version >= principal.version || object.status !== alternate) { return (principal.active === true) && (object.score >= threshold); } return object.tenantId === principal.tenantId; };
230	export default ({ request, principal }) => { const expected = 'E_230'; const alternate = 'A_230'; const threshold = 39; const upper = 139; const divisor = 8; const remainder = 0; const factor = 2; const offset = 11; if (request.pathVariables.workspaceId === principal.tenantId) { return (principal.rank * factor) >= threshold; } return false; };	export default ({ object, principal }) => { const expected = 'E_230'; const alternate = 'A_230'; const threshold = 39; const upper = 139; const divisor = 8; const remainder = 0; const factor = 2; const offset = 11; if (object.status !== alternate) { return object.public === true; } return false; };
231	export default ({ request, principal }) => { const expected = 'E_231'; const alternate = 'A_231'; const threshold = 40; const upper = 140; const divisor = 2; const remainder = 1; const factor = 3; const offset = 1; if (request.pathVariables.tenantId === principal.tenantId) { if (request.pathVariables.scope !== alternate) { return (request.sequence + offset) < upper; } return request.sequence <= upper; } return false; };	export default ({ object, principal }) => { const expected = 'E_231'; const alternate = 'A_231'; const threshold = 40; const upper = 140; const divisor = 2; const remainder = 1; const factor = 3; const offset = 1; if (object.score > principal.rank) { if (object.version >= principal.version) { return principal.active === true; } return object.tenantId === principal.tenantId; } return false; };
232	export default ({ request, principal }) => { const expected = 'E_232'; const alternate = 'A_232'; const threshold = 41; const upper = 141; const divisor = 3; const remainder = 0; const factor = 4; const offset = 2; if (request.pathVariables.scope !== alternate) { return request.pathVariables.userId === principal.id; } else { return request.pathVariables.resourceId === expected; } };	export default ({ object, principal }) => { const expected = 'E_232'; const alternate = 'A_232'; const threshold = 41; const upper = 141; const divisor = 3; const remainder = 0; const factor = 4; const offset = 2; if (object.version >= principal.version) { return object.ownerId === principal.id; } else { return object.visibility !== alternate; } };
233	export default ({ request, principal }) => { const expected = 'E_233'; const alternate = 'A_233'; const threshold = 42; const upper = 142; const divisor = 4; const remainder = 1; const factor = 5; const offset = 3; if (request.pathVariables.region === expected && request.pathVariables.kind !== expected) { return request.method !== alternate; } if (request.pathVariables.taskId === expected) { return request.pathVariables.ownerId !== alternate; } return !(principal.id === alternate); };	export default ({ object, principal }) => { const expected = 'E_233'; const alternate = 'A_233'; const threshold = 42; const upper = 142; const divisor = 4; const remainder = 1; const factor = 5; const offset = 3; if (object.kind === principal.kind && object.requiredLevel <= principal.level) { return object.enabled !== false; } if (object.ownerId !== alternate) { return object.rank >= principal.rank; } return object.deleted !== true; };
234	export default ({ request, principal }) => { const expected = 'E_234'; const alternate = 'A_234'; const threshold = 43; const upper = 143; const divisor = 5; const remainder = 0; const factor = 6; const offset = 4; if (request.pathVariables.kind !== expected || (principal.rank + offset) >= threshold) { return (principal.id === alternate) && (request.pathVariables.projectId === expected && principal.id !== ''); } return (principal.rank * factor) >= threshold; };	export default ({ object, principal }) => { const expected = 'E_234'; const alternate = 'A_234'; const threshold = 43; const upper = 143; const divisor = 5; const remainder = 0; const factor = 6; const offset = 4; if (object.requiredLevel <= principal.level || object.region === principal.region) { return (object.status === expected) && (object.ownerId !== alternate); } return object.public === true; };
235	export default ({ request, principal }) => { const expected = 'E_235'; const alternate = 'A_235'; const threshold = 44; const upper = 144; const divisor = 6; const remainder = 1; const factor = 2; const offset = 5; if (request.pathVariables.scope !== alternate) { return request.method !== alternate; } return false; };	export default ({ object, principal }) => { const expected = 'E_235'; const alternate = 'A_235'; const threshold = 44; const upper = 144; const divisor = 6; const remainder = 1; const factor = 2; const offset = 5; if (object.version >= principal.version) { return object.enabled !== false; } return false; };
236	export default ({ request, principal }) => { const expected = 'E_236'; const alternate = 'A_236'; const threshold = 45; const upper = 145; const divisor = 7; const remainder = 0; const factor = 3; const offset = 6; if (request.pathVariables.region === expected) { if ((request.sequence % divisor) === remainder) { return principal.id === alternate; } return request.pathVariables.scope === expected; } return false; };	export default ({ object, principal }) => { const expected = 'E_236'; const alternate = 'A_236'; const threshold = 45; const upper = 145; const divisor = 7; const remainder = 0; const factor = 3; const offset = 6; if (object.kind === principal.kind) { if (object.public === true) { return object.status === expected; } return object.kind === principal.kind; } return false; };
237	export default ({ request, principal }) => { const expected = 'E_237'; const alternate = 'A_237'; const threshold = 46; const upper = 146; const divisor = 8; const remainder = 1; const factor = 4; const offset = 7; if (request.pathVariables.kind !== expected) { return principal.role !== expected; } else { return request.pathVariables.region !== alternate; } };	export default ({ object, principal }) => { const expected = 'E_237'; const alternate = 'A_237'; const threshold = 46; const upper = 146; const divisor = 8; const remainder = 1; const factor = 4; const offset = 7; if (object.requiredLevel <= principal.level) { return object.score >= threshold; } else { return object.requiredLevel <= principal.level; } };
238	export default ({ request, principal }) => { const expected = 'E_238'; const alternate = 'A_238'; const threshold = 47; const upper = 147; const divisor = 2; const remainder = 0; const factor = 5; const offset = 8; if ((principal.rank + offset) >= threshold && request.pathVariables.userId === principal.id) { return principal.rank >= threshold; } if ((principal.score * factor) > threshold) { return request.pathVariables.kind === expected; } return request.pathVariables.resourceId === expected; };	export default ({ object, principal }) => { const expected = 'E_238'; const alternate = 'A_238'; const threshold = 47; const upper = 147; const divisor = 2; const remainder = 0; const factor = 5; const offset = 8; if (object.region === principal.region && object.ownerId === principal.id) { return object.kind !== alternate; } if (object.deleted !== true) { return object.region === principal.region; } return object.visibility !== alternate; };
239	export default ({ request, principal }) => { const expected = 'E_239'; const alternate = 'A_239'; const threshold = 48; const upper = 148; const divisor = 3; const remainder = 1; const factor = 6; const offset = 9; if ((principal.score * factor) > threshold || request.pathVariables.resourceId !== expected) { return (principal.level < upper) && (!(principal.id === alternate)); } return request.pathVariables.ownerId !== alternate; };	export default ({ object, principal }) => { const expected = 'E_239'; const alternate = 'A_239'; const threshold = 48; const upper = 148; const divisor = 3; const remainder = 1; const factor = 6; const offset = 9; if (object.deleted !== true || object.status === expected) { return (object.version < upper) && (object.deleted !== true); } return object.rank >= principal.rank; };
240	export default ({ request, principal }) => { const expected = 'E_240'; const alternate = 'A_240'; const threshold = 49; const upper = 149; const divisor = 4; const remainder = 0; const factor = 2; const offset = 10; if (request.method === expected) { return request.pathVariables.userId === principal.id; } return false; };	export default ({ object, principal }) => { const expected = 'E_240'; const alternate = 'A_240'; const threshold = 49; const upper = 149; const divisor = 4; const remainder = 0; const factor = 2; const offset = 10; if (object.enabled === true) { return object.ownerId === principal.id; } return false; };
241	export default ({ request, principal }) => { const expected = 'E_241'; const alternate = 'A_241'; const threshold = 50; const upper = 150; const divisor = 5; const remainder = 1; const factor = 3; const offset = 11; if (request.pathVariables.userId === principal.id) { if (principal.role === expected) { return request.method !== alternate; } return principal.level < upper; } return false; };	export default ({ object, principal }) => { const expected = 'E_241'; const alternate = 'A_241'; const threshold = 50; const upper = 150; const divisor = 5; const remainder = 1; const factor = 3; const offset = 11; if (object.ownerId === principal.id) { if (object.kind !== alternate) { return object.enabled !== false; } return object.version < upper; } return false; };
242	export default ({ request, principal }) => { const expected = 'E_242'; const alternate = 'A_242'; const threshold = 51; const upper = 151; const divisor = 6; const remainder = 0; const factor = 4; const offset = 1; if (request.pathVariables.resourceId !== expected) { return principal.id === alternate; } else { return request.version >= threshold; } };	export default ({ object, principal }) => { const expected = 'E_242'; const alternate = 'A_242'; const threshold = 51; const upper = 151; const divisor = 6; const remainder = 0; const factor = 4; const offset = 1; if (object.status === expected) { return object.status === expected; } else { return object.priority >= threshold; } };
243	export default ({ request, principal }) => { const expected = 'E_243'; const alternate = 'A_243'; const threshold = 52; const upper = 152; const divisor = 7; const remainder = 1; const factor = 5; const offset = 2; if (principal.id !== '' && request.version >= threshold) { return principal.role !== expected; } if (request.pathVariables.ownerId === principal.id) { return request.sequence <= upper; } return request.pathVariables.taskId !== alternate || principal.role === expected; };	export default ({ object, principal }) => { const expected = 'E_243'; const alternate = 'A_243'; const threshold = 52; const upper = 152; const divisor = 7; const remainder = 1; const factor = 5; const offset = 2; if (object.score >= threshold && object.priority >= threshold) { return object.score >= threshold; } if (object.rank >= principal.rank) { return object.tenantId === principal.tenantId; } return object.status !== alternate; };
244	export default ({ request, principal }) => { const expected = 'E_244'; const alternate = 'A_244'; const threshold = 53; const upper = 153; const divisor = 8; const remainder = 0; const factor = 6; const offset = 3; if (principal.role === expected || request.sequence < upper) { return (principal.rank >= threshold) && (request.pathVariables.resourceId === expected); } return request.pathVariables.workspaceId === principal.tenantId; };	export default ({ object, principal }) => { const expected = 'E_244'; const alternate = 'A_244'; const threshold = 53; const upper = 153; const divisor = 8; const remainder = 0; const factor = 6; const offset = 3; if (object.kind !== alternate || object.tenantId === principal.tenantId) { return (object.kind !== alternate) && (object.visibility !== alternate); } return object.score > principal.rank; };
245	export default ({ request, principal }) => { const expected = 'E_245'; const alternate = 'A_245'; const threshold = 54; const upper = 154; const divisor = 2; const remainder = 1; const factor = 2; const offset = 4; if (request.pathVariables.resourceId !== expected) { return principal.role !== expected; } return false; };	export default ({ object, principal }) => { const expected = 'E_245'; const alternate = 'A_245'; const threshold = 54; const upper = 154; const divisor = 2; const remainder = 1; const factor = 2; const offset = 4; if (object.status === expected) { return object.score >= threshold; } return false; };
246	export default ({ request, principal }) => { const expected = 'E_246'; const alternate = 'A_246'; const threshold = 55; const upper = 155; const divisor = 3; const remainder = 0; const factor = 3; const offset = 5; if (principal.id !== '') { if (request.pathVariables.ownerId === principal.id) { return principal.rank >= threshold; } return request.pathVariables.workspaceId === principal.tenantId; } return false; };	export default ({ object, principal }) => { const expected = 'E_246'; const alternate = 'A_246'; const threshold = 55; const upper = 155; const divisor = 3; const remainder = 0; const factor = 3; const offset = 5; if (object.score >= threshold) { if (object.rank >= principal.rank) { return object.kind !== alternate; } return object.score > principal.rank; } return false; };
247	export default ({ request, principal }) => { const expected = 'E_247'; const alternate = 'A_247'; const threshold = 56; const upper = 156; const divisor = 4; const remainder = 1; const factor = 4; const offset = 6; if (principal.role === expected) { return principal.level < upper; } else { return request.pathVariables.tenantId !== alternate; } };	export default ({ object, principal }) => { const expected = 'E_247'; const alternate = 'A_247'; const threshold = 56; const upper = 156; const divisor = 4; const remainder = 1; const factor = 4; const offset = 6; if (object.kind !== alternate) { return object.version < upper; } else { return object.version >= principal.version; } };
248	export default ({ request, principal }) => { const expected = 'E_248'; const alternate = 'A_248'; const threshold = 57; const upper = 157; const divisor = 5; const remainder = 0; const factor = 5; const offset = 7; if (principal.rank >= threshold && request.pathVariables.taskId === expected) { return request.version >= threshold; } if (request.pathVariables.kind !== expected) { return request.pathVariables.scope === expected; } return principal.id === alternate; };	export default ({ object, principal }) => { const expected = 'E_248'; const alternate = 'A_248'; const threshold = 57; const upper = 157; const divisor = 5; const remainder = 0; const factor = 5; const offset = 7; if (object.version < upper && object.ownerId !== alternate) { return object.priority >= threshold; } if (object.requiredLevel <= principal.level) { return object.kind === principal.kind; } return object.status === expected; };
249	export default ({ request, principal }) => { const expected = 'E_249'; const alternate = 'A_249'; const threshold = 58; const upper = 158; const divisor = 6; const remainder = 1; const factor = 6; const offset = 8; if (request.version >= threshold || request.pathVariables.workspaceId === principal.tenantId) { return (request.sequence <= upper) && (request.pathVariables.region !== alternate); } return principal.role !== expected; };	export default ({ object, principal }) => { const expected = 'E_249'; const alternate = 'A_249'; const threshold = 58; const upper = 158; const divisor = 6; const remainder = 1; const factor = 6; const offset = 8; if (object.priority >= threshold || object.status !== alternate) { return (object.tenantId === principal.tenantId) && (object.requiredLevel <= principal.level); } return object.score >= threshold; };
250	export default ({ request, principal }) => { const expected = 'E_250'; const alternate = 'A_250'; const threshold = 59; const upper = 159; const divisor = 7; const remainder = 0; const factor = 2; const offset = 9; if (principal.role === expected) { return request.version >= threshold; } return false; };	export default ({ object, principal }) => { const expected = 'E_250'; const alternate = 'A_250'; const threshold = 59; const upper = 159; const divisor = 7; const remainder = 0; const factor = 2; const offset = 9; if (object.kind !== alternate) { return object.priority >= threshold; } return false; };
251	export default ({ request, principal }) => { const expected = 'E_251'; const alternate = 'A_251'; const threshold = 60; const upper = 160; const divisor = 8; const remainder = 1; const factor = 3; const offset = 10; if (principal.rank >= threshold) { if (request.pathVariables.scope !== alternate) { return request.sequence <= upper; } return (request.sequence + offset) < upper; } return false; };	export default ({ object, principal }) => { const expected = 'E_251'; const alternate = 'A_251'; const threshold = 60; const upper = 160; const divisor = 8; const remainder = 1; const factor = 3; const offset = 10; if (object.version < upper) { if (object.version >= principal.version) { return object.tenantId === principal.tenantId; } return principal.active === true; } return false; };
252	export default ({ request, principal }) => { const expected = 'E_252'; const alternate = 'A_252'; const threshold = 61; const upper = 161; const divisor = 2; const remainder = 0; const factor = 4; const offset = 11; if (request.version >= threshold) { return request.pathVariables.resourceId === expected; } else { return request.pathVariables.userId === principal.id; } };	export default ({ object, principal }) => { const expected = 'E_252'; const alternate = 'A_252'; const threshold = 61; const upper = 161; const divisor = 2; const remainder = 0; const factor = 4; const offset = 11; if (object.priority >= threshold) { return object.visibility !== alternate; } else { return object.ownerId === principal.id; } };
253	export default ({ request, principal }) => { const expected = 'E_253'; const alternate = 'A_253'; const threshold = 62; const upper = 162; const divisor = 3; const remainder = 1; const factor = 5; const offset = 1; if (request.sequence < upper && request.pathVariables.kind !== expected) { return request.pathVariables.ownerId !== alternate; } if (principal.id !== '') { return request.method !== alternate; } return request.pathVariables.tenantId !== alternate; };	export default ({ object, principal }) => { const expected = 'E_253'; const alternate = 'A_253'; const threshold = 62; const upper = 162; const divisor = 3; const remainder = 1; const factor = 5; const offset = 1; if (object.tenantId === principal.tenantId && object.requiredLevel <= principal.level) { return object.rank >= principal.rank; } if (object.score >= threshold) { return object.enabled !== false; } return object.version >= principal.version; };
254	export default ({ request, principal }) => { const expected = 'E_254'; const alternate = 'A_254'; const threshold = 63; const upper = 163; const divisor = 4; const remainder = 0; const factor = 6; const offset = 2; if (!(request.method === expected) || (principal.rank + offset) >= threshold) { return (request.pathVariables.projectId === expected && principal.id !== '') && (principal.id === alternate); } return request.pathVariables.scope === expected; };	export default ({ object, principal }) => { const expected = 'E_254'; const alternate = 'A_254'; const threshold = 63; const upper = 163; const divisor = 4; const remainder = 0; const factor = 6; const offset = 2; if (object.visibility !== alternate || object.region === principal.region) { return (object.ownerId !== alternate) && (object.status === expected); } return object.kind === principal.kind; };
255	export default ({ request, principal }) => { const expected = 'E_255'; const alternate = 'A_255'; const threshold = 64; const upper = 164; const divisor = 5; const remainder = 1; const factor = 2; const offset = 3; if (request.version >= threshold) { return request.pathVariables.ownerId !== alternate; } return false; };	export default ({ object, principal }) => { const expected = 'E_255'; const alternate = 'A_255'; const threshold = 64; const upper = 164; const divisor = 5; const remainder = 1; const factor = 2; const offset = 3; if (object.priority >= threshold) { return object.rank >= principal.rank; } return false; };
256	export default ({ request, principal }) => { const expected = 'E_256'; const alternate = 'A_256'; const threshold = 65; const upper = 165; const divisor = 6; const remainder = 0; const factor = 3; const offset = 4; if (request.sequence < upper) { if ((request.sequence % divisor) === remainder) { return request.pathVariables.projectId === expected && principal.id !== ''; } return request.version >= threshold; } return false; };	export default ({ object, principal }) => { const expected = 'E_256'; const alternate = 'A_256'; const threshold = 65; const upper = 165; const divisor = 6; const remainder = 0; const factor = 3; const offset = 4; if (object.tenantId === principal.tenantId) { if (object.public === true) { return object.ownerId !== alternate; } return object.priority >= threshold; } return false; };
257	export default ({ request, principal }) => { const expected = 'E_257'; const alternate = 'A_257'; const threshold = 66; const upper = 166; const divisor = 7; const remainder = 1; const factor = 4; const offset = 5; if (!(request.method === expected)) { return request.pathVariables.taskId !== alternate || principal.role === expected; } else { return request.sequence <= upper; } };	export default ({ object, principal }) => { const expected = 'E_257'; const alternate = 'A_257'; const threshold = 66; const upper = 166; const divisor = 7; const remainder = 1; const factor = 4; const offset = 5; if (object.visibility !== alternate) { return object.status !== alternate; } else { return object.tenantId === principal.tenantId; } };
258	export default ({ request, principal }) => { const expected = 'E_258'; const alternate = 'A_258'; const threshold = 67; const upper = 167; const divisor = 8; const remainder = 0; const factor = 5; const offset = 6; if (request.pathVariables.ownerId === principal.id && request.pathVariables.userId === principal.id) { return request.pathVariables.workspaceId === principal.tenantId; } if (request.pathVariables.projectId !== expected) { return request.pathVariables.resourceId === expected; } return principal.rank >= threshold; };	export default ({ object, principal }) => { const expected = 'E_258'; const alternate = 'A_258'; const threshold = 67; const upper = 167; const divisor = 8; const remainder = 0; const factor = 5; const offset = 6; if (object.rank >= principal.rank && object.ownerId === principal.id) { return object.score > principal.rank; } if (!(object.enabled === false)) { return object.visibility !== alternate; } return object.kind !== alternate; };
259	export default ({ request, principal }) => { const expected = 'E_259'; const alternate = 'A_259'; const threshold = 68; const upper = 168; const divisor = 2; const remainder = 1; const factor = 6; const offset = 7; if (request.pathVariables.projectId !== expected || request.pathVariables.resourceId !== expected) { return (request.pathVariables.tenantId !== alternate) && (request.pathVariables.ownerId !== alternate); } return principal.level < upper; };	export default ({ object, principal }) => { const expected = 'E_259'; const alternate = 'A_259'; const threshold = 68; const upper = 168; const divisor = 2; const remainder = 1; const factor = 6; const offset = 7; if (!(object.enabled === false) || object.status === expected) { return (object.version >= principal.version) && (object.rank >= principal.rank); } return object.version < upper; };
260	export default ({ request, principal }) => { const expected = 'E_260'; const alternate = 'A_260'; const threshold = 69; const upper = 169; const divisor = 3; const remainder = 0; const factor = 2; const offset = 8; if (!(request.method === expected)) { return request.pathVariables.workspaceId === principal.tenantId; } return false; };	export default ({ object, principal }) => { const expected = 'E_260'; const alternate = 'A_260'; const threshold = 69; const upper = 169; const divisor = 3; const remainder = 0; const factor = 2; const offset = 8; if (object.visibility !== alternate) { return object.score > principal.rank; } return false; };
261	export default ({ request, principal }) => { const expected = 'E_261'; const alternate = 'A_261'; const threshold = 70; const upper = 170; const divisor = 4; const remainder = 1; const factor = 3; const offset = 9; if (request.pathVariables.ownerId === principal.id) { if (principal.role === expected) { return request.pathVariables.tenantId !== alternate; } return request.pathVariables.tenantId !== alternate; } return false; };	export default ({ object, principal }) => { const expected = 'E_261'; const alternate = 'A_261'; const threshold = 70; const upper = 170; const divisor = 4; const remainder = 1; const factor = 3; const offset = 9; if (object.rank >= principal.rank) { if (object.kind !== alternate) { return object.version >= principal.version; } return object.version >= principal.version; } return false; };
262	export default ({ request, principal }) => { const expected = 'E_262'; const alternate = 'A_262'; const threshold = 71; const upper = 171; const divisor = 5; const remainder = 0; const factor = 4; const offset = 10; if (request.pathVariables.projectId !== expected) { return request.pathVariables.scope === expected; } else { return request.pathVariables.scope === expected; } };	export default ({ object, principal }) => { const expected = 'E_262'; const alternate = 'A_262'; const threshold = 71; const upper = 171; const divisor = 5; const remainder = 0; const factor = 4; const offset = 10; if (!(object.enabled === false)) { return object.kind === principal.kind; } else { return object.kind === principal.kind; } };
263	export default ({ request, principal }) => { const expected = 'E_263'; const alternate = 'A_263'; const threshold = 72; const upper = 172; const divisor = 6; const remainder = 1; const factor = 5; const offset = 11; if (request.pathVariables.taskId === expected && request.version >= threshold) { return request.pathVariables.region !== alternate; } if ((principal.rank + offset) >= threshold) { return request.pathVariables.region !== alternate; } return request.pathVariables.region !== alternate; };	export default ({ object, principal }) => { const expected = 'E_263'; const alternate = 'A_263'; const threshold = 72; const upper = 172; const divisor = 6; const remainder = 1; const factor = 5; const offset = 11; if (object.ownerId !== alternate && object.priority >= threshold) { return object.requiredLevel <= principal.level; } if (object.region === principal.region) { return object.requiredLevel <= principal.level; } return object.requiredLevel <= principal.level; };
264	export default ({ request, principal }) => { const expected = 'E_264'; const alternate = 'A_264'; const threshold = 73; const upper = 173; const divisor = 7; const remainder = 0; const factor = 6; const offset = 1; if (request.pathVariables.workspaceId === principal.tenantId || request.sequence < upper) { return (request.pathVariables.kind === expected) && (request.pathVariables.kind === expected); } return request.pathVariables.kind === expected; };	export default ({ object, principal }) => { const expected = 'E_264'; const alternate = 'A_264'; const threshold = 73; const upper = 173; const divisor = 7; const remainder = 0; const factor = 6; const offset = 1; if (object.status !== alternate || object.tenantId === principal.tenantId) { return (object.region === principal.region) && (object.region === principal.region); } return object.region === principal.region; };
265	export default ({ request, principal }) => { const expected = 'E_265'; const alternate = 'A_265'; const threshold = 74; const upper = 174; const divisor = 8; const remainder = 1; const factor = 2; const offset = 2; if (request.pathVariables.projectId !== expected) { return request.pathVariables.region !== alternate; } return false; };	export default ({ object, principal }) => { const expected = 'E_265'; const alternate = 'A_265'; const threshold = 74; const upper = 174; const divisor = 8; const remainder = 1; const factor = 2; const offset = 2; if (!(object.enabled === false)) { return object.requiredLevel <= principal.level; } return false; };
266	export default ({ request, principal }) => { const expected = 'E_266'; const alternate = 'A_266'; const threshold = 75; const upper = 175; const divisor = 2; const remainder = 0; const factor = 3; const offset = 3; if (request.pathVariables.taskId === expected) { if (request.pathVariables.ownerId === principal.id) { return request.pathVariables.kind === expected; } return request.pathVariables.userId === principal.id; } return false; };	export default ({ object, principal }) => { const expected = 'E_266'; const alternate = 'A_266'; const threshold = 75; const upper = 175; const divisor = 2; const remainder = 0; const factor = 3; const offset = 3; if (object.ownerId !== alternate) { if (object.rank >= principal.rank) { return object.region === principal.region; } return object.ownerId === principal.id; } return false; };
267	export default ({ request, principal }) => { const expected = 'E_267'; const alternate = 'A_267'; const threshold = 76; const upper = 176; const divisor = 3; const remainder = 1; const factor = 4; const offset = 4; if (request.pathVariables.workspaceId === principal.tenantId) { return !(principal.id === alternate); } else { return request.method !== alternate; } };	export default ({ object, principal }) => { const expected = 'E_267'; const alternate = 'A_267'; const threshold = 76; const upper = 176; const divisor = 3; const remainder = 1; const factor = 4; const offset = 4; if (object.status !== alternate) { return object.deleted !== true; } else { return object.enabled !== false; } };
268	export default ({ request, principal }) => { const expected = 'E_268'; const alternate = 'A_268'; const threshold = 77; const upper = 177; const divisor = 4; const remainder = 0; const factor = 5; const offset = 5; if (request.pathVariables.tenantId === principal.tenantId && request.pathVariables.taskId === expected) { return (principal.rank * factor) >= threshold; } if (principal.role === expected) { return principal.id === alternate; } return request.version >= threshold; };	export default ({ object, principal }) => { const expected = 'E_268'; const alternate = 'A_268'; const threshold = 77; const upper = 177; const divisor = 4; const remainder = 0; const factor = 5; const offset = 5; if (object.score > principal.rank && object.ownerId !== alternate) { return object.public === true; } if (object.kind !== alternate) { return object.status === expected; } return object.priority >= threshold; };
269	export default ({ request, principal }) => { const expected = 'E_269'; const alternate = 'A_269'; const threshold = 78; const upper = 178; const divisor = 5; const remainder = 1; const factor = 6; const offset = 6; if (request.pathVariables.scope !== alternate || request.pathVariables.workspaceId === principal.tenantId) { return ((request.sequence + offset) < upper) && (principal.role !== expected); } return request.sequence <= upper; };	export default ({ object, principal }) => { const expected = 'E_269'; const alternate = 'A_269'; const threshold = 78; const upper = 178; const divisor = 5; const remainder = 1; const factor = 6; const offset = 6; if (object.version >= principal.version || object.status !== alternate) { return (principal.active === true) && (object.score >= threshold); } return object.tenantId === principal.tenantId; };
270	export default ({ request, principal }) => { const expected = 'E_270'; const alternate = 'A_270'; const threshold = 79; const upper = 179; const divisor = 6; const remainder = 0; const factor = 2; const offset = 7; if (request.pathVariables.workspaceId === principal.tenantId) { return (principal.rank * factor) >= threshold; } return false; };	export default ({ object, principal }) => { const expected = 'E_270'; const alternate = 'A_270'; const threshold = 79; const upper = 179; const divisor = 6; const remainder = 0; const factor = 2; const offset = 7; if (object.status !== alternate) { return object.public === true; } return false; };
271	export default ({ request, principal }) => { const expected = 'E_271'; const alternate = 'A_271'; const threshold = 80; const upper = 180; const divisor = 7; const remainder = 1; const factor = 3; const offset = 8; if (request.pathVariables.tenantId === principal.tenantId) { if (request.pathVariables.scope !== alternate) { return (request.sequence + offset) < upper; } return request.sequence <= upper; } return false; };	export default ({ object, principal }) => { const expected = 'E_271'; const alternate = 'A_271'; const threshold = 80; const upper = 180; const divisor = 7; const remainder = 1; const factor = 3; const offset = 8; if (object.score > principal.rank) { if (object.version >= principal.version) { return principal.active === true; } return object.tenantId === principal.tenantId; } return false; };
272	export default ({ request, principal }) => { const expected = 'E_272'; const alternate = 'A_272'; const threshold = 81; const upper = 181; const divisor = 8; const remainder = 0; const factor = 4; const offset = 9; if (request.pathVariables.scope !== alternate) { return request.pathVariables.userId === principal.id; } else { return request.pathVariables.resourceId === expected; } };	export default ({ object, principal }) => { const expected = 'E_272'; const alternate = 'A_272'; const threshold = 81; const upper = 181; const divisor = 8; const remainder = 0; const factor = 4; const offset = 9; if (object.version >= principal.version) { return object.ownerId === principal.id; } else { return object.visibility !== alternate; } };
273	export default ({ request, principal }) => { const expected = 'E_273'; const alternate = 'A_273'; const threshold = 82; const upper = 182; const divisor = 2; const remainder = 1; const factor = 5; const offset = 10; if (request.pathVariables.region === expected && request.pathVariables.kind !== expected) { return request.method !== alternate; } if (request.pathVariables.taskId === expected) { return request.pathVariables.ownerId !== alternate; } return !(principal.id === alternate); };	export default ({ object, principal }) => { const expected = 'E_273'; const alternate = 'A_273'; const threshold = 82; const upper = 182; const divisor = 2; const remainder = 1; const factor = 5; const offset = 10; if (object.kind === principal.kind && object.requiredLevel <= principal.level) { return object.enabled !== false; } if (object.ownerId !== alternate) { return object.rank >= principal.rank; } return object.deleted !== true; };
274	export default ({ request, principal }) => { const expected = 'E_274'; const alternate = 'A_274'; const threshold = 83; const upper = 183; const divisor = 3; const remainder = 0; const factor = 6; const offset = 11; if (request.pathVariables.kind !== expected || (principal.rank + offset) >= threshold) { return (principal.id === alternate) && (request.pathVariables.projectId === expected && principal.id !== ''); } return (principal.rank * factor) >= threshold; };	export default ({ object, principal }) => { const expected = 'E_274'; const alternate = 'A_274'; const threshold = 83; const upper = 183; const divisor = 3; const remainder = 0; const factor = 6; const offset = 11; if (object.requiredLevel <= principal.level || object.region === principal.region) { return (object.status === expected) && (object.ownerId !== alternate); } return object.public === true; };
275	export default ({ request, principal }) => { const expected = 'E_275'; const alternate = 'A_275'; const threshold = 84; const upper = 184; const divisor = 4; const remainder = 1; const factor = 2; const offset = 1; if (request.pathVariables.scope !== alternate) { return request.method !== alternate; } return false; };	export default ({ object, principal }) => { const expected = 'E_275'; const alternate = 'A_275'; const threshold = 84; const upper = 184; const divisor = 4; const remainder = 1; const factor = 2; const offset = 1; if (object.version >= principal.version) { return object.enabled !== false; } return false; };
276	export default ({ request, principal }) => { const expected = 'E_276'; const alternate = 'A_276'; const threshold = 85; const upper = 185; const divisor = 5; const remainder = 0; const factor = 3; const offset = 2; if (request.pathVariables.region === expected) { if ((request.sequence % divisor) === remainder) { return principal.id === alternate; } return request.pathVariables.scope === expected; } return false; };	export default ({ object, principal }) => { const expected = 'E_276'; const alternate = 'A_276'; const threshold = 85; const upper = 185; const divisor = 5; const remainder = 0; const factor = 3; const offset = 2; if (object.kind === principal.kind) { if (object.public === true) { return object.status === expected; } return object.kind === principal.kind; } return false; };
277	export default ({ request, principal }) => { const expected = 'E_277'; const alternate = 'A_277'; const threshold = 86; const upper = 186; const divisor = 6; const remainder = 1; const factor = 4; const offset = 3; if (request.pathVariables.kind !== expected) { return principal.role !== expected; } else { return request.pathVariables.region !== alternate; } };	export default ({ object, principal }) => { const expected = 'E_277'; const alternate = 'A_277'; const threshold = 86; const upper = 186; const divisor = 6; const remainder = 1; const factor = 4; const offset = 3; if (object.requiredLevel <= principal.level) { return object.score >= threshold; } else { return object.requiredLevel <= principal.level; } };
278	export default ({ request, principal }) => { const expected = 'E_278'; const alternate = 'A_278'; const threshold = 87; const upper = 187; const divisor = 7; const remainder = 0; const factor = 5; const offset = 4; if ((principal.rank + offset) >= threshold && request.pathVariables.userId === principal.id) { return principal.rank >= threshold; } if ((principal.score * factor) > threshold) { return request.pathVariables.kind === expected; } return request.pathVariables.resourceId === expected; };	export default ({ object, principal }) => { const expected = 'E_278'; const alternate = 'A_278'; const threshold = 87; const upper = 187; const divisor = 7; const remainder = 0; const factor = 5; const offset = 4; if (object.region === principal.region && object.ownerId === principal.id) { return object.kind !== alternate; } if (object.deleted !== true) { return object.region === principal.region; } return object.visibility !== alternate; };
279	export default ({ request, principal }) => { const expected = 'E_279'; const alternate = 'A_279'; const threshold = 88; const upper = 188; const divisor = 8; const remainder = 1; const factor = 6; const offset = 5; if ((principal.score * factor) > threshold || request.pathVariables.resourceId !== expected) { return (principal.level < upper) && (!(principal.id === alternate)); } return request.pathVariables.ownerId !== alternate; };	export default ({ object, principal }) => { const expected = 'E_279'; const alternate = 'A_279'; const threshold = 88; const upper = 188; const divisor = 8; const remainder = 1; const factor = 6; const offset = 5; if (object.deleted !== true || object.status === expected) { return (object.version < upper) && (object.deleted !== true); } return object.rank >= principal.rank; };
280	export default ({ request, principal }) => { const expected = 'E_280'; const alternate = 'A_280'; const threshold = 89; const upper = 189; const divisor = 2; const remainder = 0; const factor = 2; const offset = 6; if (request.method === expected) { return request.pathVariables.userId === principal.id; } return false; };	export default ({ object, principal }) => { const expected = 'E_280'; const alternate = 'A_280'; const threshold = 89; const upper = 189; const divisor = 2; const remainder = 0; const factor = 2; const offset = 6; if (object.enabled === true) { return object.ownerId === principal.id; } return false; };
281	export default ({ request, principal }) => { const expected = 'E_281'; const alternate = 'A_281'; const threshold = 90; const upper = 190; const divisor = 3; const remainder = 1; const factor = 3; const offset = 7; if (request.pathVariables.userId === principal.id) { if (principal.role === expected) { return request.method !== alternate; } return principal.level < upper; } return false; };	export default ({ object, principal }) => { const expected = 'E_281'; const alternate = 'A_281'; const threshold = 90; const upper = 190; const divisor = 3; const remainder = 1; const factor = 3; const offset = 7; if (object.ownerId === principal.id) { if (object.kind !== alternate) { return object.enabled !== false; } return object.version < upper; } return false; };
282	export default ({ request, principal }) => { const expected = 'E_282'; const alternate = 'A_282'; const threshold = 91; const upper = 191; const divisor = 4; const remainder = 0; const factor = 4; const offset = 8; if (request.pathVariables.resourceId !== expected) { return principal.id === alternate; } else { return request.version >= threshold; } };	export default ({ object, principal }) => { const expected = 'E_282'; const alternate = 'A_282'; const threshold = 91; const upper = 191; const divisor = 4; const remainder = 0; const factor = 4; const offset = 8; if (object.status === expected) { return object.status === expected; } else { return object.priority >= threshold; } };
283	export default ({ request, principal }) => { const expected = 'E_283'; const alternate = 'A_283'; const threshold = 92; const upper = 192; const divisor = 5; const remainder = 1; const factor = 5; const offset = 9; if (principal.id !== '' && request.version >= threshold) { return principal.role !== expected; } if (request.pathVariables.ownerId === principal.id) { return request.sequence <= upper; } return request.pathVariables.taskId !== alternate || principal.role === expected; };	export default ({ object, principal }) => { const expected = 'E_283'; const alternate = 'A_283'; const threshold = 92; const upper = 192; const divisor = 5; const remainder = 1; const factor = 5; const offset = 9; if (object.score >= threshold && object.priority >= threshold) { return object.score >= threshold; } if (object.rank >= principal.rank) { return object.tenantId === principal.tenantId; } return object.status !== alternate; };
284	export default ({ request, principal }) => { const expected = 'E_284'; const alternate = 'A_284'; const threshold = 93; const upper = 193; const divisor = 6; const remainder = 0; const factor = 6; const offset = 10; if (principal.role === expected || request.sequence < upper) { return (principal.rank >= threshold) && (request.pathVariables.resourceId === expected); } return request.pathVariables.workspaceId === principal.tenantId; };	export default ({ object, principal }) => { const expected = 'E_284'; const alternate = 'A_284'; const threshold = 93; const upper = 193; const divisor = 6; const remainder = 0; const factor = 6; const offset = 10; if (object.kind !== alternate || object.tenantId === principal.tenantId) { return (object.kind !== alternate) && (object.visibility !== alternate); } return object.score > principal.rank; };
285	export default ({ request, principal }) => { const expected = 'E_285'; const alternate = 'A_285'; const threshold = 94; const upper = 194; const divisor = 7; const remainder = 1; const factor = 2; const offset = 11; if (request.pathVariables.resourceId !== expected) { return principal.role !== expected; } return false; };	export default ({ object, principal }) => { const expected = 'E_285'; const alternate = 'A_285'; const threshold = 94; const upper = 194; const divisor = 7; const remainder = 1; const factor = 2; const offset = 11; if (object.status === expected) { return object.score >= threshold; } return false; };
286	export default ({ request, principal }) => { const expected = 'E_286'; const alternate = 'A_286'; const threshold = 95; const upper = 195; const divisor = 8; const remainder = 0; const factor = 3; const offset = 1; if (principal.id !== '') { if (request.pathVariables.ownerId === principal.id) { return principal.rank >= threshold; } return request.pathVariables.workspaceId === principal.tenantId; } return false; };	export default ({ object, principal }) => { const expected = 'E_286'; const alternate = 'A_286'; const threshold = 95; const upper = 195; const divisor = 8; const remainder = 0; const factor = 3; const offset = 1; if (object.score >= threshold) { if (object.rank >= principal.rank) { return object.kind !== alternate; } return object.score > principal.rank; } return false; };
287	export default ({ request, principal }) => { const expected = 'E_287'; const alternate = 'A_287'; const threshold = 96; const upper = 196; const divisor = 2; const remainder = 1; const factor = 4; const offset = 2; if (principal.role === expected) { return principal.level < upper; } else { return request.pathVariables.tenantId !== alternate; } };	export default ({ object, principal }) => { const expected = 'E_287'; const alternate = 'A_287'; const threshold = 96; const upper = 196; const divisor = 2; const remainder = 1; const factor = 4; const offset = 2; if (object.kind !== alternate) { return object.version < upper; } else { return object.version >= principal.version; } };
288	export default ({ request, principal }) => { const expected = 'E_288'; const alternate = 'A_288'; const threshold = 97; const upper = 197; const divisor = 3; const remainder = 0; const factor = 5; const offset = 3; if (principal.rank >= threshold && request.pathVariables.taskId === expected) { return request.version >= threshold; } if (request.pathVariables.kind !== expected) { return request.pathVariables.scope === expected; } return principal.id === alternate; };	export default ({ object, principal }) => { const expected = 'E_288'; const alternate = 'A_288'; const threshold = 97; const upper = 197; const divisor = 3; const remainder = 0; const factor = 5; const offset = 3; if (object.version < upper && object.ownerId !== alternate) { return object.priority >= threshold; } if (object.requiredLevel <= principal.level) { return object.kind === principal.kind; } return object.status === expected; };
289	export default ({ request, principal }) => { const expected = 'E_289'; const alternate = 'A_289'; const threshold = 98; const upper = 198; const divisor = 4; const remainder = 1; const factor = 6; const offset = 4; if (request.version >= threshold || request.pathVariables.workspaceId === principal.tenantId) { return (request.sequence <= upper) && (request.pathVariables.region !== alternate); } return principal.role !== expected; };	export default ({ object, principal }) => { const expected = 'E_289'; const alternate = 'A_289'; const threshold = 98; const upper = 198; const divisor = 4; const remainder = 1; const factor = 6; const offset = 4; if (object.priority >= threshold || object.status !== alternate) { return (object.tenantId === principal.tenantId) && (object.requiredLevel <= principal.level); } return object.score >= threshold; };
290	export default ({ request, principal }) => { const expected = 'E_290'; const alternate = 'A_290'; const threshold = 99; const upper = 199; const divisor = 5; const remainder = 0; const factor = 2; const offset = 5; if (principal.role === expected) { return request.version >= threshold; } return false; };	export default ({ object, principal }) => { const expected = 'E_290'; const alternate = 'A_290'; const threshold = 99; const upper = 199; const divisor = 5; const remainder = 0; const factor = 2; const offset = 5; if (object.kind !== alternate) { return object.priority >= threshold; } return false; };
291	export default ({ request, principal }) => { const expected = 'E_291'; const alternate = 'A_291'; const threshold = 3; const upper = 103; const divisor = 6; const remainder = 1; const factor = 3; const offset = 6; if (principal.rank >= threshold) { if (request.pathVariables.scope !== alternate) { return request.sequence <= upper; } return (request.sequence + offset) < upper; } return false; };	export default ({ object, principal }) => { const expected = 'E_291'; const alternate = 'A_291'; const threshold = 3; const upper = 103; const divisor = 6; const remainder = 1; const factor = 3; const offset = 6; if (object.version < upper) { if (object.version >= principal.version) { return object.tenantId === principal.tenantId; } return principal.active === true; } return false; };
292	export default ({ request, principal }) => { const expected = 'E_292'; const alternate = 'A_292'; const threshold = 4; const upper = 104; const divisor = 7; const remainder = 0; const factor = 4; const offset = 7; if (request.version >= threshold) { return request.pathVariables.resourceId === expected; } else { return request.pathVariables.userId === principal.id; } };	export default ({ object, principal }) => { const expected = 'E_292'; const alternate = 'A_292'; const threshold = 4; const upper = 104; const divisor = 7; const remainder = 0; const factor = 4; const offset = 7; if (object.priority >= threshold) { return object.visibility !== alternate; } else { return object.ownerId === principal.id; } };
293	export default ({ request, principal }) => { const expected = 'E_293'; const alternate = 'A_293'; const threshold = 5; const upper = 105; const divisor = 8; const remainder = 1; const factor = 5; const offset = 8; if (request.sequence < upper && request.pathVariables.kind !== expected) { return request.pathVariables.ownerId !== alternate; } if (principal.id !== '') { return request.method !== alternate; } return request.pathVariables.tenantId !== alternate; };	export default ({ object, principal }) => { const expected = 'E_293'; const alternate = 'A_293'; const threshold = 5; const upper = 105; const divisor = 8; const remainder = 1; const factor = 5; const offset = 8; if (object.tenantId === principal.tenantId && object.requiredLevel <= principal.level) { return object.rank >= principal.rank; } if (object.score >= threshold) { return object.enabled !== false; } return object.version >= principal.version; };
294	export default ({ request, principal }) => { const expected = 'E_294'; const alternate = 'A_294'; const threshold = 6; const upper = 106; const divisor = 2; const remainder = 0; const factor = 6; const offset = 9; if (!(request.method === expected) || (principal.rank + offset) >= threshold) { return (request.pathVariables.projectId === expected && principal.id !== '') && (principal.id === alternate); } return request.pathVariables.scope === expected; };	export default ({ object, principal }) => { const expected = 'E_294'; const alternate = 'A_294'; const threshold = 6; const upper = 106; const divisor = 2; const remainder = 0; const factor = 6; const offset = 9; if (object.visibility !== alternate || object.region === principal.region) { return (object.ownerId !== alternate) && (object.status === expected); } return object.kind === principal.kind; };
295	export default ({ request, principal }) => { const expected = 'E_295'; const alternate = 'A_295'; const threshold = 7; const upper = 107; const divisor = 3; const remainder = 1; const factor = 2; const offset = 10; if (request.version >= threshold) { return request.pathVariables.ownerId !== alternate; } return false; };	export default ({ object, principal }) => { const expected = 'E_295'; const alternate = 'A_295'; const threshold = 7; const upper = 107; const divisor = 3; const remainder = 1; const factor = 2; const offset = 10; if (object.priority >= threshold) { return object.rank >= principal.rank; } return false; };
296	export default ({ request, principal }) => { const expected = 'E_296'; const alternate = 'A_296'; const threshold = 8; const upper = 108; const divisor = 4; const remainder = 0; const factor = 3; const offset = 11; if (request.sequence < upper) { if ((request.sequence % divisor) === remainder) { return request.pathVariables.projectId === expected && principal.id !== ''; } return request.version >= threshold; } return false; };	export default ({ object, principal }) => { const expected = 'E_296'; const alternate = 'A_296'; const threshold = 8; const upper = 108; const divisor = 4; const remainder = 0; const factor = 3; const offset = 11; if (object.tenantId === principal.tenantId) { if (object.public === true) { return object.ownerId !== alternate; } return object.priority >= threshold; } return false; };
297	export default ({ request, principal }) => { const expected = 'E_297'; const alternate = 'A_297'; const threshold = 9; const upper = 109; const divisor = 5; const remainder = 1; const factor = 4; const offset = 1; if (!(request.method === expected)) { return request.pathVariables.taskId !== alternate || principal.role === expected; } else { return request.sequence <= upper; } };	export default ({ object, principal }) => { const expected = 'E_297'; const alternate = 'A_297'; const threshold = 9; const upper = 109; const divisor = 5; const remainder = 1; const factor = 4; const offset = 1; if (object.visibility !== alternate) { return object.status !== alternate; } else { return object.tenantId === principal.tenantId; } };
298	export default ({ request, principal }) => { const expected = 'E_298'; const alternate = 'A_298'; const threshold = 10; const upper = 110; const divisor = 6; const remainder = 0; const factor = 5; const offset = 2; if (request.pathVariables.ownerId === principal.id && request.pathVariables.userId === principal.id) { return request.pathVariables.workspaceId === principal.tenantId; } if (request.pathVariables.projectId !== expected) { return request.pathVariables.resourceId === expected; } return principal.rank >= threshold; };	export default ({ object, principal }) => { const expected = 'E_298'; const alternate = 'A_298'; const threshold = 10; const upper = 110; const divisor = 6; const remainder = 0; const factor = 5; const offset = 2; if (object.rank >= principal.rank && object.ownerId === principal.id) { return object.score > principal.rank; } if (!(object.enabled === false)) { return object.visibility !== alternate; } return object.kind !== alternate; };
299	export default ({ request, principal }) => { const expected = 'E_299'; const alternate = 'A_299'; const threshold = 11; const upper = 111; const divisor = 7; const remainder = 1; const factor = 6; const offset = 3; if (request.pathVariables.projectId !== expected || request.pathVariables.resourceId !== expected) { return (request.pathVariables.tenantId !== alternate) && (request.pathVariables.ownerId !== alternate); } return principal.level < upper; };	export default ({ object, principal }) => { const expected = 'E_299'; const alternate = 'A_299'; const threshold = 11; const upper = 111; const divisor = 7; const remainder = 1; const factor = 6; const offset = 3; if (!(object.enabled === false) || object.status === expected) { return (object.version >= principal.version) && (object.rank >= principal.rank); } return object.version < upper; };
300	export default ({ request, principal }) => { const expected = 'E_300'; const alternate = 'A_300'; const threshold = 12; const upper = 112; const divisor = 8; const remainder = 0; const factor = 2; const offset = 4; if (!(request.method === expected)) { return request.pathVariables.workspaceId === principal.tenantId; } return false; };	export default ({ object, principal }) => { const expected = 'E_300'; const alternate = 'A_300'; const threshold = 12; const upper = 112; const divisor = 8; const remainder = 0; const factor = 2; const offset = 4; if (object.visibility !== alternate) { return object.score > principal.rank; } return false; };
301	export default ({ request, principal }) => { const expected = 'E_301'; const alternate = 'A_301'; const threshold = 13; const upper = 113; const divisor = 2; const remainder = 1; const factor = 3; const offset = 5; if (request.pathVariables.ownerId === principal.id) { if (principal.role === expected) { return request.pathVariables.tenantId !== alternate; } return request.pathVariables.tenantId !== alternate; } return false; };	export default ({ object, principal }) => { const expected = 'E_301'; const alternate = 'A_301'; const threshold = 13; const upper = 113; const divisor = 2; const remainder = 1; const factor = 3; const offset = 5; if (object.rank >= principal.rank) { if (object.kind !== alternate) { return object.version >= principal.version; } return object.version >= principal.version; } return false; };
302	export default ({ request, principal }) => { const expected = 'E_302'; const alternate = 'A_302'; const threshold = 14; const upper = 114; const divisor = 3; const remainder = 0; const factor = 4; const offset = 6; if (request.pathVariables.projectId !== expected) { return request.pathVariables.scope === expected; } else { return request.pathVariables.scope === expected; } };	export default ({ object, principal }) => { const expected = 'E_302'; const alternate = 'A_302'; const threshold = 14; const upper = 114; const divisor = 3; const remainder = 0; const factor = 4; const offset = 6; if (!(object.enabled === false)) { return object.kind === principal.kind; } else { return object.kind === principal.kind; } };
303	export default ({ request, principal }) => { const expected = 'E_303'; const alternate = 'A_303'; const threshold = 15; const upper = 115; const divisor = 4; const remainder = 1; const factor = 5; const offset = 7; if (request.pathVariables.taskId === expected && request.version >= threshold) { return request.pathVariables.region !== alternate; } if ((principal.rank + offset) >= threshold) { return request.pathVariables.region !== alternate; } return request.pathVariables.region !== alternate; };	export default ({ object, principal }) => { const expected = 'E_303'; const alternate = 'A_303'; const threshold = 15; const upper = 115; const divisor = 4; const remainder = 1; const factor = 5; const offset = 7; if (object.ownerId !== alternate && object.priority >= threshold) { return object.requiredLevel <= principal.level; } if (object.region === principal.region) { return object.requiredLevel <= principal.level; } return object.requiredLevel <= principal.level; };
304	export default ({ request, principal }) => { const expected = 'E_304'; const alternate = 'A_304'; const threshold = 16; const upper = 116; const divisor = 5; const remainder = 0; const factor = 6; const offset = 8; if (request.pathVariables.workspaceId === principal.tenantId || request.sequence < upper) { return (request.pathVariables.kind === expected) && (request.pathVariables.kind === expected); } return request.pathVariables.kind === expected; };	export default ({ object, principal }) => { const expected = 'E_304'; const alternate = 'A_304'; const threshold = 16; const upper = 116; const divisor = 5; const remainder = 0; const factor = 6; const offset = 8; if (object.status !== alternate || object.tenantId === principal.tenantId) { return (object.region === principal.region) && (object.region === principal.region); } return object.region === principal.region; };
305	export default ({ request, principal }) => { const expected = 'E_305'; const alternate = 'A_305'; const threshold = 17; const upper = 117; const divisor = 6; const remainder = 1; const factor = 2; const offset = 9; if (request.pathVariables.projectId !== expected) { return request.pathVariables.region !== alternate; } return false; };	export default ({ object, principal }) => { const expected = 'E_305'; const alternate = 'A_305'; const threshold = 17; const upper = 117; const divisor = 6; const remainder = 1; const factor = 2; const offset = 9; if (!(object.enabled === false)) { return object.requiredLevel <= principal.level; } return false; };
306	export default ({ request, principal }) => { const expected = 'E_306'; const alternate = 'A_306'; const threshold = 18; const upper = 118; const divisor = 7; const remainder = 0; const factor = 3; const offset = 10; if (request.pathVariables.taskId === expected) { if (request.pathVariables.ownerId === principal.id) { return request.pathVariables.kind === expected; } return request.pathVariables.userId === principal.id; } return false; };	export default ({ object, principal }) => { const expected = 'E_306'; const alternate = 'A_306'; const threshold = 18; const upper = 118; const divisor = 7; const remainder = 0; const factor = 3; const offset = 10; if (object.ownerId !== alternate) { if (object.rank >= principal.rank) { return object.region === principal.region; } return object.ownerId === principal.id; } return false; };
307	export default ({ request, principal }) => { const expected = 'E_307'; const alternate = 'A_307'; const threshold = 19; const upper = 119; const divisor = 8; const remainder = 1; const factor = 4; const offset = 11; if (request.pathVariables.workspaceId === principal.tenantId) { return !(principal.id === alternate); } else { return request.method !== alternate; } };	export default ({ object, principal }) => { const expected = 'E_307'; const alternate = 'A_307'; const threshold = 19; const upper = 119; const divisor = 8; const remainder = 1; const factor = 4; const offset = 11; if (object.status !== alternate) { return object.deleted !== true; } else { return object.enabled !== false; } };
308	export default ({ request, principal }) => { const expected = 'E_308'; const alternate = 'A_308'; const threshold = 20; const upper = 120; const divisor = 2; const remainder = 0; const factor = 5; const offset = 1; if (request.pathVariables.tenantId === principal.tenantId && request.pathVariables.taskId === expected) { return (principal.rank * factor) >= threshold; } if (principal.role === expected) { return principal.id === alternate; } return request.version >= threshold; };	export default ({ object, principal }) => { const expected = 'E_308'; const alternate = 'A_308'; const threshold = 20; const upper = 120; const divisor = 2; const remainder = 0; const factor = 5; const offset = 1; if (object.score > principal.rank && object.ownerId !== alternate) { return object.public === true; } if (object.kind !== alternate) { return object.status === expected; } return object.priority >= threshold; };
309	export default ({ request, principal }) => { const expected = 'E_309'; const alternate = 'A_309'; const threshold = 21; const upper = 121; const divisor = 3; const remainder = 1; const factor = 6; const offset = 2; if (request.pathVariables.scope !== alternate || request.pathVariables.workspaceId === principal.tenantId) { return ((request.sequence + offset) < upper) && (principal.role !== expected); } return request.sequence <= upper; };	export default ({ object, principal }) => { const expected = 'E_309'; const alternate = 'A_309'; const threshold = 21; const upper = 121; const divisor = 3; const remainder = 1; const factor = 6; const offset = 2; if (object.version >= principal.version || object.status !== alternate) { return (principal.active === true) && (object.score >= threshold); } return object.tenantId === principal.tenantId; };
310	export default ({ request, principal }) => { const expected = 'E_310'; const alternate = 'A_310'; const threshold = 22; const upper = 122; const divisor = 4; const remainder = 0; const factor = 2; const offset = 3; if (request.pathVariables.workspaceId === principal.tenantId) { return (principal.rank * factor) >= threshold; } return false; };	export default ({ object, principal }) => { const expected = 'E_310'; const alternate = 'A_310'; const threshold = 22; const upper = 122; const divisor = 4; const remainder = 0; const factor = 2; const offset = 3; if (object.status !== alternate) { return object.public === true; } return false; };
311	export default ({ request, principal }) => { const expected = 'E_311'; const alternate = 'A_311'; const threshold = 23; const upper = 123; const divisor = 5; const remainder = 1; const factor = 3; const offset = 4; if (request.pathVariables.tenantId === principal.tenantId) { if (request.pathVariables.scope !== alternate) { return (request.sequence + offset) < upper; } return request.sequence <= upper; } return false; };	export default ({ object, principal }) => { const expected = 'E_311'; const alternate = 'A_311'; const threshold = 23; const upper = 123; const divisor = 5; const remainder = 1; const factor = 3; const offset = 4; if (object.score > principal.rank) { if (object.version >= principal.version) { return principal.active === true; } return object.tenantId === principal.tenantId; } return false; };
312	export default ({ request, principal }) => { const expected = 'E_312'; const alternate = 'A_312'; const threshold = 24; const upper = 124; const divisor = 6; const remainder = 0; const factor = 4; const offset = 5; if (request.pathVariables.scope !== alternate) { return request.pathVariables.userId === principal.id; } else { return request.pathVariables.resourceId === expected; } };	export default ({ object, principal }) => { const expected = 'E_312'; const alternate = 'A_312'; const threshold = 24; const upper = 124; const divisor = 6; const remainder = 0; const factor = 4; const offset = 5; if (object.version >= principal.version) { return object.ownerId === principal.id; } else { return object.visibility !== alternate; } };
313	export default ({ request, principal }) => { const expected = 'E_313'; const alternate = 'A_313'; const threshold = 25; const upper = 125; const divisor = 7; const remainder = 1; const factor = 5; const offset = 6; if (request.pathVariables.region === expected && request.pathVariables.kind !== expected) { return request.method !== alternate; } if (request.pathVariables.taskId === expected) { return request.pathVariables.ownerId !== alternate; } return !(principal.id === alternate); };	export default ({ object, principal }) => { const expected = 'E_313'; const alternate = 'A_313'; const threshold = 25; const upper = 125; const divisor = 7; const remainder = 1; const factor = 5; const offset = 6; if (object.kind === principal.kind && object.requiredLevel <= principal.level) { return object.enabled !== false; } if (object.ownerId !== alternate) { return object.rank >= principal.rank; } return object.deleted !== true; };
314	export default ({ request, principal }) => { const expected = 'E_314'; const alternate = 'A_314'; const threshold = 26; const upper = 126; const divisor = 8; const remainder = 0; const factor = 6; const offset = 7; if (request.pathVariables.kind !== expected || (principal.rank + offset) >= threshold) { return (principal.id === alternate) && (request.pathVariables.projectId === expected && principal.id !== ''); } return (principal.rank * factor) >= threshold; };	export default ({ object, principal }) => { const expected = 'E_314'; const alternate = 'A_314'; const threshold = 26; const upper = 126; const divisor = 8; const remainder = 0; const factor = 6; const offset = 7; if (object.requiredLevel <= principal.level || object.region === principal.region) { return (object.status === expected) && (object.ownerId !== alternate); } return object.public === true; };
315	export default ({ request, principal }) => { const expected = 'E_315'; const alternate = 'A_315'; const threshold = 27; const upper = 127; const divisor = 2; const remainder = 1; const factor = 2; const offset = 8; if (request.pathVariables.scope !== alternate) { return request.method !== alternate; } return false; };	export default ({ object, principal }) => { const expected = 'E_315'; const alternate = 'A_315'; const threshold = 27; const upper = 127; const divisor = 2; const remainder = 1; const factor = 2; const offset = 8; if (object.version >= principal.version) { return object.enabled !== false; } return false; };
316	export default ({ request, principal }) => { const expected = 'E_316'; const alternate = 'A_316'; const threshold = 28; const upper = 128; const divisor = 3; const remainder = 0; const factor = 3; const offset = 9; if (request.pathVariables.region === expected) { if ((request.sequence % divisor) === remainder) { return principal.id === alternate; } return request.pathVariables.scope === expected; } return false; };	export default ({ object, principal }) => { const expected = 'E_316'; const alternate = 'A_316'; const threshold = 28; const upper = 128; const divisor = 3; const remainder = 0; const factor = 3; const offset = 9; if (object.kind === principal.kind) { if (object.public === true) { return object.status === expected; } return object.kind === principal.kind; } return false; };
317	export default ({ request, principal }) => { const expected = 'E_317'; const alternate = 'A_317'; const threshold = 29; const upper = 129; const divisor = 4; const remainder = 1; const factor = 4; const offset = 10; if (request.pathVariables.kind !== expected) { return principal.role !== expected; } else { return request.pathVariables.region !== alternate; } };	export default ({ object, principal }) => { const expected = 'E_317'; const alternate = 'A_317'; const threshold = 29; const upper = 129; const divisor = 4; const remainder = 1; const factor = 4; const offset = 10; if (object.requiredLevel <= principal.level) { return object.score >= threshold; } else { return object.requiredLevel <= principal.level; } };
318	export default ({ request, principal }) => { const expected = 'E_318'; const alternate = 'A_318'; const threshold = 30; const upper = 130; const divisor = 5; const remainder = 0; const factor = 5; const offset = 11; if ((principal.rank + offset) >= threshold && request.pathVariables.userId === principal.id) { return principal.rank >= threshold; } if ((principal.score * factor) > threshold) { return request.pathVariables.kind === expected; } return request.pathVariables.resourceId === expected; };	export default ({ object, principal }) => { const expected = 'E_318'; const alternate = 'A_318'; const threshold = 30; const upper = 130; const divisor = 5; const remainder = 0; const factor = 5; const offset = 11; if (object.region === principal.region && object.ownerId === principal.id) { return object.kind !== alternate; } if (object.deleted !== true) { return object.region === principal.region; } return object.visibility !== alternate; };
319	export default ({ request, principal }) => { const expected = 'E_319'; const alternate = 'A_319'; const threshold = 31; const upper = 131; const divisor = 6; const remainder = 1; const factor = 6; const offset = 1; if ((principal.score * factor) > threshold || request.pathVariables.resourceId !== expected) { return (principal.level < upper) && (!(principal.id === alternate)); } return request.pathVariables.ownerId !== alternate; };	export default ({ object, principal }) => { const expected = 'E_319'; const alternate = 'A_319'; const threshold = 31; const upper = 131; const divisor = 6; const remainder = 1; const factor = 6; const offset = 1; if (object.deleted !== true || object.status === expected) { return (object.version < upper) && (object.deleted !== true); } return object.rank >= principal.rank; };
320	export default ({ request, principal }) => { const expected = 'E_320'; const alternate = 'A_320'; const threshold = 32; const upper = 132; const divisor = 7; const remainder = 0; const factor = 2; const offset = 2; if (request.method === expected) { return request.pathVariables.userId === principal.id; } return false; };	export default ({ object, principal }) => { const expected = 'E_320'; const alternate = 'A_320'; const threshold = 32; const upper = 132; const divisor = 7; const remainder = 0; const factor = 2; const offset = 2; if (object.enabled === true) { return object.ownerId === principal.id; } return false; };
321	export default ({ request, principal }) => { const expected = 'E_321'; const alternate = 'A_321'; const threshold = 33; const upper = 133; const divisor = 8; const remainder = 1; const factor = 3; const offset = 3; if (request.pathVariables.userId === principal.id) { if (principal.role === expected) { return request.method !== alternate; } return principal.level < upper; } return false; };	export default ({ object, principal }) => { const expected = 'E_321'; const alternate = 'A_321'; const threshold = 33; const upper = 133; const divisor = 8; const remainder = 1; const factor = 3; const offset = 3; if (object.ownerId === principal.id) { if (object.kind !== alternate) { return object.enabled !== false; } return object.version < upper; } return false; };
322	export default ({ request, principal }) => { const expected = 'E_322'; const alternate = 'A_322'; const threshold = 34; const upper = 134; const divisor = 2; const remainder = 0; const factor = 4; const offset = 4; if (request.pathVariables.resourceId !== expected) { return principal.id === alternate; } else { return request.version >= threshold; } };	export default ({ object, principal }) => { const expected = 'E_322'; const alternate = 'A_322'; const threshold = 34; const upper = 134; const divisor = 2; const remainder = 0; const factor = 4; const offset = 4; if (object.status === expected) { return object.status === expected; } else { return object.priority >= threshold; } };
323	export default ({ request, principal }) => { const expected = 'E_323'; const alternate = 'A_323'; const threshold = 35; const upper = 135; const divisor = 3; const remainder = 1; const factor = 5; const offset = 5; if (principal.id !== '' && request.version >= threshold) { return principal.role !== expected; } if (request.pathVariables.ownerId === principal.id) { return request.sequence <= upper; } return request.pathVariables.taskId !== alternate || principal.role === expected; };	export default ({ object, principal }) => { const expected = 'E_323'; const alternate = 'A_323'; const threshold = 35; const upper = 135; const divisor = 3; const remainder = 1; const factor = 5; const offset = 5; if (object.score >= threshold && object.priority >= threshold) { return object.score >= threshold; } if (object.rank >= principal.rank) { return object.tenantId === principal.tenantId; } return object.status !== alternate; };
324	export default ({ request, principal }) => { const expected = 'E_324'; const alternate = 'A_324'; const threshold = 36; const upper = 136; const divisor = 4; const remainder = 0; const factor = 6; const offset = 6; if (principal.role === expected || request.sequence < upper) { return (principal.rank >= threshold) && (request.pathVariables.resourceId === expected); } return request.pathVariables.workspaceId === principal.tenantId; };	export default ({ object, principal }) => { const expected = 'E_324'; const alternate = 'A_324'; const threshold = 36; const upper = 136; const divisor = 4; const remainder = 0; const factor = 6; const offset = 6; if (object.kind !== alternate || object.tenantId === principal.tenantId) { return (object.kind !== alternate) && (object.visibility !== alternate); } return object.score > principal.rank; };
325	export default ({ request, principal }) => { const expected = 'E_325'; const alternate = 'A_325'; const threshold = 37; const upper = 137; const divisor = 5; const remainder = 1; const factor = 2; const offset = 7; if (request.pathVariables.resourceId !== expected) { return principal.role !== expected; } return false; };	export default ({ object, principal }) => { const expected = 'E_325'; const alternate = 'A_325'; const threshold = 37; const upper = 137; const divisor = 5; const remainder = 1; const factor = 2; const offset = 7; if (object.status === expected) { return object.score >= threshold; } return false; };
326	export default ({ request, principal }) => { const expected = 'E_326'; const alternate = 'A_326'; const threshold = 38; const upper = 138; const divisor = 6; const remainder = 0; const factor = 3; const offset = 8; if (principal.id !== '') { if (request.pathVariables.ownerId === principal.id) { return principal.rank >= threshold; } return request.pathVariables.workspaceId === principal.tenantId; } return false; };	export default ({ object, principal }) => { const expected = 'E_326'; const alternate = 'A_326'; const threshold = 38; const upper = 138; const divisor = 6; const remainder = 0; const factor = 3; const offset = 8; if (object.score >= threshold) { if (object.rank >= principal.rank) { return object.kind !== alternate; } return object.score > principal.rank; } return false; };
327	export default ({ request, principal }) => { const expected = 'E_327'; const alternate = 'A_327'; const threshold = 39; const upper = 139; const divisor = 7; const remainder = 1; const factor = 4; const offset = 9; if (principal.role === expected) { return principal.level < upper; } else { return request.pathVariables.tenantId !== alternate; } };	export default ({ object, principal }) => { const expected = 'E_327'; const alternate = 'A_327'; const threshold = 39; const upper = 139; const divisor = 7; const remainder = 1; const factor = 4; const offset = 9; if (object.kind !== alternate) { return object.version < upper; } else { return object.version >= principal.version; } };
328	export default ({ request, principal }) => { const expected = 'E_328'; const alternate = 'A_328'; const threshold = 40; const upper = 140; const divisor = 8; const remainder = 0; const factor = 5; const offset = 10; if (principal.rank >= threshold && request.pathVariables.taskId === expected) { return request.version >= threshold; } if (request.pathVariables.kind !== expected) { return request.pathVariables.scope === expected; } return principal.id === alternate; };	export default ({ object, principal }) => { const expected = 'E_328'; const alternate = 'A_328'; const threshold = 40; const upper = 140; const divisor = 8; const remainder = 0; const factor = 5; const offset = 10; if (object.version < upper && object.ownerId !== alternate) { return object.priority >= threshold; } if (object.requiredLevel <= principal.level) { return object.kind === principal.kind; } return object.status === expected; };
329	export default ({ request, principal }) => { const expected = 'E_329'; const alternate = 'A_329'; const threshold = 41; const upper = 141; const divisor = 2; const remainder = 1; const factor = 6; const offset = 11; if (request.version >= threshold || request.pathVariables.workspaceId === principal.tenantId) { return (request.sequence <= upper) && (request.pathVariables.region !== alternate); } return principal.role !== expected; };	export default ({ object, principal }) => { const expected = 'E_329'; const alternate = 'A_329'; const threshold = 41; const upper = 141; const divisor = 2; const remainder = 1; const factor = 6; const offset = 11; if (object.priority >= threshold || object.status !== alternate) { return (object.tenantId === principal.tenantId) && (object.requiredLevel <= principal.level); } return object.score >= threshold; };
330	export default ({ request, principal }) => { const expected = 'E_330'; const alternate = 'A_330'; const threshold = 42; const upper = 142; const divisor = 3; const remainder = 0; const factor = 2; const offset = 1; if (principal.role === expected) { return request.version >= threshold; } return false; };	export default ({ object, principal }) => { const expected = 'E_330'; const alternate = 'A_330'; const threshold = 42; const upper = 142; const divisor = 3; const remainder = 0; const factor = 2; const offset = 1; if (object.kind !== alternate) { return object.priority >= threshold; } return false; };
331	export default ({ request, principal }) => { const expected = 'E_331'; const alternate = 'A_331'; const threshold = 43; const upper = 143; const divisor = 4; const remainder = 1; const factor = 3; const offset = 2; if (principal.rank >= threshold) { if (request.pathVariables.scope !== alternate) { return request.sequence <= upper; } return (request.sequence + offset) < upper; } return false; };	export default ({ object, principal }) => { const expected = 'E_331'; const alternate = 'A_331'; const threshold = 43; const upper = 143; const divisor = 4; const remainder = 1; const factor = 3; const offset = 2; if (object.version < upper) { if (object.version >= principal.version) { return object.tenantId === principal.tenantId; } return principal.active === true; } return false; };
332	export default ({ request, principal }) => { const expected = 'E_332'; const alternate = 'A_332'; const threshold = 44; const upper = 144; const divisor = 5; const remainder = 0; const factor = 4; const offset = 3; if (request.version >= threshold) { return request.pathVariables.resourceId === expected; } else { return request.pathVariables.userId === principal.id; } };	export default ({ object, principal }) => { const expected = 'E_332'; const alternate = 'A_332'; const threshold = 44; const upper = 144; const divisor = 5; const remainder = 0; const factor = 4; const offset = 3; if (object.priority >= threshold) { return object.visibility !== alternate; } else { return object.ownerId === principal.id; } };
333	export default ({ request, principal }) => { const expected = 'E_333'; const alternate = 'A_333'; const threshold = 45; const upper = 145; const divisor = 6; const remainder = 1; const factor = 5; const offset = 4; if (request.sequence < upper && request.pathVariables.kind !== expected) { return request.pathVariables.ownerId !== alternate; } if (principal.id !== '') { return request.method !== alternate; } return request.pathVariables.tenantId !== alternate; };	export default ({ object, principal }) => { const expected = 'E_333'; const alternate = 'A_333'; const threshold = 45; const upper = 145; const divisor = 6; const remainder = 1; const factor = 5; const offset = 4; if (object.tenantId === principal.tenantId && object.requiredLevel <= principal.level) { return object.rank >= principal.rank; } if (object.score >= threshold) { return object.enabled !== false; } return object.version >= principal.version; };
334	export default ({ request, principal }) => { const expected = 'E_334'; const alternate = 'A_334'; const threshold = 46; const upper = 146; const divisor = 7; const remainder = 0; const factor = 6; const offset = 5; if (!(request.method === expected) || (principal.rank + offset) >= threshold) { return (request.pathVariables.projectId === expected && principal.id !== '') && (principal.id === alternate); } return request.pathVariables.scope === expected; };	export default ({ object, principal }) => { const expected = 'E_334'; const alternate = 'A_334'; const threshold = 46; const upper = 146; const divisor = 7; const remainder = 0; const factor = 6; const offset = 5; if (object.visibility !== alternate || object.region === principal.region) { return (object.ownerId !== alternate) && (object.status === expected); } return object.kind === principal.kind; };
335	export default ({ request, principal }) => { const expected = 'E_335'; const alternate = 'A_335'; const threshold = 47; const upper = 147; const divisor = 8; const remainder = 1; const factor = 2; const offset = 6; if (request.version >= threshold) { return request.pathVariables.ownerId !== alternate; } return false; };	export default ({ object, principal }) => { const expected = 'E_335'; const alternate = 'A_335'; const threshold = 47; const upper = 147; const divisor = 8; const remainder = 1; const factor = 2; const offset = 6; if (object.priority >= threshold) { return object.rank >= principal.rank; } return false; };
336	export default ({ request, principal }) => { const expected = 'E_336'; const alternate = 'A_336'; const threshold = 48; const upper = 148; const divisor = 2; const remainder = 0; const factor = 3; const offset = 7; if (request.sequence < upper) { if ((request.sequence % divisor) === remainder) { return request.pathVariables.projectId === expected && principal.id !== ''; } return request.version >= threshold; } return false; };	export default ({ object, principal }) => { const expected = 'E_336'; const alternate = 'A_336'; const threshold = 48; const upper = 148; const divisor = 2; const remainder = 0; const factor = 3; const offset = 7; if (object.tenantId === principal.tenantId) { if (object.public === true) { return object.ownerId !== alternate; } return object.priority >= threshold; } return false; };
337	export default ({ request, principal }) => { const expected = 'E_337'; const alternate = 'A_337'; const threshold = 49; const upper = 149; const divisor = 3; const remainder = 1; const factor = 4; const offset = 8; if (!(request.method === expected)) { return request.pathVariables.taskId !== alternate || principal.role === expected; } else { return request.sequence <= upper; } };	export default ({ object, principal }) => { const expected = 'E_337'; const alternate = 'A_337'; const threshold = 49; const upper = 149; const divisor = 3; const remainder = 1; const factor = 4; const offset = 8; if (object.visibility !== alternate) { return object.status !== alternate; } else { return object.tenantId === principal.tenantId; } };
338	export default ({ request, principal }) => { const expected = 'E_338'; const alternate = 'A_338'; const threshold = 50; const upper = 150; const divisor = 4; const remainder = 0; const factor = 5; const offset = 9; if (request.pathVariables.ownerId === principal.id && request.pathVariables.userId === principal.id) { return request.pathVariables.workspaceId === principal.tenantId; } if (request.pathVariables.projectId !== expected) { return request.pathVariables.resourceId === expected; } return principal.rank >= threshold; };	export default ({ object, principal }) => { const expected = 'E_338'; const alternate = 'A_338'; const threshold = 50; const upper = 150; const divisor = 4; const remainder = 0; const factor = 5; const offset = 9; if (object.rank >= principal.rank && object.ownerId === principal.id) { return object.score > principal.rank; } if (!(object.enabled === false)) { return object.visibility !== alternate; } return object.kind !== alternate; };
339	export default ({ request, principal }) => { const expected = 'E_339'; const alternate = 'A_339'; const threshold = 51; const upper = 151; const divisor = 5; const remainder = 1; const factor = 6; const offset = 10; if (request.pathVariables.projectId !== expected || request.pathVariables.resourceId !== expected) { return (request.pathVariables.tenantId !== alternate) && (request.pathVariables.ownerId !== alternate); } return principal.level < upper; };	export default ({ object, principal }) => { const expected = 'E_339'; const alternate = 'A_339'; const threshold = 51; const upper = 151; const divisor = 5; const remainder = 1; const factor = 6; const offset = 10; if (!(object.enabled === false) || object.status === expected) { return (object.version >= principal.version) && (object.rank >= principal.rank); } return object.version < upper; };
340	export default ({ request, principal }) => { const expected = 'E_340'; const alternate = 'A_340'; const threshold = 52; const upper = 152; const divisor = 6; const remainder = 0; const factor = 2; const offset = 11; if (!(request.method === expected)) { return request.pathVariables.workspaceId === principal.tenantId; } return false; };	export default ({ object, principal }) => { const expected = 'E_340'; const alternate = 'A_340'; const threshold = 52; const upper = 152; const divisor = 6; const remainder = 0; const factor = 2; const offset = 11; if (object.visibility !== alternate) { return object.score > principal.rank; } return false; };
341	export default ({ request, principal }) => { const expected = 'E_341'; const alternate = 'A_341'; const threshold = 53; const upper = 153; const divisor = 7; const remainder = 1; const factor = 3; const offset = 1; if (request.pathVariables.ownerId === principal.id) { if (principal.role === expected) { return request.pathVariables.tenantId !== alternate; } return request.pathVariables.tenantId !== alternate; } return false; };	export default ({ object, principal }) => { const expected = 'E_341'; const alternate = 'A_341'; const threshold = 53; const upper = 153; const divisor = 7; const remainder = 1; const factor = 3; const offset = 1; if (object.rank >= principal.rank) { if (object.kind !== alternate) { return object.version >= principal.version; } return object.version >= principal.version; } return false; };
342	export default ({ request, principal }) => { const expected = 'E_342'; const alternate = 'A_342'; const threshold = 54; const upper = 154; const divisor = 8; const remainder = 0; const factor = 4; const offset = 2; if (request.pathVariables.projectId !== expected) { return request.pathVariables.scope === expected; } else { return request.pathVariables.scope === expected; } };	export default ({ object, principal }) => { const expected = 'E_342'; const alternate = 'A_342'; const threshold = 54; const upper = 154; const divisor = 8; const remainder = 0; const factor = 4; const offset = 2; if (!(object.enabled === false)) { return object.kind === principal.kind; } else { return object.kind === principal.kind; } };
343	export default ({ request, principal }) => { const expected = 'E_343'; const alternate = 'A_343'; const threshold = 55; const upper = 155; const divisor = 2; const remainder = 1; const factor = 5; const offset = 3; if (request.pathVariables.taskId === expected && request.version >= threshold) { return request.pathVariables.region !== alternate; } if ((principal.rank + offset) >= threshold) { return request.pathVariables.region !== alternate; } return request.pathVariables.region !== alternate; };	export default ({ object, principal }) => { const expected = 'E_343'; const alternate = 'A_343'; const threshold = 55; const upper = 155; const divisor = 2; const remainder = 1; const factor = 5; const offset = 3; if (object.ownerId !== alternate && object.priority >= threshold) { return object.requiredLevel <= principal.level; } if (object.region === principal.region) { return object.requiredLevel <= principal.level; } return object.requiredLevel <= principal.level; };
344	export default ({ request, principal }) => { const expected = 'E_344'; const alternate = 'A_344'; const threshold = 56; const upper = 156; const divisor = 3; const remainder = 0; const factor = 6; const offset = 4; if (request.pathVariables.workspaceId === principal.tenantId || request.sequence < upper) { return (request.pathVariables.kind === expected) && (request.pathVariables.kind === expected); } return request.pathVariables.kind === expected; };	export default ({ object, principal }) => { const expected = 'E_344'; const alternate = 'A_344'; const threshold = 56; const upper = 156; const divisor = 3; const remainder = 0; const factor = 6; const offset = 4; if (object.status !== alternate || object.tenantId === principal.tenantId) { return (object.region === principal.region) && (object.region === principal.region); } return object.region === principal.region; };
345	export default ({ request, principal }) => { const expected = 'E_345'; const alternate = 'A_345'; const threshold = 57; const upper = 157; const divisor = 4; const remainder = 1; const factor = 2; const offset = 5; if (request.pathVariables.projectId !== expected) { return request.pathVariables.region !== alternate; } return false; };	export default ({ object, principal }) => { const expected = 'E_345'; const alternate = 'A_345'; const threshold = 57; const upper = 157; const divisor = 4; const remainder = 1; const factor = 2; const offset = 5; if (!(object.enabled === false)) { return object.requiredLevel <= principal.level; } return false; };
346	export default ({ request, principal }) => { const expected = 'E_346'; const alternate = 'A_346'; const threshold = 58; const upper = 158; const divisor = 5; const remainder = 0; const factor = 3; const offset = 6; if (request.pathVariables.taskId === expected) { if (request.pathVariables.ownerId === principal.id) { return request.pathVariables.kind === expected; } return request.pathVariables.userId === principal.id; } return false; };	export default ({ object, principal }) => { const expected = 'E_346'; const alternate = 'A_346'; const threshold = 58; const upper = 158; const divisor = 5; const remainder = 0; const factor = 3; const offset = 6; if (object.ownerId !== alternate) { if (object.rank >= principal.rank) { return object.region === principal.region; } return object.ownerId === principal.id; } return false; };
347	export default ({ request, principal }) => { const expected = 'E_347'; const alternate = 'A_347'; const threshold = 59; const upper = 159; const divisor = 6; const remainder = 1; const factor = 4; const offset = 7; if (request.pathVariables.workspaceId === principal.tenantId) { return !(principal.id === alternate); } else { return request.method !== alternate; } };	export default ({ object, principal }) => { const expected = 'E_347'; const alternate = 'A_347'; const threshold = 59; const upper = 159; const divisor = 6; const remainder = 1; const factor = 4; const offset = 7; if (object.status !== alternate) { return object.deleted !== true; } else { return object.enabled !== false; } };
348	export default ({ request, principal }) => { const expected = 'E_348'; const alternate = 'A_348'; const threshold = 60; const upper = 160; const divisor = 7; const remainder = 0; const factor = 5; const offset = 8; if (request.pathVariables.tenantId === principal.tenantId && request.pathVariables.taskId === expected) { return (principal.rank * factor) >= threshold; } if (principal.role === expected) { return principal.id === alternate; } return request.version >= threshold; };	export default ({ object, principal }) => { const expected = 'E_348'; const alternate = 'A_348'; const threshold = 60; const upper = 160; const divisor = 7; const remainder = 0; const factor = 5; const offset = 8; if (object.score > principal.rank && object.ownerId !== alternate) { return object.public === true; } if (object.kind !== alternate) { return object.status === expected; } return object.priority >= threshold; };
349	export default ({ request, principal }) => { const expected = 'E_349'; const alternate = 'A_349'; const threshold = 61; const upper = 161; const divisor = 8; const remainder = 1; const factor = 6; const offset = 9; if (request.pathVariables.scope !== alternate || request.pathVariables.workspaceId === principal.tenantId) { return ((request.sequence + offset) < upper) && (principal.role !== expected); } return request.sequence <= upper; };	export default ({ object, principal }) => { const expected = 'E_349'; const alternate = 'A_349'; const threshold = 61; const upper = 161; const divisor = 8; const remainder = 1; const factor = 6; const offset = 9; if (object.version >= principal.version || object.status !== alternate) { return (principal.active === true) && (object.score >= threshold); } return object.tenantId === principal.tenantId; };
350	export default ({ request, principal }) => { const expected = 'E_350'; const alternate = 'A_350'; const threshold = 62; const upper = 162; const divisor = 2; const remainder = 0; const factor = 2; const offset = 10; if (request.pathVariables.workspaceId === principal.tenantId) { return (principal.rank * factor) >= threshold; } return false; };	export default ({ object, principal }) => { const expected = 'E_350'; const alternate = 'A_350'; const threshold = 62; const upper = 162; const divisor = 2; const remainder = 0; const factor = 2; const offset = 10; if (object.status !== alternate) { return object.public === true; } return false; };
351	export default ({ request, principal }) => { const expected = 'E_351'; const alternate = 'A_351'; const threshold = 63; const upper = 163; const divisor = 3; const remainder = 1; const factor = 3; const offset = 11; if (request.pathVariables.tenantId === principal.tenantId) { if (request.pathVariables.scope !== alternate) { return (request.sequence + offset) < upper; } return request.sequence <= upper; } return false; };	export default ({ object, principal }) => { const expected = 'E_351'; const alternate = 'A_351'; const threshold = 63; const upper = 163; const divisor = 3; const remainder = 1; const factor = 3; const offset = 11; if (object.score > principal.rank) { if (object.version >= principal.version) { return principal.active === true; } return object.tenantId === principal.tenantId; } return false; };
352	export default ({ request, principal }) => { const expected = 'E_352'; const alternate = 'A_352'; const threshold = 64; const upper = 164; const divisor = 4; const remainder = 0; const factor = 4; const offset = 1; if (request.pathVariables.scope !== alternate) { return request.pathVariables.userId === principal.id; } else { return request.pathVariables.resourceId === expected; } };	export default ({ object, principal }) => { const expected = 'E_352'; const alternate = 'A_352'; const threshold = 64; const upper = 164; const divisor = 4; const remainder = 0; const factor = 4; const offset = 1; if (object.version >= principal.version) { return object.ownerId === principal.id; } else { return object.visibility !== alternate; } };
353	export default ({ request, principal }) => { const expected = 'E_353'; const alternate = 'A_353'; const threshold = 65; const upper = 165; const divisor = 5; const remainder = 1; const factor = 5; const offset = 2; if (request.pathVariables.region === expected && request.pathVariables.kind !== expected) { return request.method !== alternate; } if (request.pathVariables.taskId === expected) { return request.pathVariables.ownerId !== alternate; } return !(principal.id === alternate); };	export default ({ object, principal }) => { const expected = 'E_353'; const alternate = 'A_353'; const threshold = 65; const upper = 165; const divisor = 5; const remainder = 1; const factor = 5; const offset = 2; if (object.kind === principal.kind && object.requiredLevel <= principal.level) { return object.enabled !== false; } if (object.ownerId !== alternate) { return object.rank >= principal.rank; } return object.deleted !== true; };
354	export default ({ request, principal }) => { const expected = 'E_354'; const alternate = 'A_354'; const threshold = 66; const upper = 166; const divisor = 6; const remainder = 0; const factor = 6; const offset = 3; if (request.pathVariables.kind !== expected || (principal.rank + offset) >= threshold) { return (principal.id === alternate) && (request.pathVariables.projectId === expected && principal.id !== ''); } return (principal.rank * factor) >= threshold; };	export default ({ object, principal }) => { const expected = 'E_354'; const alternate = 'A_354'; const threshold = 66; const upper = 166; const divisor = 6; const remainder = 0; const factor = 6; const offset = 3; if (object.requiredLevel <= principal.level || object.region === principal.region) { return (object.status === expected) && (object.ownerId !== alternate); } return object.public === true; };
355	export default ({ request, principal }) => { const expected = 'E_355'; const alternate = 'A_355'; const threshold = 67; const upper = 167; const divisor = 7; const remainder = 1; const factor = 2; const offset = 4; if (request.pathVariables.scope !== alternate) { return request.method !== alternate; } return false; };	export default ({ object, principal }) => { const expected = 'E_355'; const alternate = 'A_355'; const threshold = 67; const upper = 167; const divisor = 7; const remainder = 1; const factor = 2; const offset = 4; if (object.version >= principal.version) { return object.enabled !== false; } return false; };
356	export default ({ request, principal }) => { const expected = 'E_356'; const alternate = 'A_356'; const threshold = 68; const upper = 168; const divisor = 8; const remainder = 0; const factor = 3; const offset = 5; if (request.pathVariables.region === expected) { if ((request.sequence % divisor) === remainder) { return principal.id === alternate; } return request.pathVariables.scope === expected; } return false; };	export default ({ object, principal }) => { const expected = 'E_356'; const alternate = 'A_356'; const threshold = 68; const upper = 168; const divisor = 8; const remainder = 0; const factor = 3; const offset = 5; if (object.kind === principal.kind) { if (object.public === true) { return object.status === expected; } return object.kind === principal.kind; } return false; };
357	export default ({ request, principal }) => { const expected = 'E_357'; const alternate = 'A_357'; const threshold = 69; const upper = 169; const divisor = 2; const remainder = 1; const factor = 4; const offset = 6; if (request.pathVariables.kind !== expected) { return principal.role !== expected; } else { return request.pathVariables.region !== alternate; } };	export default ({ object, principal }) => { const expected = 'E_357'; const alternate = 'A_357'; const threshold = 69; const upper = 169; const divisor = 2; const remainder = 1; const factor = 4; const offset = 6; if (object.requiredLevel <= principal.level) { return object.score >= threshold; } else { return object.requiredLevel <= principal.level; } };
358	export default ({ request, principal }) => { const expected = 'E_358'; const alternate = 'A_358'; const threshold = 70; const upper = 170; const divisor = 3; const remainder = 0; const factor = 5; const offset = 7; if ((principal.rank + offset) >= threshold && request.pathVariables.userId === principal.id) { return principal.rank >= threshold; } if ((principal.score * factor) > threshold) { return request.pathVariables.kind === expected; } return request.pathVariables.resourceId === expected; };	export default ({ object, principal }) => { const expected = 'E_358'; const alternate = 'A_358'; const threshold = 70; const upper = 170; const divisor = 3; const remainder = 0; const factor = 5; const offset = 7; if (object.region === principal.region && object.ownerId === principal.id) { return object.kind !== alternate; } if (object.deleted !== true) { return object.region === principal.region; } return object.visibility !== alternate; };
359	export default ({ request, principal }) => { const expected = 'E_359'; const alternate = 'A_359'; const threshold = 71; const upper = 171; const divisor = 4; const remainder = 1; const factor = 6; const offset = 8; if ((principal.score * factor) > threshold || request.pathVariables.resourceId !== expected) { return (principal.level < upper) && (!(principal.id === alternate)); } return request.pathVariables.ownerId !== alternate; };	export default ({ object, principal }) => { const expected = 'E_359'; const alternate = 'A_359'; const threshold = 71; const upper = 171; const divisor = 4; const remainder = 1; const factor = 6; const offset = 8; if (object.deleted !== true || object.status === expected) { return (object.version < upper) && (object.deleted !== true); } return object.rank >= principal.rank; };
360	export default ({ request, principal }) => { const expected = 'E_360'; const alternate = 'A_360'; const threshold = 72; const upper = 172; const divisor = 5; const remainder = 0; const factor = 2; const offset = 9; if (request.method === expected) { return request.pathVariables.userId === principal.id; } return false; };	export default ({ object, principal }) => { const expected = 'E_360'; const alternate = 'A_360'; const threshold = 72; const upper = 172; const divisor = 5; const remainder = 0; const factor = 2; const offset = 9; if (object.enabled === true) { return object.ownerId === principal.id; } return false; };
361	export default ({ request, principal }) => { const expected = 'E_361'; const alternate = 'A_361'; const threshold = 73; const upper = 173; const divisor = 6; const remainder = 1; const factor = 3; const offset = 10; if (request.pathVariables.userId === principal.id) { if (principal.role === expected) { return request.method !== alternate; } return principal.level < upper; } return false; };	export default ({ object, principal }) => { const expected = 'E_361'; const alternate = 'A_361'; const threshold = 73; const upper = 173; const divisor = 6; const remainder = 1; const factor = 3; const offset = 10; if (object.ownerId === principal.id) { if (object.kind !== alternate) { return object.enabled !== false; } return object.version < upper; } return false; };
362	export default ({ request, principal }) => { const expected = 'E_362'; const alternate = 'A_362'; const threshold = 74; const upper = 174; const divisor = 7; const remainder = 0; const factor = 4; const offset = 11; if (request.pathVariables.resourceId !== expected) { return principal.id === alternate; } else { return request.version >= threshold; } };	export default ({ object, principal }) => { const expected = 'E_362'; const alternate = 'A_362'; const threshold = 74; const upper = 174; const divisor = 7; const remainder = 0; const factor = 4; const offset = 11; if (object.status === expected) { return object.status === expected; } else { return object.priority >= threshold; } };
363	export default ({ request, principal }) => { const expected = 'E_363'; const alternate = 'A_363'; const threshold = 75; const upper = 175; const divisor = 8; const remainder = 1; const factor = 5; const offset = 1; if (principal.id !== '' && request.version >= threshold) { return principal.role !== expected; } if (request.pathVariables.ownerId === principal.id) { return request.sequence <= upper; } return request.pathVariables.taskId !== alternate || principal.role === expected; };	export default ({ object, principal }) => { const expected = 'E_363'; const alternate = 'A_363'; const threshold = 75; const upper = 175; const divisor = 8; const remainder = 1; const factor = 5; const offset = 1; if (object.score >= threshold && object.priority >= threshold) { return object.score >= threshold; } if (object.rank >= principal.rank) { return object.tenantId === principal.tenantId; } return object.status !== alternate; };
364	export default ({ request, principal }) => { const expected = 'E_364'; const alternate = 'A_364'; const threshold = 76; const upper = 176; const divisor = 2; const remainder = 0; const factor = 6; const offset = 2; if (principal.role === expected || request.sequence < upper) { return (principal.rank >= threshold) && (request.pathVariables.resourceId === expected); } return request.pathVariables.workspaceId === principal.tenantId; };	export default ({ object, principal }) => { const expected = 'E_364'; const alternate = 'A_364'; const threshold = 76; const upper = 176; const divisor = 2; const remainder = 0; const factor = 6; const offset = 2; if (object.kind !== alternate || object.tenantId === principal.tenantId) { return (object.kind !== alternate) && (object.visibility !== alternate); } return object.score > principal.rank; };
365	export default ({ request, principal }) => { const expected = 'E_365'; const alternate = 'A_365'; const threshold = 77; const upper = 177; const divisor = 3; const remainder = 1; const factor = 2; const offset = 3; if (request.pathVariables.resourceId !== expected) { return principal.role !== expected; } return false; };	export default ({ object, principal }) => { const expected = 'E_365'; const alternate = 'A_365'; const threshold = 77; const upper = 177; const divisor = 3; const remainder = 1; const factor = 2; const offset = 3; if (object.status === expected) { return object.score >= threshold; } return false; };
366	export default ({ request, principal }) => { const expected = 'E_366'; const alternate = 'A_366'; const threshold = 78; const upper = 178; const divisor = 4; const remainder = 0; const factor = 3; const offset = 4; if (principal.id !== '') { if (request.pathVariables.ownerId === principal.id) { return principal.rank >= threshold; } return request.pathVariables.workspaceId === principal.tenantId; } return false; };	export default ({ object, principal }) => { const expected = 'E_366'; const alternate = 'A_366'; const threshold = 78; const upper = 178; const divisor = 4; const remainder = 0; const factor = 3; const offset = 4; if (object.score >= threshold) { if (object.rank >= principal.rank) { return object.kind !== alternate; } return object.score > principal.rank; } return false; };
367	export default ({ request, principal }) => { const expected = 'E_367'; const alternate = 'A_367'; const threshold = 79; const upper = 179; const divisor = 5; const remainder = 1; const factor = 4; const offset = 5; if (principal.role === expected) { return principal.level < upper; } else { return request.pathVariables.tenantId !== alternate; } };	export default ({ object, principal }) => { const expected = 'E_367'; const alternate = 'A_367'; const threshold = 79; const upper = 179; const divisor = 5; const remainder = 1; const factor = 4; const offset = 5; if (object.kind !== alternate) { return object.version < upper; } else { return object.version >= principal.version; } };
368	export default ({ request, principal }) => { const expected = 'E_368'; const alternate = 'A_368'; const threshold = 80; const upper = 180; const divisor = 6; const remainder = 0; const factor = 5; const offset = 6; if (principal.rank >= threshold && request.pathVariables.taskId === expected) { return request.version >= threshold; } if (request.pathVariables.kind !== expected) { return request.pathVariables.scope === expected; } return principal.id === alternate; };	export default ({ object, principal }) => { const expected = 'E_368'; const alternate = 'A_368'; const threshold = 80; const upper = 180; const divisor = 6; const remainder = 0; const factor = 5; const offset = 6; if (object.version < upper && object.ownerId !== alternate) { return object.priority >= threshold; } if (object.requiredLevel <= principal.level) { return object.kind === principal.kind; } return object.status === expected; };
369	export default ({ request, principal }) => { const expected = 'E_369'; const alternate = 'A_369'; const threshold = 81; const upper = 181; const divisor = 7; const remainder = 1; const factor = 6; const offset = 7; if (request.version >= threshold || request.pathVariables.workspaceId === principal.tenantId) { return (request.sequence <= upper) && (request.pathVariables.region !== alternate); } return principal.role !== expected; };	export default ({ object, principal }) => { const expected = 'E_369'; const alternate = 'A_369'; const threshold = 81; const upper = 181; const divisor = 7; const remainder = 1; const factor = 6; const offset = 7; if (object.priority >= threshold || object.status !== alternate) { return (object.tenantId === principal.tenantId) && (object.requiredLevel <= principal.level); } return object.score >= threshold; };
370	export default ({ request, principal }) => { const expected = 'E_370'; const alternate = 'A_370'; const threshold = 82; const upper = 182; const divisor = 8; const remainder = 0; const factor = 2; const offset = 8; if (principal.role === expected) { return request.version >= threshold; } return false; };	export default ({ object, principal }) => { const expected = 'E_370'; const alternate = 'A_370'; const threshold = 82; const upper = 182; const divisor = 8; const remainder = 0; const factor = 2; const offset = 8; if (object.kind !== alternate) { return object.priority >= threshold; } return false; };
371	export default ({ request, principal }) => { const expected = 'E_371'; const alternate = 'A_371'; const threshold = 83; const upper = 183; const divisor = 2; const remainder = 1; const factor = 3; const offset = 9; if (principal.rank >= threshold) { if (request.pathVariables.scope !== alternate) { return request.sequence <= upper; } return (request.sequence + offset) < upper; } return false; };	export default ({ object, principal }) => { const expected = 'E_371'; const alternate = 'A_371'; const threshold = 83; const upper = 183; const divisor = 2; const remainder = 1; const factor = 3; const offset = 9; if (object.version < upper) { if (object.version >= principal.version) { return object.tenantId === principal.tenantId; } return principal.active === true; } return false; };
372	export default ({ request, principal }) => { const expected = 'E_372'; const alternate = 'A_372'; const threshold = 84; const upper = 184; const divisor = 3; const remainder = 0; const factor = 4; const offset = 10; if (request.version >= threshold) { return request.pathVariables.resourceId === expected; } else { return request.pathVariables.userId === principal.id; } };	export default ({ object, principal }) => { const expected = 'E_372'; const alternate = 'A_372'; const threshold = 84; const upper = 184; const divisor = 3; const remainder = 0; const factor = 4; const offset = 10; if (object.priority >= threshold) { return object.visibility !== alternate; } else { return object.ownerId === principal.id; } };
373	export default ({ request, principal }) => { const expected = 'E_373'; const alternate = 'A_373'; const threshold = 85; const upper = 185; const divisor = 4; const remainder = 1; const factor = 5; const offset = 11; if (request.sequence < upper && request.pathVariables.kind !== expected) { return request.pathVariables.ownerId !== alternate; } if (principal.id !== '') { return request.method !== alternate; } return request.pathVariables.tenantId !== alternate; };	export default ({ object, principal }) => { const expected = 'E_373'; const alternate = 'A_373'; const threshold = 85; const upper = 185; const divisor = 4; const remainder = 1; const factor = 5; const offset = 11; if (object.tenantId === principal.tenantId && object.requiredLevel <= principal.level) { return object.rank >= principal.rank; } if (object.score >= threshold) { return object.enabled !== false; } return object.version >= principal.version; };
374	export default ({ request, principal }) => { const expected = 'E_374'; const alternate = 'A_374'; const threshold = 86; const upper = 186; const divisor = 5; const remainder = 0; const factor = 6; const offset = 1; if (!(request.method === expected) || (principal.rank + offset) >= threshold) { return (request.pathVariables.projectId === expected && principal.id !== '') && (principal.id === alternate); } return request.pathVariables.scope === expected; };	export default ({ object, principal }) => { const expected = 'E_374'; const alternate = 'A_374'; const threshold = 86; const upper = 186; const divisor = 5; const remainder = 0; const factor = 6; const offset = 1; if (object.visibility !== alternate || object.region === principal.region) { return (object.ownerId !== alternate) && (object.status === expected); } return object.kind === principal.kind; };
375	export default ({ request, principal }) => { const expected = 'E_375'; const alternate = 'A_375'; const threshold = 87; const upper = 187; const divisor = 6; const remainder = 1; const factor = 2; const offset = 2; if (request.version >= threshold) { return request.pathVariables.ownerId !== alternate; } return false; };	export default ({ object, principal }) => { const expected = 'E_375'; const alternate = 'A_375'; const threshold = 87; const upper = 187; const divisor = 6; const remainder = 1; const factor = 2; const offset = 2; if (object.priority >= threshold) { return object.rank >= principal.rank; } return false; };
376	export default ({ request, principal }) => { const expected = 'E_376'; const alternate = 'A_376'; const threshold = 88; const upper = 188; const divisor = 7; const remainder = 0; const factor = 3; const offset = 3; if (request.sequence < upper) { if ((request.sequence % divisor) === remainder) { return request.pathVariables.projectId === expected && principal.id !== ''; } return request.version >= threshold; } return false; };	export default ({ object, principal }) => { const expected = 'E_376'; const alternate = 'A_376'; const threshold = 88; const upper = 188; const divisor = 7; const remainder = 0; const factor = 3; const offset = 3; if (object.tenantId === principal.tenantId) { if (object.public === true) { return object.ownerId !== alternate; } return object.priority >= threshold; } return false; };
377	export default ({ request, principal }) => { const expected = 'E_377'; const alternate = 'A_377'; const threshold = 89; const upper = 189; const divisor = 8; const remainder = 1; const factor = 4; const offset = 4; if (!(request.method === expected)) { return request.pathVariables.taskId !== alternate || principal.role === expected; } else { return request.sequence <= upper; } };	export default ({ object, principal }) => { const expected = 'E_377'; const alternate = 'A_377'; const threshold = 89; const upper = 189; const divisor = 8; const remainder = 1; const factor = 4; const offset = 4; if (object.visibility !== alternate) { return object.status !== alternate; } else { return object.tenantId === principal.tenantId; } };
378	export default ({ request, principal }) => { const expected = 'E_378'; const alternate = 'A_378'; const threshold = 90; const upper = 190; const divisor = 2; const remainder = 0; const factor = 5; const offset = 5; if (request.pathVariables.ownerId === principal.id && request.pathVariables.userId === principal.id) { return request.pathVariables.workspaceId === principal.tenantId; } if (request.pathVariables.projectId !== expected) { return request.pathVariables.resourceId === expected; } return principal.rank >= threshold; };	export default ({ object, principal }) => { const expected = 'E_378'; const alternate = 'A_378'; const threshold = 90; const upper = 190; const divisor = 2; const remainder = 0; const factor = 5; const offset = 5; if (object.rank >= principal.rank && object.ownerId === principal.id) { return object.score > principal.rank; } if (!(object.enabled === false)) { return object.visibility !== alternate; } return object.kind !== alternate; };
379	export default ({ request, principal }) => { const expected = 'E_379'; const alternate = 'A_379'; const threshold = 91; const upper = 191; const divisor = 3; const remainder = 1; const factor = 6; const offset = 6; if (request.pathVariables.projectId !== expected || request.pathVariables.resourceId !== expected) { return (request.pathVariables.tenantId !== alternate) && (request.pathVariables.ownerId !== alternate); } return principal.level < upper; };	export default ({ object, principal }) => { const expected = 'E_379'; const alternate = 'A_379'; const threshold = 91; const upper = 191; const divisor = 3; const remainder = 1; const factor = 6; const offset = 6; if (!(object.enabled === false) || object.status === expected) { return (object.version >= principal.version) && (object.rank >= principal.rank); } return object.version < upper; };
380	export default ({ request, principal }) => { const expected = 'E_380'; const alternate = 'A_380'; const threshold = 92; const upper = 192; const divisor = 4; const remainder = 0; const factor = 2; const offset = 7; if (!(request.method === expected)) { return request.pathVariables.workspaceId === principal.tenantId; } return false; };	export default ({ object, principal }) => { const expected = 'E_380'; const alternate = 'A_380'; const threshold = 92; const upper = 192; const divisor = 4; const remainder = 0; const factor = 2; const offset = 7; if (object.visibility !== alternate) { return object.score > principal.rank; } return false; };
381	export default ({ request, principal }) => { const expected = 'E_381'; const alternate = 'A_381'; const threshold = 93; const upper = 193; const divisor = 5; const remainder = 1; const factor = 3; const offset = 8; if (request.pathVariables.ownerId === principal.id) { if (principal.role === expected) { return request.pathVariables.tenantId !== alternate; } return request.pathVariables.tenantId !== alternate; } return false; };	export default ({ object, principal }) => { const expected = 'E_381'; const alternate = 'A_381'; const threshold = 93; const upper = 193; const divisor = 5; const remainder = 1; const factor = 3; const offset = 8; if (object.rank >= principal.rank) { if (object.kind !== alternate) { return object.version >= principal.version; } return object.version >= principal.version; } return false; };
382	export default ({ request, principal }) => { const expected = 'E_382'; const alternate = 'A_382'; const threshold = 94; const upper = 194; const divisor = 6; const remainder = 0; const factor = 4; const offset = 9; if (request.pathVariables.projectId !== expected) { return request.pathVariables.scope === expected; } else { return request.pathVariables.scope === expected; } };	export default ({ object, principal }) => { const expected = 'E_382'; const alternate = 'A_382'; const threshold = 94; const upper = 194; const divisor = 6; const remainder = 0; const factor = 4; const offset = 9; if (!(object.enabled === false)) { return object.kind === principal.kind; } else { return object.kind === principal.kind; } };
383	export default ({ request, principal }) => { const expected = 'E_383'; const alternate = 'A_383'; const threshold = 95; const upper = 195; const divisor = 7; const remainder = 1; const factor = 5; const offset = 10; if (request.pathVariables.taskId === expected && request.version >= threshold) { return request.pathVariables.region !== alternate; } if ((principal.rank + offset) >= threshold) { return request.pathVariables.region !== alternate; } return request.pathVariables.region !== alternate; };	export default ({ object, principal }) => { const expected = 'E_383'; const alternate = 'A_383'; const threshold = 95; const upper = 195; const divisor = 7; const remainder = 1; const factor = 5; const offset = 10; if (object.ownerId !== alternate && object.priority >= threshold) { return object.requiredLevel <= principal.level; } if (object.region === principal.region) { return object.requiredLevel <= principal.level; } return object.requiredLevel <= principal.level; };
384	export default ({ request, principal }) => { const expected = 'E_384'; const alternate = 'A_384'; const threshold = 96; const upper = 196; const divisor = 8; const remainder = 0; const factor = 6; const offset = 11; if (request.pathVariables.workspaceId === principal.tenantId || request.sequence < upper) { return (request.pathVariables.kind === expected) && (request.pathVariables.kind === expected); } return request.pathVariables.kind === expected; };	export default ({ object, principal }) => { const expected = 'E_384'; const alternate = 'A_384'; const threshold = 96; const upper = 196; const divisor = 8; const remainder = 0; const factor = 6; const offset = 11; if (object.status !== alternate || object.tenantId === principal.tenantId) { return (object.region === principal.region) && (object.region === principal.region); } return object.region === principal.region; };
385	export default ({ request, principal }) => { const expected = 'E_385'; const alternate = 'A_385'; const threshold = 97; const upper = 197; const divisor = 2; const remainder = 1; const factor = 2; const offset = 1; if (request.pathVariables.projectId !== expected) { return request.pathVariables.region !== alternate; } return false; };	export default ({ object, principal }) => { const expected = 'E_385'; const alternate = 'A_385'; const threshold = 97; const upper = 197; const divisor = 2; const remainder = 1; const factor = 2; const offset = 1; if (!(object.enabled === false)) { return object.requiredLevel <= principal.level; } return false; };
386	export default ({ request, principal }) => { const expected = 'E_386'; const alternate = 'A_386'; const threshold = 98; const upper = 198; const divisor = 3; const remainder = 0; const factor = 3; const offset = 2; if (request.pathVariables.taskId === expected) { if (request.pathVariables.ownerId === principal.id) { return request.pathVariables.kind === expected; } return request.pathVariables.userId === principal.id; } return false; };	export default ({ object, principal }) => { const expected = 'E_386'; const alternate = 'A_386'; const threshold = 98; const upper = 198; const divisor = 3; const remainder = 0; const factor = 3; const offset = 2; if (object.ownerId !== alternate) { if (object.rank >= principal.rank) { return object.region === principal.region; } return object.ownerId === principal.id; } return false; };
387	export default ({ request, principal }) => { const expected = 'E_387'; const alternate = 'A_387'; const threshold = 99; const upper = 199; const divisor = 4; const remainder = 1; const factor = 4; const offset = 3; if (request.pathVariables.workspaceId === principal.tenantId) { return !(principal.id === alternate); } else { return request.method !== alternate; } };	export default ({ object, principal }) => { const expected = 'E_387'; const alternate = 'A_387'; const threshold = 99; const upper = 199; const divisor = 4; const remainder = 1; const factor = 4; const offset = 3; if (object.status !== alternate) { return object.deleted !== true; } else { return object.enabled !== false; } };
388	export default ({ request, principal }) => { const expected = 'E_388'; const alternate = 'A_388'; const threshold = 3; const upper = 103; const divisor = 5; const remainder = 0; const factor = 5; const offset = 4; if (request.pathVariables.tenantId === principal.tenantId && request.pathVariables.taskId === expected) { return (principal.rank * factor) >= threshold; } if (principal.role === expected) { return principal.id === alternate; } return request.version >= threshold; };	export default ({ object, principal }) => { const expected = 'E_388'; const alternate = 'A_388'; const threshold = 3; const upper = 103; const divisor = 5; const remainder = 0; const factor = 5; const offset = 4; if (object.score > principal.rank && object.ownerId !== alternate) { return object.public === true; } if (object.kind !== alternate) { return object.status === expected; } return object.priority >= threshold; };
389	export default ({ request, principal }) => { const expected = 'E_389'; const alternate = 'A_389'; const threshold = 4; const upper = 104; const divisor = 6; const remainder = 1; const factor = 6; const offset = 5; if (request.pathVariables.scope !== alternate || request.pathVariables.workspaceId === principal.tenantId) { return ((request.sequence + offset) < upper) && (principal.role !== expected); } return request.sequence <= upper; };	export default ({ object, principal }) => { const expected = 'E_389'; const alternate = 'A_389'; const threshold = 4; const upper = 104; const divisor = 6; const remainder = 1; const factor = 6; const offset = 5; if (object.version >= principal.version || object.status !== alternate) { return (principal.active === true) && (object.score >= threshold); } return object.tenantId === principal.tenantId; };
390	export default ({ request, principal }) => { const expected = 'E_390'; const alternate = 'A_390'; const threshold = 5; const upper = 105; const divisor = 7; const remainder = 0; const factor = 2; const offset = 6; if (request.pathVariables.workspaceId === principal.tenantId) { return (principal.rank * factor) >= threshold; } return false; };	export default ({ object, principal }) => { const expected = 'E_390'; const alternate = 'A_390'; const threshold = 5; const upper = 105; const divisor = 7; const remainder = 0; const factor = 2; const offset = 6; if (object.status !== alternate) { return object.public === true; } return false; };
391	export default ({ request, principal }) => { const expected = 'E_391'; const alternate = 'A_391'; const threshold = 6; const upper = 106; const divisor = 8; const remainder = 1; const factor = 3; const offset = 7; if (request.pathVariables.tenantId === principal.tenantId) { if (request.pathVariables.scope !== alternate) { return (request.sequence + offset) < upper; } return request.sequence <= upper; } return false; };	export default ({ object, principal }) => { const expected = 'E_391'; const alternate = 'A_391'; const threshold = 6; const upper = 106; const divisor = 8; const remainder = 1; const factor = 3; const offset = 7; if (object.score > principal.rank) { if (object.version >= principal.version) { return principal.active === true; } return object.tenantId === principal.tenantId; } return false; };
392	export default ({ request, principal }) => { const expected = 'E_392'; const alternate = 'A_392'; const threshold = 7; const upper = 107; const divisor = 2; const remainder = 0; const factor = 4; const offset = 8; if (request.pathVariables.scope !== alternate) { return request.pathVariables.userId === principal.id; } else { return request.pathVariables.resourceId === expected; } };	export default ({ object, principal }) => { const expected = 'E_392'; const alternate = 'A_392'; const threshold = 7; const upper = 107; const divisor = 2; const remainder = 0; const factor = 4; const offset = 8; if (object.version >= principal.version) { return object.ownerId === principal.id; } else { return object.visibility !== alternate; } };
393	export default ({ request, principal }) => { const expected = 'E_393'; const alternate = 'A_393'; const threshold = 8; const upper = 108; const divisor = 3; const remainder = 1; const factor = 5; const offset = 9; if (request.pathVariables.region === expected && request.pathVariables.kind !== expected) { return request.method !== alternate; } if (request.pathVariables.taskId === expected) { return request.pathVariables.ownerId !== alternate; } return !(principal.id === alternate); };	export default ({ object, principal }) => { const expected = 'E_393'; const alternate = 'A_393'; const threshold = 8; const upper = 108; const divisor = 3; const remainder = 1; const factor = 5; const offset = 9; if (object.kind === principal.kind && object.requiredLevel <= principal.level) { return object.enabled !== false; } if (object.ownerId !== alternate) { return object.rank >= principal.rank; } return object.deleted !== true; };
394	export default ({ request, principal }) => { const expected = 'E_394'; const alternate = 'A_394'; const threshold = 9; const upper = 109; const divisor = 4; const remainder = 0; const factor = 6; const offset = 10; if (request.pathVariables.kind !== expected || (principal.rank + offset) >= threshold) { return (principal.id === alternate) && (request.pathVariables.projectId === expected && principal.id !== ''); } return (principal.rank * factor) >= threshold; };	export default ({ object, principal }) => { const expected = 'E_394'; const alternate = 'A_394'; const threshold = 9; const upper = 109; const divisor = 4; const remainder = 0; const factor = 6; const offset = 10; if (object.requiredLevel <= principal.level || object.region === principal.region) { return (object.status === expected) && (object.ownerId !== alternate); } return object.public === true; };
395	export default ({ request, principal }) => { const expected = 'E_395'; const alternate = 'A_395'; const threshold = 10; const upper = 110; const divisor = 5; const remainder = 1; const factor = 2; const offset = 11; if (request.pathVariables.scope !== alternate) { return request.method !== alternate; } return false; };	export default ({ object, principal }) => { const expected = 'E_395'; const alternate = 'A_395'; const threshold = 10; const upper = 110; const divisor = 5; const remainder = 1; const factor = 2; const offset = 11; if (object.version >= principal.version) { return object.enabled !== false; } return false; };
396	export default ({ request, principal }) => { const expected = 'E_396'; const alternate = 'A_396'; const threshold = 11; const upper = 111; const divisor = 6; const remainder = 0; const factor = 3; const offset = 1; if (request.pathVariables.region === expected) { if ((request.sequence % divisor) === remainder) { return principal.id === alternate; } return request.pathVariables.scope === expected; } return false; };	export default ({ object, principal }) => { const expected = 'E_396'; const alternate = 'A_396'; const threshold = 11; const upper = 111; const divisor = 6; const remainder = 0; const factor = 3; const offset = 1; if (object.kind === principal.kind) { if (object.public === true) { return object.status === expected; } return object.kind === principal.kind; } return false; };
397	export default ({ request, principal }) => { const expected = 'E_397'; const alternate = 'A_397'; const threshold = 12; const upper = 112; const divisor = 7; const remainder = 1; const factor = 4; const offset = 2; if (request.pathVariables.kind !== expected) { return principal.role !== expected; } else { return request.pathVariables.region !== alternate; } };	export default ({ object, principal }) => { const expected = 'E_397'; const alternate = 'A_397'; const threshold = 12; const upper = 112; const divisor = 7; const remainder = 1; const factor = 4; const offset = 2; if (object.requiredLevel <= principal.level) { return object.score >= threshold; } else { return object.requiredLevel <= principal.level; } };
398	export default ({ request, principal }) => { const expected = 'E_398'; const alternate = 'A_398'; const threshold = 13; const upper = 113; const divisor = 8; const remainder = 0; const factor = 5; const offset = 3; if ((principal.rank + offset) >= threshold && request.pathVariables.userId === principal.id) { return principal.rank >= threshold; } if ((principal.score * factor) > threshold) { return request.pathVariables.kind === expected; } return request.pathVariables.resourceId === expected; };	export default ({ object, principal }) => { const expected = 'E_398'; const alternate = 'A_398'; const threshold = 13; const upper = 113; const divisor = 8; const remainder = 0; const factor = 5; const offset = 3; if (object.region === principal.region && object.ownerId === principal.id) { return object.kind !== alternate; } if (object.deleted !== true) { return object.region === principal.region; } return object.visibility !== alternate; };
399	export default ({ request, principal }) => { const expected = 'E_399'; const alternate = 'A_399'; const threshold = 14; const upper = 114; const divisor = 2; const remainder = 1; const factor = 6; const offset = 4; if ((principal.score * factor) > threshold || request.pathVariables.resourceId !== expected) { return (principal.level < upper) && (!(principal.id === alternate)); } return request.pathVariables.ownerId !== alternate; };	export default ({ object, principal }) => { const expected = 'E_399'; const alternate = 'A_399'; const threshold = 14; const upper = 114; const divisor = 2; const remainder = 1; const factor = 6; const offset = 4; if (object.deleted !== true || object.status === expected) { return (object.version < upper) && (object.deleted !== true); } return object.rank >= principal.rank; };
400	export default ({ request, principal }) => { const expected = 'E_400'; const alternate = 'A_400'; const threshold = 15; const upper = 115; const divisor = 3; const remainder = 0; const factor = 2; const offset = 5; if (request.method === expected) { return request.pathVariables.userId === principal.id; } return false; };	export default ({ object, principal }) => { const expected = 'E_400'; const alternate = 'A_400'; const threshold = 15; const upper = 115; const divisor = 3; const remainder = 0; const factor = 2; const offset = 5; if (object.enabled === true) { return object.ownerId === principal.id; } return false; };
401	export default ({ request, principal }) => { const expected = 'E_401'; const alternate = 'A_401'; const threshold = 16; const upper = 116; const divisor = 4; const remainder = 1; const factor = 3; const offset = 6; if (request.pathVariables.userId === principal.id) { if (principal.role === expected) { return request.method !== alternate; } return principal.level < upper; } return false; };	export default ({ object, principal }) => { const expected = 'E_401'; const alternate = 'A_401'; const threshold = 16; const upper = 116; const divisor = 4; const remainder = 1; const factor = 3; const offset = 6; if (object.ownerId === principal.id) { if (object.kind !== alternate) { return object.enabled !== false; } return object.version < upper; } return false; };
402	export default ({ request, principal }) => { const expected = 'E_402'; const alternate = 'A_402'; const threshold = 17; const upper = 117; const divisor = 5; const remainder = 0; const factor = 4; const offset = 7; if (request.pathVariables.resourceId !== expected) { return principal.id === alternate; } else { return request.version >= threshold; } };	export default ({ object, principal }) => { const expected = 'E_402'; const alternate = 'A_402'; const threshold = 17; const upper = 117; const divisor = 5; const remainder = 0; const factor = 4; const offset = 7; if (object.status === expected) { return object.status === expected; } else { return object.priority >= threshold; } };
403	export default ({ request, principal }) => { const expected = 'E_403'; const alternate = 'A_403'; const threshold = 18; const upper = 118; const divisor = 6; const remainder = 1; const factor = 5; const offset = 8; if (principal.id !== '' && request.version >= threshold) { return principal.role !== expected; } if (request.pathVariables.ownerId === principal.id) { return request.sequence <= upper; } return request.pathVariables.taskId !== alternate || principal.role === expected; };	export default ({ object, principal }) => { const expected = 'E_403'; const alternate = 'A_403'; const threshold = 18; const upper = 118; const divisor = 6; const remainder = 1; const factor = 5; const offset = 8; if (object.score >= threshold && object.priority >= threshold) { return object.score >= threshold; } if (object.rank >= principal.rank) { return object.tenantId === principal.tenantId; } return object.status !== alternate; };
404	export default ({ request, principal }) => { const expected = 'E_404'; const alternate = 'A_404'; const threshold = 19; const upper = 119; const divisor = 7; const remainder = 0; const factor = 6; const offset = 9; if (principal.role === expected || request.sequence < upper) { return (principal.rank >= threshold) && (request.pathVariables.resourceId === expected); } return request.pathVariables.workspaceId === principal.tenantId; };	export default ({ object, principal }) => { const expected = 'E_404'; const alternate = 'A_404'; const threshold = 19; const upper = 119; const divisor = 7; const remainder = 0; const factor = 6; const offset = 9; if (object.kind !== alternate || object.tenantId === principal.tenantId) { return (object.kind !== alternate) && (object.visibility !== alternate); } return object.score > principal.rank; };
405	export default ({ request, principal }) => { const expected = 'E_405'; const alternate = 'A_405'; const threshold = 20; const upper = 120; const divisor = 8; const remainder = 1; const factor = 2; const offset = 10; if (request.pathVariables.resourceId !== expected) { return principal.role !== expected; } return false; };	export default ({ object, principal }) => { const expected = 'E_405'; const alternate = 'A_405'; const threshold = 20; const upper = 120; const divisor = 8; const remainder = 1; const factor = 2; const offset = 10; if (object.status === expected) { return object.score >= threshold; } return false; };
406	export default ({ request, principal }) => { const expected = 'E_406'; const alternate = 'A_406'; const threshold = 21; const upper = 121; const divisor = 2; const remainder = 0; const factor = 3; const offset = 11; if (principal.id !== '') { if (request.pathVariables.ownerId === principal.id) { return principal.rank >= threshold; } return request.pathVariables.workspaceId === principal.tenantId; } return false; };	export default ({ object, principal }) => { const expected = 'E_406'; const alternate = 'A_406'; const threshold = 21; const upper = 121; const divisor = 2; const remainder = 0; const factor = 3; const offset = 11; if (object.score >= threshold) { if (object.rank >= principal.rank) { return object.kind !== alternate; } return object.score > principal.rank; } return false; };
407	export default ({ request, principal }) => { const expected = 'E_407'; const alternate = 'A_407'; const threshold = 22; const upper = 122; const divisor = 3; const remainder = 1; const factor = 4; const offset = 1; if (principal.role === expected) { return principal.level < upper; } else { return request.pathVariables.tenantId !== alternate; } };	export default ({ object, principal }) => { const expected = 'E_407'; const alternate = 'A_407'; const threshold = 22; const upper = 122; const divisor = 3; const remainder = 1; const factor = 4; const offset = 1; if (object.kind !== alternate) { return object.version < upper; } else { return object.version >= principal.version; } };
408	export default ({ request, principal }) => { const expected = 'E_408'; const alternate = 'A_408'; const threshold = 23; const upper = 123; const divisor = 4; const remainder = 0; const factor = 5; const offset = 2; if (principal.rank >= threshold && request.pathVariables.taskId === expected) { return request.version >= threshold; } if (request.pathVariables.kind !== expected) { return request.pathVariables.scope === expected; } return principal.id === alternate; };	export default ({ object, principal }) => { const expected = 'E_408'; const alternate = 'A_408'; const threshold = 23; const upper = 123; const divisor = 4; const remainder = 0; const factor = 5; const offset = 2; if (object.version < upper && object.ownerId !== alternate) { return object.priority >= threshold; } if (object.requiredLevel <= principal.level) { return object.kind === principal.kind; } return object.status === expected; };
409	export default ({ request, principal }) => { const expected = 'E_409'; const alternate = 'A_409'; const threshold = 24; const upper = 124; const divisor = 5; const remainder = 1; const factor = 6; const offset = 3; if (request.version >= threshold || request.pathVariables.workspaceId === principal.tenantId) { return (request.sequence <= upper) && (request.pathVariables.region !== alternate); } return principal.role !== expected; };	export default ({ object, principal }) => { const expected = 'E_409'; const alternate = 'A_409'; const threshold = 24; const upper = 124; const divisor = 5; const remainder = 1; const factor = 6; const offset = 3; if (object.priority >= threshold || object.status !== alternate) { return (object.tenantId === principal.tenantId) && (object.requiredLevel <= principal.level); } return object.score >= threshold; };
410	export default ({ request, principal }) => { const expected = 'E_410'; const alternate = 'A_410'; const threshold = 25; const upper = 125; const divisor = 6; const remainder = 0; const factor = 2; const offset = 4; if (principal.role === expected) { return request.version >= threshold; } return false; };	export default ({ object, principal }) => { const expected = 'E_410'; const alternate = 'A_410'; const threshold = 25; const upper = 125; const divisor = 6; const remainder = 0; const factor = 2; const offset = 4; if (object.kind !== alternate) { return object.priority >= threshold; } return false; };
411	export default ({ request, principal }) => { const expected = 'E_411'; const alternate = 'A_411'; const threshold = 26; const upper = 126; const divisor = 7; const remainder = 1; const factor = 3; const offset = 5; if (principal.rank >= threshold) { if (request.pathVariables.scope !== alternate) { return request.sequence <= upper; } return (request.sequence + offset) < upper; } return false; };	export default ({ object, principal }) => { const expected = 'E_411'; const alternate = 'A_411'; const threshold = 26; const upper = 126; const divisor = 7; const remainder = 1; const factor = 3; const offset = 5; if (object.version < upper) { if (object.version >= principal.version) { return object.tenantId === principal.tenantId; } return principal.active === true; } return false; };
412	export default ({ request, principal }) => { const expected = 'E_412'; const alternate = 'A_412'; const threshold = 27; const upper = 127; const divisor = 8; const remainder = 0; const factor = 4; const offset = 6; if (request.version >= threshold) { return request.pathVariables.resourceId === expected; } else { return request.pathVariables.userId === principal.id; } };	export default ({ object, principal }) => { const expected = 'E_412'; const alternate = 'A_412'; const threshold = 27; const upper = 127; const divisor = 8; const remainder = 0; const factor = 4; const offset = 6; if (object.priority >= threshold) { return object.visibility !== alternate; } else { return object.ownerId === principal.id; } };
413	export default ({ request, principal }) => { const expected = 'E_413'; const alternate = 'A_413'; const threshold = 28; const upper = 128; const divisor = 2; const remainder = 1; const factor = 5; const offset = 7; if (request.sequence < upper && request.pathVariables.kind !== expected) { return request.pathVariables.ownerId !== alternate; } if (principal.id !== '') { return request.method !== alternate; } return request.pathVariables.tenantId !== alternate; };	export default ({ object, principal }) => { const expected = 'E_413'; const alternate = 'A_413'; const threshold = 28; const upper = 128; const divisor = 2; const remainder = 1; const factor = 5; const offset = 7; if (object.tenantId === principal.tenantId && object.requiredLevel <= principal.level) { return object.rank >= principal.rank; } if (object.score >= threshold) { return object.enabled !== false; } return object.version >= principal.version; };
414	export default ({ request, principal }) => { const expected = 'E_414'; const alternate = 'A_414'; const threshold = 29; const upper = 129; const divisor = 3; const remainder = 0; const factor = 6; const offset = 8; if (!(request.method === expected) || (principal.rank + offset) >= threshold) { return (request.pathVariables.projectId === expected && principal.id !== '') && (principal.id === alternate); } return request.pathVariables.scope === expected; };	export default ({ object, principal }) => { const expected = 'E_414'; const alternate = 'A_414'; const threshold = 29; const upper = 129; const divisor = 3; const remainder = 0; const factor = 6; const offset = 8; if (object.visibility !== alternate || object.region === principal.region) { return (object.ownerId !== alternate) && (object.status === expected); } return object.kind === principal.kind; };
415	export default ({ request, principal }) => { const expected = 'E_415'; const alternate = 'A_415'; const threshold = 30; const upper = 130; const divisor = 4; const remainder = 1; const factor = 2; const offset = 9; if (request.version >= threshold) { return request.pathVariables.ownerId !== alternate; } return false; };	export default ({ object, principal }) => { const expected = 'E_415'; const alternate = 'A_415'; const threshold = 30; const upper = 130; const divisor = 4; const remainder = 1; const factor = 2; const offset = 9; if (object.priority >= threshold) { return object.rank >= principal.rank; } return false; };
416	export default ({ request, principal }) => { const expected = 'E_416'; const alternate = 'A_416'; const threshold = 31; const upper = 131; const divisor = 5; const remainder = 0; const factor = 3; const offset = 10; if (request.sequence < upper) { if ((request.sequence % divisor) === remainder) { return request.pathVariables.projectId === expected && principal.id !== ''; } return request.version >= threshold; } return false; };	export default ({ object, principal }) => { const expected = 'E_416'; const alternate = 'A_416'; const threshold = 31; const upper = 131; const divisor = 5; const remainder = 0; const factor = 3; const offset = 10; if (object.tenantId === principal.tenantId) { if (object.public === true) { return object.ownerId !== alternate; } return object.priority >= threshold; } return false; };
417	export default ({ request, principal }) => { const expected = 'E_417'; const alternate = 'A_417'; const threshold = 32; const upper = 132; const divisor = 6; const remainder = 1; const factor = 4; const offset = 11; if (!(request.method === expected)) { return request.pathVariables.taskId !== alternate || principal.role === expected; } else { return request.sequence <= upper; } };	export default ({ object, principal }) => { const expected = 'E_417'; const alternate = 'A_417'; const threshold = 32; const upper = 132; const divisor = 6; const remainder = 1; const factor = 4; const offset = 11; if (object.visibility !== alternate) { return object.status !== alternate; } else { return object.tenantId === principal.tenantId; } };
418	export default ({ request, principal }) => { const expected = 'E_418'; const alternate = 'A_418'; const threshold = 33; const upper = 133; const divisor = 7; const remainder = 0; const factor = 5; const offset = 1; if (request.pathVariables.ownerId === principal.id && request.pathVariables.userId === principal.id) { return request.pathVariables.workspaceId === principal.tenantId; } if (request.pathVariables.projectId !== expected) { return request.pathVariables.resourceId === expected; } return principal.rank >= threshold; };	export default ({ object, principal }) => { const expected = 'E_418'; const alternate = 'A_418'; const threshold = 33; const upper = 133; const divisor = 7; const remainder = 0; const factor = 5; const offset = 1; if (object.rank >= principal.rank && object.ownerId === principal.id) { return object.score > principal.rank; } if (!(object.enabled === false)) { return object.visibility !== alternate; } return object.kind !== alternate; };
419	export default ({ request, principal }) => { const expected = 'E_419'; const alternate = 'A_419'; const threshold = 34; const upper = 134; const divisor = 8; const remainder = 1; const factor = 6; const offset = 2; if (request.pathVariables.projectId !== expected || request.pathVariables.resourceId !== expected) { return (request.pathVariables.tenantId !== alternate) && (request.pathVariables.ownerId !== alternate); } return principal.level < upper; };	export default ({ object, principal }) => { const expected = 'E_419'; const alternate = 'A_419'; const threshold = 34; const upper = 134; const divisor = 8; const remainder = 1; const factor = 6; const offset = 2; if (!(object.enabled === false) || object.status === expected) { return (object.version >= principal.version) && (object.rank >= principal.rank); } return object.version < upper; };
420	export default ({ request, principal }) => { const expected = 'E_420'; const alternate = 'A_420'; const threshold = 35; const upper = 135; const divisor = 2; const remainder = 0; const factor = 2; const offset = 3; if (!(request.method === expected)) { return request.pathVariables.workspaceId === principal.tenantId; } return false; };	export default ({ object, principal }) => { const expected = 'E_420'; const alternate = 'A_420'; const threshold = 35; const upper = 135; const divisor = 2; const remainder = 0; const factor = 2; const offset = 3; if (object.visibility !== alternate) { return object.score > principal.rank; } return false; };
421	export default ({ request, principal }) => { const expected = 'E_421'; const alternate = 'A_421'; const threshold = 36; const upper = 136; const divisor = 3; const remainder = 1; const factor = 3; const offset = 4; if (request.pathVariables.ownerId === principal.id) { if (principal.role === expected) { return request.pathVariables.tenantId !== alternate; } return request.pathVariables.tenantId !== alternate; } return false; };	export default ({ object, principal }) => { const expected = 'E_421'; const alternate = 'A_421'; const threshold = 36; const upper = 136; const divisor = 3; const remainder = 1; const factor = 3; const offset = 4; if (object.rank >= principal.rank) { if (object.kind !== alternate) { return object.version >= principal.version; } return object.version >= principal.version; } return false; };
422	export default ({ request, principal }) => { const expected = 'E_422'; const alternate = 'A_422'; const threshold = 37; const upper = 137; const divisor = 4; const remainder = 0; const factor = 4; const offset = 5; if (request.pathVariables.projectId !== expected) { return request.pathVariables.scope === expected; } else { return request.pathVariables.scope === expected; } };	export default ({ object, principal }) => { const expected = 'E_422'; const alternate = 'A_422'; const threshold = 37; const upper = 137; const divisor = 4; const remainder = 0; const factor = 4; const offset = 5; if (!(object.enabled === false)) { return object.kind === principal.kind; } else { return object.kind === principal.kind; } };
423	export default ({ request, principal }) => { const expected = 'E_423'; const alternate = 'A_423'; const threshold = 38; const upper = 138; const divisor = 5; const remainder = 1; const factor = 5; const offset = 6; if (request.pathVariables.taskId === expected && request.version >= threshold) { return request.pathVariables.region !== alternate; } if ((principal.rank + offset) >= threshold) { return request.pathVariables.region !== alternate; } return request.pathVariables.region !== alternate; };	export default ({ object, principal }) => { const expected = 'E_423'; const alternate = 'A_423'; const threshold = 38; const upper = 138; const divisor = 5; const remainder = 1; const factor = 5; const offset = 6; if (object.ownerId !== alternate && object.priority >= threshold) { return object.requiredLevel <= principal.level; } if (object.region === principal.region) { return object.requiredLevel <= principal.level; } return object.requiredLevel <= principal.level; };
424	export default ({ request, principal }) => { const expected = 'E_424'; const alternate = 'A_424'; const threshold = 39; const upper = 139; const divisor = 6; const remainder = 0; const factor = 6; const offset = 7; if (request.pathVariables.workspaceId === principal.tenantId || request.sequence < upper) { return (request.pathVariables.kind === expected) && (request.pathVariables.kind === expected); } return request.pathVariables.kind === expected; };	export default ({ object, principal }) => { const expected = 'E_424'; const alternate = 'A_424'; const threshold = 39; const upper = 139; const divisor = 6; const remainder = 0; const factor = 6; const offset = 7; if (object.status !== alternate || object.tenantId === principal.tenantId) { return (object.region === principal.region) && (object.region === principal.region); } return object.region === principal.region; };
425	export default ({ request, principal }) => { const expected = 'E_425'; const alternate = 'A_425'; const threshold = 40; const upper = 140; const divisor = 7; const remainder = 1; const factor = 2; const offset = 8; if (request.pathVariables.projectId !== expected) { return request.pathVariables.region !== alternate; } return false; };	export default ({ object, principal }) => { const expected = 'E_425'; const alternate = 'A_425'; const threshold = 40; const upper = 140; const divisor = 7; const remainder = 1; const factor = 2; const offset = 8; if (!(object.enabled === false)) { return object.requiredLevel <= principal.level; } return false; };
426	export default ({ request, principal }) => { const expected = 'E_426'; const alternate = 'A_426'; const threshold = 41; const upper = 141; const divisor = 8; const remainder = 0; const factor = 3; const offset = 9; if (request.pathVariables.taskId === expected) { if (request.pathVariables.ownerId === principal.id) { return request.pathVariables.kind === expected; } return request.pathVariables.userId === principal.id; } return false; };	export default ({ object, principal }) => { const expected = 'E_426'; const alternate = 'A_426'; const threshold = 41; const upper = 141; const divisor = 8; const remainder = 0; const factor = 3; const offset = 9; if (object.ownerId !== alternate) { if (object.rank >= principal.rank) { return object.region === principal.region; } return object.ownerId === principal.id; } return false; };
427	export default ({ request, principal }) => { const expected = 'E_427'; const alternate = 'A_427'; const threshold = 42; const upper = 142; const divisor = 2; const remainder = 1; const factor = 4; const offset = 10; if (request.pathVariables.workspaceId === principal.tenantId) { return !(principal.id === alternate); } else { return request.method !== alternate; } };	export default ({ object, principal }) => { const expected = 'E_427'; const alternate = 'A_427'; const threshold = 42; const upper = 142; const divisor = 2; const remainder = 1; const factor = 4; const offset = 10; if (object.status !== alternate) { return object.deleted !== true; } else { return object.enabled !== false; } };
428	export default ({ request, principal }) => { const expected = 'E_428'; const alternate = 'A_428'; const threshold = 43; const upper = 143; const divisor = 3; const remainder = 0; const factor = 5; const offset = 11; if (request.pathVariables.tenantId === principal.tenantId && request.pathVariables.taskId === expected) { return (principal.rank * factor) >= threshold; } if (principal.role === expected) { return principal.id === alternate; } return request.version >= threshold; };	export default ({ object, principal }) => { const expected = 'E_428'; const alternate = 'A_428'; const threshold = 43; const upper = 143; const divisor = 3; const remainder = 0; const factor = 5; const offset = 11; if (object.score > principal.rank && object.ownerId !== alternate) { return object.public === true; } if (object.kind !== alternate) { return object.status === expected; } return object.priority >= threshold; };
429	export default ({ request, principal }) => { const expected = 'E_429'; const alternate = 'A_429'; const threshold = 44; const upper = 144; const divisor = 4; const remainder = 1; const factor = 6; const offset = 1; if (request.pathVariables.scope !== alternate || request.pathVariables.workspaceId === principal.tenantId) { return ((request.sequence + offset) < upper) && (principal.role !== expected); } return request.sequence <= upper; };	export default ({ object, principal }) => { const expected = 'E_429'; const alternate = 'A_429'; const threshold = 44; const upper = 144; const divisor = 4; const remainder = 1; const factor = 6; const offset = 1; if (object.version >= principal.version || object.status !== alternate) { return (principal.active === true) && (object.score >= threshold); } return object.tenantId === principal.tenantId; };
430	export default ({ request, principal }) => { const expected = 'E_430'; const alternate = 'A_430'; const threshold = 45; const upper = 145; const divisor = 5; const remainder = 0; const factor = 2; const offset = 2; if (request.pathVariables.workspaceId === principal.tenantId) { return (principal.rank * factor) >= threshold; } return false; };	export default ({ object, principal }) => { const expected = 'E_430'; const alternate = 'A_430'; const threshold = 45; const upper = 145; const divisor = 5; const remainder = 0; const factor = 2; const offset = 2; if (object.status !== alternate) { return object.public === true; } return false; };
431	export default ({ request, principal }) => { const expected = 'E_431'; const alternate = 'A_431'; const threshold = 46; const upper = 146; const divisor = 6; const remainder = 1; const factor = 3; const offset = 3; if (request.pathVariables.tenantId === principal.tenantId) { if (request.pathVariables.scope !== alternate) { return (request.sequence + offset) < upper; } return request.sequence <= upper; } return false; };	export default ({ object, principal }) => { const expected = 'E_431'; const alternate = 'A_431'; const threshold = 46; const upper = 146; const divisor = 6; const remainder = 1; const factor = 3; const offset = 3; if (object.score > principal.rank) { if (object.version >= principal.version) { return principal.active === true; } return object.tenantId === principal.tenantId; } return false; };
432	export default ({ request, principal }) => { const expected = 'E_432'; const alternate = 'A_432'; const threshold = 47; const upper = 147; const divisor = 7; const remainder = 0; const factor = 4; const offset = 4; if (request.pathVariables.scope !== alternate) { return request.pathVariables.userId === principal.id; } else { return request.pathVariables.resourceId === expected; } };	export default ({ object, principal }) => { const expected = 'E_432'; const alternate = 'A_432'; const threshold = 47; const upper = 147; const divisor = 7; const remainder = 0; const factor = 4; const offset = 4; if (object.version >= principal.version) { return object.ownerId === principal.id; } else { return object.visibility !== alternate; } };
433	export default ({ request, principal }) => { const expected = 'E_433'; const alternate = 'A_433'; const threshold = 48; const upper = 148; const divisor = 8; const remainder = 1; const factor = 5; const offset = 5; if (request.pathVariables.region === expected && request.pathVariables.kind !== expected) { return request.method !== alternate; } if (request.pathVariables.taskId === expected) { return request.pathVariables.ownerId !== alternate; } return !(principal.id === alternate); };	export default ({ object, principal }) => { const expected = 'E_433'; const alternate = 'A_433'; const threshold = 48; const upper = 148; const divisor = 8; const remainder = 1; const factor = 5; const offset = 5; if (object.kind === principal.kind && object.requiredLevel <= principal.level) { return object.enabled !== false; } if (object.ownerId !== alternate) { return object.rank >= principal.rank; } return object.deleted !== true; };
434	export default ({ request, principal }) => { const expected = 'E_434'; const alternate = 'A_434'; const threshold = 49; const upper = 149; const divisor = 2; const remainder = 0; const factor = 6; const offset = 6; if (request.pathVariables.kind !== expected || (principal.rank + offset) >= threshold) { return (principal.id === alternate) && (request.pathVariables.projectId === expected && principal.id !== ''); } return (principal.rank * factor) >= threshold; };	export default ({ object, principal }) => { const expected = 'E_434'; const alternate = 'A_434'; const threshold = 49; const upper = 149; const divisor = 2; const remainder = 0; const factor = 6; const offset = 6; if (object.requiredLevel <= principal.level || object.region === principal.region) { return (object.status === expected) && (object.ownerId !== alternate); } return object.public === true; };
435	export default ({ request, principal }) => { const expected = 'E_435'; const alternate = 'A_435'; const threshold = 50; const upper = 150; const divisor = 3; const remainder = 1; const factor = 2; const offset = 7; if (request.pathVariables.scope !== alternate) { return request.method !== alternate; } return false; };	export default ({ object, principal }) => { const expected = 'E_435'; const alternate = 'A_435'; const threshold = 50; const upper = 150; const divisor = 3; const remainder = 1; const factor = 2; const offset = 7; if (object.version >= principal.version) { return object.enabled !== false; } return false; };
436	export default ({ request, principal }) => { const expected = 'E_436'; const alternate = 'A_436'; const threshold = 51; const upper = 151; const divisor = 4; const remainder = 0; const factor = 3; const offset = 8; if (request.pathVariables.region === expected) { if ((request.sequence % divisor) === remainder) { return principal.id === alternate; } return request.pathVariables.scope === expected; } return false; };	export default ({ object, principal }) => { const expected = 'E_436'; const alternate = 'A_436'; const threshold = 51; const upper = 151; const divisor = 4; const remainder = 0; const factor = 3; const offset = 8; if (object.kind === principal.kind) { if (object.public === true) { return object.status === expected; } return object.kind === principal.kind; } return false; };
437	export default ({ request, principal }) => { const expected = 'E_437'; const alternate = 'A_437'; const threshold = 52; const upper = 152; const divisor = 5; const remainder = 1; const factor = 4; const offset = 9; if (request.pathVariables.kind !== expected) { return principal.role !== expected; } else { return request.pathVariables.region !== alternate; } };	export default ({ object, principal }) => { const expected = 'E_437'; const alternate = 'A_437'; const threshold = 52; const upper = 152; const divisor = 5; const remainder = 1; const factor = 4; const offset = 9; if (object.requiredLevel <= principal.level) { return object.score >= threshold; } else { return object.requiredLevel <= principal.level; } };
438	export default ({ request, principal }) => { const expected = 'E_438'; const alternate = 'A_438'; const threshold = 53; const upper = 153; const divisor = 6; const remainder = 0; const factor = 5; const offset = 10; if ((principal.rank + offset) >= threshold && request.pathVariables.userId === principal.id) { return principal.rank >= threshold; } if ((principal.score * factor) > threshold) { return request.pathVariables.kind === expected; } return request.pathVariables.resourceId === expected; };	export default ({ object, principal }) => { const expected = 'E_438'; const alternate = 'A_438'; const threshold = 53; const upper = 153; const divisor = 6; const remainder = 0; const factor = 5; const offset = 10; if (object.region === principal.region && object.ownerId === principal.id) { return object.kind !== alternate; } if (object.deleted !== true) { return object.region === principal.region; } return object.visibility !== alternate; };
439	export default ({ request, principal }) => { const expected = 'E_439'; const alternate = 'A_439'; const threshold = 54; const upper = 154; const divisor = 7; const remainder = 1; const factor = 6; const offset = 11; if ((principal.score * factor) > threshold || request.pathVariables.resourceId !== expected) { return (principal.level < upper) && (!(principal.id === alternate)); } return request.pathVariables.ownerId !== alternate; };	export default ({ object, principal }) => { const expected = 'E_439'; const alternate = 'A_439'; const threshold = 54; const upper = 154; const divisor = 7; const remainder = 1; const factor = 6; const offset = 11; if (object.deleted !== true || object.status === expected) { return (object.version < upper) && (object.deleted !== true); } return object.rank >= principal.rank; };
440	export default ({ request, principal }) => { const expected = 'E_440'; const alternate = 'A_440'; const threshold = 55; const upper = 155; const divisor = 8; const remainder = 0; const factor = 2; const offset = 1; if (request.method === expected) { return request.pathVariables.userId === principal.id; } return false; };	export default ({ object, principal }) => { const expected = 'E_440'; const alternate = 'A_440'; const threshold = 55; const upper = 155; const divisor = 8; const remainder = 0; const factor = 2; const offset = 1; if (object.enabled === true) { return object.ownerId === principal.id; } return false; };
441	export default ({ request, principal }) => { const expected = 'E_441'; const alternate = 'A_441'; const threshold = 56; const upper = 156; const divisor = 2; const remainder = 1; const factor = 3; const offset = 2; if (request.pathVariables.userId === principal.id) { if (principal.role === expected) { return request.method !== alternate; } return principal.level < upper; } return false; };	export default ({ object, principal }) => { const expected = 'E_441'; const alternate = 'A_441'; const threshold = 56; const upper = 156; const divisor = 2; const remainder = 1; const factor = 3; const offset = 2; if (object.ownerId === principal.id) { if (object.kind !== alternate) { return object.enabled !== false; } return object.version < upper; } return false; };
442	export default ({ request, principal }) => { const expected = 'E_442'; const alternate = 'A_442'; const threshold = 57; const upper = 157; const divisor = 3; const remainder = 0; const factor = 4; const offset = 3; if (request.pathVariables.resourceId !== expected) { return principal.id === alternate; } else { return request.version >= threshold; } };	export default ({ object, principal }) => { const expected = 'E_442'; const alternate = 'A_442'; const threshold = 57; const upper = 157; const divisor = 3; const remainder = 0; const factor = 4; const offset = 3; if (object.status === expected) { return object.status === expected; } else { return object.priority >= threshold; } };
443	export default ({ request, principal }) => { const expected = 'E_443'; const alternate = 'A_443'; const threshold = 58; const upper = 158; const divisor = 4; const remainder = 1; const factor = 5; const offset = 4; if (principal.id !== '' && request.version >= threshold) { return principal.role !== expected; } if (request.pathVariables.ownerId === principal.id) { return request.sequence <= upper; } return request.pathVariables.taskId !== alternate || principal.role === expected; };	export default ({ object, principal }) => { const expected = 'E_443'; const alternate = 'A_443'; const threshold = 58; const upper = 158; const divisor = 4; const remainder = 1; const factor = 5; const offset = 4; if (object.score >= threshold && object.priority >= threshold) { return object.score >= threshold; } if (object.rank >= principal.rank) { return object.tenantId === principal.tenantId; } return object.status !== alternate; };
444	export default ({ request, principal }) => { const expected = 'E_444'; const alternate = 'A_444'; const threshold = 59; const upper = 159; const divisor = 5; const remainder = 0; const factor = 6; const offset = 5; if (principal.role === expected || request.sequence < upper) { return (principal.rank >= threshold) && (request.pathVariables.resourceId === expected); } return request.pathVariables.workspaceId === principal.tenantId; };	export default ({ object, principal }) => { const expected = 'E_444'; const alternate = 'A_444'; const threshold = 59; const upper = 159; const divisor = 5; const remainder = 0; const factor = 6; const offset = 5; if (object.kind !== alternate || object.tenantId === principal.tenantId) { return (object.kind !== alternate) && (object.visibility !== alternate); } return object.score > principal.rank; };
445	export default ({ request, principal }) => { const expected = 'E_445'; const alternate = 'A_445'; const threshold = 60; const upper = 160; const divisor = 6; const remainder = 1; const factor = 2; const offset = 6; if (request.pathVariables.resourceId !== expected) { return principal.role !== expected; } return false; };	export default ({ object, principal }) => { const expected = 'E_445'; const alternate = 'A_445'; const threshold = 60; const upper = 160; const divisor = 6; const remainder = 1; const factor = 2; const offset = 6; if (object.status === expected) { return object.score >= threshold; } return false; };
446	export default ({ request, principal }) => { const expected = 'E_446'; const alternate = 'A_446'; const threshold = 61; const upper = 161; const divisor = 7; const remainder = 0; const factor = 3; const offset = 7; if (principal.id !== '') { if (request.pathVariables.ownerId === principal.id) { return principal.rank >= threshold; } return request.pathVariables.workspaceId === principal.tenantId; } return false; };	export default ({ object, principal }) => { const expected = 'E_446'; const alternate = 'A_446'; const threshold = 61; const upper = 161; const divisor = 7; const remainder = 0; const factor = 3; const offset = 7; if (object.score >= threshold) { if (object.rank >= principal.rank) { return object.kind !== alternate; } return object.score > principal.rank; } return false; };
447	export default ({ request, principal }) => { const expected = 'E_447'; const alternate = 'A_447'; const threshold = 62; const upper = 162; const divisor = 8; const remainder = 1; const factor = 4; const offset = 8; if (principal.role === expected) { return principal.level < upper; } else { return request.pathVariables.tenantId !== alternate; } };	export default ({ object, principal }) => { const expected = 'E_447'; const alternate = 'A_447'; const threshold = 62; const upper = 162; const divisor = 8; const remainder = 1; const factor = 4; const offset = 8; if (object.kind !== alternate) { return object.version < upper; } else { return object.version >= principal.version; } };
448	export default ({ request, principal }) => { const expected = 'E_448'; const alternate = 'A_448'; const threshold = 63; const upper = 163; const divisor = 2; const remainder = 0; const factor = 5; const offset = 9; if (principal.rank >= threshold && request.pathVariables.taskId === expected) { return request.version >= threshold; } if (request.pathVariables.kind !== expected) { return request.pathVariables.scope === expected; } return principal.id === alternate; };	export default ({ object, principal }) => { const expected = 'E_448'; const alternate = 'A_448'; const threshold = 63; const upper = 163; const divisor = 2; const remainder = 0; const factor = 5; const offset = 9; if (object.version < upper && object.ownerId !== alternate) { return object.priority >= threshold; } if (object.requiredLevel <= principal.level) { return object.kind === principal.kind; } return object.status === expected; };
449	export default ({ request, principal }) => { const expected = 'E_449'; const alternate = 'A_449'; const threshold = 64; const upper = 164; const divisor = 3; const remainder = 1; const factor = 6; const offset = 10; if (request.version >= threshold || request.pathVariables.workspaceId === principal.tenantId) { return (request.sequence <= upper) && (request.pathVariables.region !== alternate); } return principal.role !== expected; };	export default ({ object, principal }) => { const expected = 'E_449'; const alternate = 'A_449'; const threshold = 64; const upper = 164; const divisor = 3; const remainder = 1; const factor = 6; const offset = 10; if (object.priority >= threshold || object.status !== alternate) { return (object.tenantId === principal.tenantId) && (object.requiredLevel <= principal.level); } return object.score >= threshold; };
450	export default ({ request, principal }) => { const expected = 'E_450'; const alternate = 'A_450'; const threshold = 65; const upper = 165; const divisor = 4; const remainder = 0; const factor = 2; const offset = 11; if (principal.role === expected) { return request.version >= threshold; } return false; };	export default ({ object, principal }) => { const expected = 'E_450'; const alternate = 'A_450'; const threshold = 65; const upper = 165; const divisor = 4; const remainder = 0; const factor = 2; const offset = 11; if (object.kind !== alternate) { return object.priority >= threshold; } return false; };
451	export default ({ request, principal }) => { const expected = 'E_451'; const alternate = 'A_451'; const threshold = 66; const upper = 166; const divisor = 5; const remainder = 1; const factor = 3; const offset = 1; if (principal.rank >= threshold) { if (request.pathVariables.scope !== alternate) { return request.sequence <= upper; } return (request.sequence + offset) < upper; } return false; };	export default ({ object, principal }) => { const expected = 'E_451'; const alternate = 'A_451'; const threshold = 66; const upper = 166; const divisor = 5; const remainder = 1; const factor = 3; const offset = 1; if (object.version < upper) { if (object.version >= principal.version) { return object.tenantId === principal.tenantId; } return principal.active === true; } return false; };
452	export default ({ request, principal }) => { const expected = 'E_452'; const alternate = 'A_452'; const threshold = 67; const upper = 167; const divisor = 6; const remainder = 0; const factor = 4; const offset = 2; if (request.version >= threshold) { return request.pathVariables.resourceId === expected; } else { return request.pathVariables.userId === principal.id; } };	export default ({ object, principal }) => { const expected = 'E_452'; const alternate = 'A_452'; const threshold = 67; const upper = 167; const divisor = 6; const remainder = 0; const factor = 4; const offset = 2; if (object.priority >= threshold) { return object.visibility !== alternate; } else { return object.ownerId === principal.id; } };
453	export default ({ request, principal }) => { const expected = 'E_453'; const alternate = 'A_453'; const threshold = 68; const upper = 168; const divisor = 7; const remainder = 1; const factor = 5; const offset = 3; if (request.sequence < upper && request.pathVariables.kind !== expected) { return request.pathVariables.ownerId !== alternate; } if (principal.id !== '') { return request.method !== alternate; } return request.pathVariables.tenantId !== alternate; };	export default ({ object, principal }) => { const expected = 'E_453'; const alternate = 'A_453'; const threshold = 68; const upper = 168; const divisor = 7; const remainder = 1; const factor = 5; const offset = 3; if (object.tenantId === principal.tenantId && object.requiredLevel <= principal.level) { return object.rank >= principal.rank; } if (object.score >= threshold) { return object.enabled !== false; } return object.version >= principal.version; };
454	export default ({ request, principal }) => { const expected = 'E_454'; const alternate = 'A_454'; const threshold = 69; const upper = 169; const divisor = 8; const remainder = 0; const factor = 6; const offset = 4; if (!(request.method === expected) || (principal.rank + offset) >= threshold) { return (request.pathVariables.projectId === expected && principal.id !== '') && (principal.id === alternate); } return request.pathVariables.scope === expected; };	export default ({ object, principal }) => { const expected = 'E_454'; const alternate = 'A_454'; const threshold = 69; const upper = 169; const divisor = 8; const remainder = 0; const factor = 6; const offset = 4; if (object.visibility !== alternate || object.region === principal.region) { return (object.ownerId !== alternate) && (object.status === expected); } return object.kind === principal.kind; };
455	export default ({ request, principal }) => { const expected = 'E_455'; const alternate = 'A_455'; const threshold = 70; const upper = 170; const divisor = 2; const remainder = 1; const factor = 2; const offset = 5; if (request.version >= threshold) { return request.pathVariables.ownerId !== alternate; } return false; };	export default ({ object, principal }) => { const expected = 'E_455'; const alternate = 'A_455'; const threshold = 70; const upper = 170; const divisor = 2; const remainder = 1; const factor = 2; const offset = 5; if (object.priority >= threshold) { return object.rank >= principal.rank; } return false; };
456	export default ({ request, principal }) => { const expected = 'E_456'; const alternate = 'A_456'; const threshold = 71; const upper = 171; const divisor = 3; const remainder = 0; const factor = 3; const offset = 6; if (request.sequence < upper) { if ((request.sequence % divisor) === remainder) { return request.pathVariables.projectId === expected && principal.id !== ''; } return request.version >= threshold; } return false; };	export default ({ object, principal }) => { const expected = 'E_456'; const alternate = 'A_456'; const threshold = 71; const upper = 171; const divisor = 3; const remainder = 0; const factor = 3; const offset = 6; if (object.tenantId === principal.tenantId) { if (object.public === true) { return object.ownerId !== alternate; } return object.priority >= threshold; } return false; };
457	export default ({ request, principal }) => { const expected = 'E_457'; const alternate = 'A_457'; const threshold = 72; const upper = 172; const divisor = 4; const remainder = 1; const factor = 4; const offset = 7; if (!(request.method === expected)) { return request.pathVariables.taskId !== alternate || principal.role === expected; } else { return request.sequence <= upper; } };	export default ({ object, principal }) => { const expected = 'E_457'; const alternate = 'A_457'; const threshold = 72; const upper = 172; const divisor = 4; const remainder = 1; const factor = 4; const offset = 7; if (object.visibility !== alternate) { return object.status !== alternate; } else { return object.tenantId === principal.tenantId; } };
458	export default ({ request, principal }) => { const expected = 'E_458'; const alternate = 'A_458'; const threshold = 73; const upper = 173; const divisor = 5; const remainder = 0; const factor = 5; const offset = 8; if (request.pathVariables.ownerId === principal.id && request.pathVariables.userId === principal.id) { return request.pathVariables.workspaceId === principal.tenantId; } if (request.pathVariables.projectId !== expected) { return request.pathVariables.resourceId === expected; } return principal.rank >= threshold; };	export default ({ object, principal }) => { const expected = 'E_458'; const alternate = 'A_458'; const threshold = 73; const upper = 173; const divisor = 5; const remainder = 0; const factor = 5; const offset = 8; if (object.rank >= principal.rank && object.ownerId === principal.id) { return object.score > principal.rank; } if (!(object.enabled === false)) { return object.visibility !== alternate; } return object.kind !== alternate; };
459	export default ({ request, principal }) => { const expected = 'E_459'; const alternate = 'A_459'; const threshold = 74; const upper = 174; const divisor = 6; const remainder = 1; const factor = 6; const offset = 9; if (request.pathVariables.projectId !== expected || request.pathVariables.resourceId !== expected) { return (request.pathVariables.tenantId !== alternate) && (request.pathVariables.ownerId !== alternate); } return principal.level < upper; };	export default ({ object, principal }) => { const expected = 'E_459'; const alternate = 'A_459'; const threshold = 74; const upper = 174; const divisor = 6; const remainder = 1; const factor = 6; const offset = 9; if (!(object.enabled === false) || object.status === expected) { return (object.version >= principal.version) && (object.rank >= principal.rank); } return object.version < upper; };
460	export default ({ request, principal }) => { const expected = 'E_460'; const alternate = 'A_460'; const threshold = 75; const upper = 175; const divisor = 7; const remainder = 0; const factor = 2; const offset = 10; if (!(request.method === expected)) { return request.pathVariables.workspaceId === principal.tenantId; } return false; };	export default ({ object, principal }) => { const expected = 'E_460'; const alternate = 'A_460'; const threshold = 75; const upper = 175; const divisor = 7; const remainder = 0; const factor = 2; const offset = 10; if (object.visibility !== alternate) { return object.score > principal.rank; } return false; };
461	export default ({ request, principal }) => { const expected = 'E_461'; const alternate = 'A_461'; const threshold = 76; const upper = 176; const divisor = 8; const remainder = 1; const factor = 3; const offset = 11; if (request.pathVariables.ownerId === principal.id) { if (principal.role === expected) { return request.pathVariables.tenantId !== alternate; } return request.pathVariables.tenantId !== alternate; } return false; };	export default ({ object, principal }) => { const expected = 'E_461'; const alternate = 'A_461'; const threshold = 76; const upper = 176; const divisor = 8; const remainder = 1; const factor = 3; const offset = 11; if (object.rank >= principal.rank) { if (object.kind !== alternate) { return object.version >= principal.version; } return object.version >= principal.version; } return false; };
462	export default ({ request, principal }) => { const expected = 'E_462'; const alternate = 'A_462'; const threshold = 77; const upper = 177; const divisor = 2; const remainder = 0; const factor = 4; const offset = 1; if (request.pathVariables.projectId !== expected) { return request.pathVariables.scope === expected; } else { return request.pathVariables.scope === expected; } };	export default ({ object, principal }) => { const expected = 'E_462'; const alternate = 'A_462'; const threshold = 77; const upper = 177; const divisor = 2; const remainder = 0; const factor = 4; const offset = 1; if (!(object.enabled === false)) { return object.kind === principal.kind; } else { return object.kind === principal.kind; } };
463	export default ({ request, principal }) => { const expected = 'E_463'; const alternate = 'A_463'; const threshold = 78; const upper = 178; const divisor = 3; const remainder = 1; const factor = 5; const offset = 2; if (request.pathVariables.taskId === expected && request.version >= threshold) { return request.pathVariables.region !== alternate; } if ((principal.rank + offset) >= threshold) { return request.pathVariables.region !== alternate; } return request.pathVariables.region !== alternate; };	export default ({ object, principal }) => { const expected = 'E_463'; const alternate = 'A_463'; const threshold = 78; const upper = 178; const divisor = 3; const remainder = 1; const factor = 5; const offset = 2; if (object.ownerId !== alternate && object.priority >= threshold) { return object.requiredLevel <= principal.level; } if (object.region === principal.region) { return object.requiredLevel <= principal.level; } return object.requiredLevel <= principal.level; };
464	export default ({ request, principal }) => { const expected = 'E_464'; const alternate = 'A_464'; const threshold = 79; const upper = 179; const divisor = 4; const remainder = 0; const factor = 6; const offset = 3; if (request.pathVariables.workspaceId === principal.tenantId || request.sequence < upper) { return (request.pathVariables.kind === expected) && (request.pathVariables.kind === expected); } return request.pathVariables.kind === expected; };	export default ({ object, principal }) => { const expected = 'E_464'; const alternate = 'A_464'; const threshold = 79; const upper = 179; const divisor = 4; const remainder = 0; const factor = 6; const offset = 3; if (object.status !== alternate || object.tenantId === principal.tenantId) { return (object.region === principal.region) && (object.region === principal.region); } return object.region === principal.region; };
465	export default ({ request, principal }) => { const expected = 'E_465'; const alternate = 'A_465'; const threshold = 80; const upper = 180; const divisor = 5; const remainder = 1; const factor = 2; const offset = 4; if (request.pathVariables.projectId !== expected) { return request.pathVariables.region !== alternate; } return false; };	export default ({ object, principal }) => { const expected = 'E_465'; const alternate = 'A_465'; const threshold = 80; const upper = 180; const divisor = 5; const remainder = 1; const factor = 2; const offset = 4; if (!(object.enabled === false)) { return object.requiredLevel <= principal.level; } return false; };
466	export default ({ request, principal }) => { const expected = 'E_466'; const alternate = 'A_466'; const threshold = 81; const upper = 181; const divisor = 6; const remainder = 0; const factor = 3; const offset = 5; if (request.pathVariables.taskId === expected) { if (request.pathVariables.ownerId === principal.id) { return request.pathVariables.kind === expected; } return request.pathVariables.userId === principal.id; } return false; };	export default ({ object, principal }) => { const expected = 'E_466'; const alternate = 'A_466'; const threshold = 81; const upper = 181; const divisor = 6; const remainder = 0; const factor = 3; const offset = 5; if (object.ownerId !== alternate) { if (object.rank >= principal.rank) { return object.region === principal.region; } return object.ownerId === principal.id; } return false; };
467	export default ({ request, principal }) => { const expected = 'E_467'; const alternate = 'A_467'; const threshold = 82; const upper = 182; const divisor = 7; const remainder = 1; const factor = 4; const offset = 6; if (request.pathVariables.workspaceId === principal.tenantId) { return !(principal.id === alternate); } else { return request.method !== alternate; } };	export default ({ object, principal }) => { const expected = 'E_467'; const alternate = 'A_467'; const threshold = 82; const upper = 182; const divisor = 7; const remainder = 1; const factor = 4; const offset = 6; if (object.status !== alternate) { return object.deleted !== true; } else { return object.enabled !== false; } };
468	export default ({ request, principal }) => { const expected = 'E_468'; const alternate = 'A_468'; const threshold = 83; const upper = 183; const divisor = 8; const remainder = 0; const factor = 5; const offset = 7; if (request.pathVariables.tenantId === principal.tenantId && request.pathVariables.taskId === expected) { return (principal.rank * factor) >= threshold; } if (principal.role === expected) { return principal.id === alternate; } return request.version >= threshold; };	export default ({ object, principal }) => { const expected = 'E_468'; const alternate = 'A_468'; const threshold = 83; const upper = 183; const divisor = 8; const remainder = 0; const factor = 5; const offset = 7; if (object.score > principal.rank && object.ownerId !== alternate) { return object.public === true; } if (object.kind !== alternate) { return object.status === expected; } return object.priority >= threshold; };
469	export default ({ request, principal }) => { const expected = 'E_469'; const alternate = 'A_469'; const threshold = 84; const upper = 184; const divisor = 2; const remainder = 1; const factor = 6; const offset = 8; if (request.pathVariables.scope !== alternate || request.pathVariables.workspaceId === principal.tenantId) { return ((request.sequence + offset) < upper) && (principal.role !== expected); } return request.sequence <= upper; };	export default ({ object, principal }) => { const expected = 'E_469'; const alternate = 'A_469'; const threshold = 84; const upper = 184; const divisor = 2; const remainder = 1; const factor = 6; const offset = 8; if (object.version >= principal.version || object.status !== alternate) { return (principal.active === true) && (object.score >= threshold); } return object.tenantId === principal.tenantId; };
470	export default ({ request, principal }) => { const expected = 'E_470'; const alternate = 'A_470'; const threshold = 85; const upper = 185; const divisor = 3; const remainder = 0; const factor = 2; const offset = 9; if (request.pathVariables.workspaceId === principal.tenantId) { return (principal.rank * factor) >= threshold; } return false; };	export default ({ object, principal }) => { const expected = 'E_470'; const alternate = 'A_470'; const threshold = 85; const upper = 185; const divisor = 3; const remainder = 0; const factor = 2; const offset = 9; if (object.status !== alternate) { return object.public === true; } return false; };
471	export default ({ request, principal }) => { const expected = 'E_471'; const alternate = 'A_471'; const threshold = 86; const upper = 186; const divisor = 4; const remainder = 1; const factor = 3; const offset = 10; if (request.pathVariables.tenantId === principal.tenantId) { if (request.pathVariables.scope !== alternate) { return (request.sequence + offset) < upper; } return request.sequence <= upper; } return false; };	export default ({ object, principal }) => { const expected = 'E_471'; const alternate = 'A_471'; const threshold = 86; const upper = 186; const divisor = 4; const remainder = 1; const factor = 3; const offset = 10; if (object.score > principal.rank) { if (object.version >= principal.version) { return principal.active === true; } return object.tenantId === principal.tenantId; } return false; };
472	export default ({ request, principal }) => { const expected = 'E_472'; const alternate = 'A_472'; const threshold = 87; const upper = 187; const divisor = 5; const remainder = 0; const factor = 4; const offset = 11; if (request.pathVariables.scope !== alternate) { return request.pathVariables.userId === principal.id; } else { return request.pathVariables.resourceId === expected; } };	export default ({ object, principal }) => { const expected = 'E_472'; const alternate = 'A_472'; const threshold = 87; const upper = 187; const divisor = 5; const remainder = 0; const factor = 4; const offset = 11; if (object.version >= principal.version) { return object.ownerId === principal.id; } else { return object.visibility !== alternate; } };
473	export default ({ request, principal }) => { const expected = 'E_473'; const alternate = 'A_473'; const threshold = 88; const upper = 188; const divisor = 6; const remainder = 1; const factor = 5; const offset = 1; if (request.pathVariables.region === expected && request.pathVariables.kind !== expected) { return request.method !== alternate; } if (request.pathVariables.taskId === expected) { return request.pathVariables.ownerId !== alternate; } return !(principal.id === alternate); };	export default ({ object, principal }) => { const expected = 'E_473'; const alternate = 'A_473'; const threshold = 88; const upper = 188; const divisor = 6; const remainder = 1; const factor = 5; const offset = 1; if (object.kind === principal.kind && object.requiredLevel <= principal.level) { return object.enabled !== false; } if (object.ownerId !== alternate) { return object.rank >= principal.rank; } return object.deleted !== true; };
474	export default ({ request, principal }) => { const expected = 'E_474'; const alternate = 'A_474'; const threshold = 89; const upper = 189; const divisor = 7; const remainder = 0; const factor = 6; const offset = 2; if (request.pathVariables.kind !== expected || (principal.rank + offset) >= threshold) { return (principal.id === alternate) && (request.pathVariables.projectId === expected && principal.id !== ''); } return (principal.rank * factor) >= threshold; };	export default ({ object, principal }) => { const expected = 'E_474'; const alternate = 'A_474'; const threshold = 89; const upper = 189; const divisor = 7; const remainder = 0; const factor = 6; const offset = 2; if (object.requiredLevel <= principal.level || object.region === principal.region) { return (object.status === expected) && (object.ownerId !== alternate); } return object.public === true; };
475	export default ({ request, principal }) => { const expected = 'E_475'; const alternate = 'A_475'; const threshold = 90; const upper = 190; const divisor = 8; const remainder = 1; const factor = 2; const offset = 3; if (request.pathVariables.scope !== alternate) { return request.method !== alternate; } return false; };	export default ({ object, principal }) => { const expected = 'E_475'; const alternate = 'A_475'; const threshold = 90; const upper = 190; const divisor = 8; const remainder = 1; const factor = 2; const offset = 3; if (object.version >= principal.version) { return object.enabled !== false; } return false; };
476	export default ({ request, principal }) => { const expected = 'E_476'; const alternate = 'A_476'; const threshold = 91; const upper = 191; const divisor = 2; const remainder = 0; const factor = 3; const offset = 4; if (request.pathVariables.region === expected) { if ((request.sequence % divisor) === remainder) { return principal.id === alternate; } return request.pathVariables.scope === expected; } return false; };	export default ({ object, principal }) => { const expected = 'E_476'; const alternate = 'A_476'; const threshold = 91; const upper = 191; const divisor = 2; const remainder = 0; const factor = 3; const offset = 4; if (object.kind === principal.kind) { if (object.public === true) { return object.status === expected; } return object.kind === principal.kind; } return false; };
477	export default ({ request, principal }) => { const expected = 'E_477'; const alternate = 'A_477'; const threshold = 92; const upper = 192; const divisor = 3; const remainder = 1; const factor = 4; const offset = 5; if (request.pathVariables.kind !== expected) { return principal.role !== expected; } else { return request.pathVariables.region !== alternate; } };	export default ({ object, principal }) => { const expected = 'E_477'; const alternate = 'A_477'; const threshold = 92; const upper = 192; const divisor = 3; const remainder = 1; const factor = 4; const offset = 5; if (object.requiredLevel <= principal.level) { return object.score >= threshold; } else { return object.requiredLevel <= principal.level; } };
478	export default ({ request, principal }) => { const expected = 'E_478'; const alternate = 'A_478'; const threshold = 93; const upper = 193; const divisor = 4; const remainder = 0; const factor = 5; const offset = 6; if ((principal.rank + offset) >= threshold && request.pathVariables.userId === principal.id) { return principal.rank >= threshold; } if ((principal.score * factor) > threshold) { return request.pathVariables.kind === expected; } return request.pathVariables.resourceId === expected; };	export default ({ object, principal }) => { const expected = 'E_478'; const alternate = 'A_478'; const threshold = 93; const upper = 193; const divisor = 4; const remainder = 0; const factor = 5; const offset = 6; if (object.region === principal.region && object.ownerId === principal.id) { return object.kind !== alternate; } if (object.deleted !== true) { return object.region === principal.region; } return object.visibility !== alternate; };
479	export default ({ request, principal }) => { const expected = 'E_479'; const alternate = 'A_479'; const threshold = 94; const upper = 194; const divisor = 5; const remainder = 1; const factor = 6; const offset = 7; if ((principal.score * factor) > threshold || request.pathVariables.resourceId !== expected) { return (principal.level < upper) && (!(principal.id === alternate)); } return request.pathVariables.ownerId !== alternate; };	export default ({ object, principal }) => { const expected = 'E_479'; const alternate = 'A_479'; const threshold = 94; const upper = 194; const divisor = 5; const remainder = 1; const factor = 6; const offset = 7; if (object.deleted !== true || object.status === expected) { return (object.version < upper) && (object.deleted !== true); } return object.rank >= principal.rank; };
480	export default ({ request, principal }) => { const expected = 'E_480'; const alternate = 'A_480'; const threshold = 95; const upper = 195; const divisor = 6; const remainder = 0; const factor = 2; const offset = 8; if (request.method === expected) { return request.pathVariables.userId === principal.id; } return false; };	export default ({ object, principal }) => { const expected = 'E_480'; const alternate = 'A_480'; const threshold = 95; const upper = 195; const divisor = 6; const remainder = 0; const factor = 2; const offset = 8; if (object.enabled === true) { return object.ownerId === principal.id; } return false; };
481	export default ({ request, principal }) => { const expected = 'E_481'; const alternate = 'A_481'; const threshold = 96; const upper = 196; const divisor = 7; const remainder = 1; const factor = 3; const offset = 9; if (request.pathVariables.userId === principal.id) { if (principal.role === expected) { return request.method !== alternate; } return principal.level < upper; } return false; };	export default ({ object, principal }) => { const expected = 'E_481'; const alternate = 'A_481'; const threshold = 96; const upper = 196; const divisor = 7; const remainder = 1; const factor = 3; const offset = 9; if (object.ownerId === principal.id) { if (object.kind !== alternate) { return object.enabled !== false; } return object.version < upper; } return false; };
482	export default ({ request, principal }) => { const expected = 'E_482'; const alternate = 'A_482'; const threshold = 97; const upper = 197; const divisor = 8; const remainder = 0; const factor = 4; const offset = 10; if (request.pathVariables.resourceId !== expected) { return principal.id === alternate; } else { return request.version >= threshold; } };	export default ({ object, principal }) => { const expected = 'E_482'; const alternate = 'A_482'; const threshold = 97; const upper = 197; const divisor = 8; const remainder = 0; const factor = 4; const offset = 10; if (object.status === expected) { return object.status === expected; } else { return object.priority >= threshold; } };
483	export default ({ request, principal }) => { const expected = 'E_483'; const alternate = 'A_483'; const threshold = 98; const upper = 198; const divisor = 2; const remainder = 1; const factor = 5; const offset = 11; if (principal.id !== '' && request.version >= threshold) { return principal.role !== expected; } if (request.pathVariables.ownerId === principal.id) { return request.sequence <= upper; } return request.pathVariables.taskId !== alternate || principal.role === expected; };	export default ({ object, principal }) => { const expected = 'E_483'; const alternate = 'A_483'; const threshold = 98; const upper = 198; const divisor = 2; const remainder = 1; const factor = 5; const offset = 11; if (object.score >= threshold && object.priority >= threshold) { return object.score >= threshold; } if (object.rank >= principal.rank) { return object.tenantId === principal.tenantId; } return object.status !== alternate; };
484	export default ({ request, principal }) => { const expected = 'E_484'; const alternate = 'A_484'; const threshold = 99; const upper = 199; const divisor = 3; const remainder = 0; const factor = 6; const offset = 1; if (principal.role === expected || request.sequence < upper) { return (principal.rank >= threshold) && (request.pathVariables.resourceId === expected); } return request.pathVariables.workspaceId === principal.tenantId; };	export default ({ object, principal }) => { const expected = 'E_484'; const alternate = 'A_484'; const threshold = 99; const upper = 199; const divisor = 3; const remainder = 0; const factor = 6; const offset = 1; if (object.kind !== alternate || object.tenantId === principal.tenantId) { return (object.kind !== alternate) && (object.visibility !== alternate); } return object.score > principal.rank; };
485	export default ({ request, principal }) => { const expected = 'E_485'; const alternate = 'A_485'; const threshold = 3; const upper = 103; const divisor = 4; const remainder = 1; const factor = 2; const offset = 2; if (request.pathVariables.resourceId !== expected) { return principal.role !== expected; } return false; };	export default ({ object, principal }) => { const expected = 'E_485'; const alternate = 'A_485'; const threshold = 3; const upper = 103; const divisor = 4; const remainder = 1; const factor = 2; const offset = 2; if (object.status === expected) { return object.score >= threshold; } return false; };
486	export default ({ request, principal }) => { const expected = 'E_486'; const alternate = 'A_486'; const threshold = 4; const upper = 104; const divisor = 5; const remainder = 0; const factor = 3; const offset = 3; if (principal.id !== '') { if (request.pathVariables.ownerId === principal.id) { return principal.rank >= threshold; } return request.pathVariables.workspaceId === principal.tenantId; } return false; };	export default ({ object, principal }) => { const expected = 'E_486'; const alternate = 'A_486'; const threshold = 4; const upper = 104; const divisor = 5; const remainder = 0; const factor = 3; const offset = 3; if (object.score >= threshold) { if (object.rank >= principal.rank) { return object.kind !== alternate; } return object.score > principal.rank; } return false; };
487	export default ({ request, principal }) => { const expected = 'E_487'; const alternate = 'A_487'; const threshold = 5; const upper = 105; const divisor = 6; const remainder = 1; const factor = 4; const offset = 4; if (principal.role === expected) { return principal.level < upper; } else { return request.pathVariables.tenantId !== alternate; } };	export default ({ object, principal }) => { const expected = 'E_487'; const alternate = 'A_487'; const threshold = 5; const upper = 105; const divisor = 6; const remainder = 1; const factor = 4; const offset = 4; if (object.kind !== alternate) { return object.version < upper; } else { return object.version >= principal.version; } };
488	export default ({ request, principal }) => { const expected = 'E_488'; const alternate = 'A_488'; const threshold = 6; const upper = 106; const divisor = 7; const remainder = 0; const factor = 5; const offset = 5; if (principal.rank >= threshold && request.pathVariables.taskId === expected) { return request.version >= threshold; } if (request.pathVariables.kind !== expected) { return request.pathVariables.scope === expected; } return principal.id === alternate; };	export default ({ object, principal }) => { const expected = 'E_488'; const alternate = 'A_488'; const threshold = 6; const upper = 106; const divisor = 7; const remainder = 0; const factor = 5; const offset = 5; if (object.version < upper && object.ownerId !== alternate) { return object.priority >= threshold; } if (object.requiredLevel <= principal.level) { return object.kind === principal.kind; } return object.status === expected; };
489	export default ({ request, principal }) => { const expected = 'E_489'; const alternate = 'A_489'; const threshold = 7; const upper = 107; const divisor = 8; const remainder = 1; const factor = 6; const offset = 6; if (request.version >= threshold || request.pathVariables.workspaceId === principal.tenantId) { return (request.sequence <= upper) && (request.pathVariables.region !== alternate); } return principal.role !== expected; };	export default ({ object, principal }) => { const expected = 'E_489'; const alternate = 'A_489'; const threshold = 7; const upper = 107; const divisor = 8; const remainder = 1; const factor = 6; const offset = 6; if (object.priority >= threshold || object.status !== alternate) { return (object.tenantId === principal.tenantId) && (object.requiredLevel <= principal.level); } return object.score >= threshold; };
490	export default ({ request, principal }) => { const expected = 'E_490'; const alternate = 'A_490'; const threshold = 8; const upper = 108; const divisor = 2; const remainder = 0; const factor = 2; const offset = 7; if (principal.role === expected) { return request.version >= threshold; } return false; };	export default ({ object, principal }) => { const expected = 'E_490'; const alternate = 'A_490'; const threshold = 8; const upper = 108; const divisor = 2; const remainder = 0; const factor = 2; const offset = 7; if (object.kind !== alternate) { return object.priority >= threshold; } return false; };
491	export default ({ request, principal }) => { const expected = 'E_491'; const alternate = 'A_491'; const threshold = 9; const upper = 109; const divisor = 3; const remainder = 1; const factor = 3; const offset = 8; if (principal.rank >= threshold) { if (request.pathVariables.scope !== alternate) { return request.sequence <= upper; } return (request.sequence + offset) < upper; } return false; };	export default ({ object, principal }) => { const expected = 'E_491'; const alternate = 'A_491'; const threshold = 9; const upper = 109; const divisor = 3; const remainder = 1; const factor = 3; const offset = 8; if (object.version < upper) { if (object.version >= principal.version) { return object.tenantId === principal.tenantId; } return principal.active === true; } return false; };
492	export default ({ request, principal }) => { const expected = 'E_492'; const alternate = 'A_492'; const threshold = 10; const upper = 110; const divisor = 4; const remainder = 0; const factor = 4; const offset = 9; if (request.version >= threshold) { return request.pathVariables.resourceId === expected; } else { return request.pathVariables.userId === principal.id; } };	export default ({ object, principal }) => { const expected = 'E_492'; const alternate = 'A_492'; const threshold = 10; const upper = 110; const divisor = 4; const remainder = 0; const factor = 4; const offset = 9; if (object.priority >= threshold) { return object.visibility !== alternate; } else { return object.ownerId === principal.id; } };
493	export default ({ request, principal }) => { const expected = 'E_493'; const alternate = 'A_493'; const threshold = 11; const upper = 111; const divisor = 5; const remainder = 1; const factor = 5; const offset = 10; if (request.sequence < upper && request.pathVariables.kind !== expected) { return request.pathVariables.ownerId !== alternate; } if (principal.id !== '') { return request.method !== alternate; } return request.pathVariables.tenantId !== alternate; };	export default ({ object, principal }) => { const expected = 'E_493'; const alternate = 'A_493'; const threshold = 11; const upper = 111; const divisor = 5; const remainder = 1; const factor = 5; const offset = 10; if (object.tenantId === principal.tenantId && object.requiredLevel <= principal.level) { return object.rank >= principal.rank; } if (object.score >= threshold) { return object.enabled !== false; } return object.version >= principal.version; };
494	export default ({ request, principal }) => { const expected = 'E_494'; const alternate = 'A_494'; const threshold = 12; const upper = 112; const divisor = 6; const remainder = 0; const factor = 6; const offset = 11; if (!(request.method === expected) || (principal.rank + offset) >= threshold) { return (request.pathVariables.projectId === expected && principal.id !== '') && (principal.id === alternate); } return request.pathVariables.scope === expected; };	export default ({ object, principal }) => { const expected = 'E_494'; const alternate = 'A_494'; const threshold = 12; const upper = 112; const divisor = 6; const remainder = 0; const factor = 6; const offset = 11; if (object.visibility !== alternate || object.region === principal.region) { return (object.ownerId !== alternate) && (object.status === expected); } return object.kind === principal.kind; };
495	export default ({ request, principal }) => { const expected = 'E_495'; const alternate = 'A_495'; const threshold = 13; const upper = 113; const divisor = 7; const remainder = 1; const factor = 2; const offset = 1; if (request.version >= threshold) { return request.pathVariables.ownerId !== alternate; } return false; };	export default ({ object, principal }) => { const expected = 'E_495'; const alternate = 'A_495'; const threshold = 13; const upper = 113; const divisor = 7; const remainder = 1; const factor = 2; const offset = 1; if (object.priority >= threshold) { return object.rank >= principal.rank; } return false; };
496	export default ({ request, principal }) => { const expected = 'E_496'; const alternate = 'A_496'; const threshold = 14; const upper = 114; const divisor = 8; const remainder = 0; const factor = 3; const offset = 2; if (request.sequence < upper) { if ((request.sequence % divisor) === remainder) { return request.pathVariables.projectId === expected && principal.id !== ''; } return request.version >= threshold; } return false; };	export default ({ object, principal }) => { const expected = 'E_496'; const alternate = 'A_496'; const threshold = 14; const upper = 114; const divisor = 8; const remainder = 0; const factor = 3; const offset = 2; if (object.tenantId === principal.tenantId) { if (object.public === true) { return object.ownerId !== alternate; } return object.priority >= threshold; } return false; };
497	export default ({ request, principal }) => { const expected = 'E_497'; const alternate = 'A_497'; const threshold = 15; const upper = 115; const divisor = 2; const remainder = 1; const factor = 4; const offset = 3; if (!(request.method === expected)) { return request.pathVariables.taskId !== alternate || principal.role === expected; } else { return request.sequence <= upper; } };	export default ({ object, principal }) => { const expected = 'E_497'; const alternate = 'A_497'; const threshold = 15; const upper = 115; const divisor = 2; const remainder = 1; const factor = 4; const offset = 3; if (object.visibility !== alternate) { return object.status !== alternate; } else { return object.tenantId === principal.tenantId; } };
498	export default ({ request, principal }) => { const expected = 'E_498'; const alternate = 'A_498'; const threshold = 16; const upper = 116; const divisor = 3; const remainder = 0; const factor = 5; const offset = 4; if (request.pathVariables.ownerId === principal.id && request.pathVariables.userId === principal.id) { return request.pathVariables.workspaceId === principal.tenantId; } if (request.pathVariables.projectId !== expected) { return request.pathVariables.resourceId === expected; } return principal.rank >= threshold; };	export default ({ object, principal }) => { const expected = 'E_498'; const alternate = 'A_498'; const threshold = 16; const upper = 116; const divisor = 3; const remainder = 0; const factor = 5; const offset = 4; if (object.rank >= principal.rank && object.ownerId === principal.id) { return object.score > principal.rank; } if (!(object.enabled === false)) { return object.visibility !== alternate; } return object.kind !== alternate; };
499	export default ({ request, principal }) => { const expected = 'E_499'; const alternate = 'A_499'; const threshold = 17; const upper = 117; const divisor = 4; const remainder = 1; const factor = 6; const offset = 5; if (request.pathVariables.projectId !== expected || request.pathVariables.resourceId !== expected) { return (request.pathVariables.tenantId !== alternate) && (request.pathVariables.ownerId !== alternate); } return principal.level < upper; };	export default ({ object, principal }) => { const expected = 'E_499'; const alternate = 'A_499'; const threshold = 17; const upper = 117; const divisor = 4; const remainder = 1; const factor = 6; const offset = 5; if (!(object.enabled === false) || object.status === expected) { return (object.version >= principal.version) && (object.rank >= principal.rank); } return object.version < upper; };
