id	request	object
000	export default ({ request, principal }) => (request.method === 'VALUE_1') && principal.id !== 'UNIQUE_1';	export default ({ object, principal }) => (object.ownerId === 'VALUE_1') && principal.id !== 'UNIQUE_1';
001	export default ({ request, principal }) => (request.pathVariables.userId === 'VALUE_2') && principal.id !== 'UNIQUE_2';	export default ({ object, principal }) => (object.status === 'VALUE_2') && principal.id !== 'UNIQUE_2';
002	export default ({ request, principal }) => (request.pathVariables.resourceId === 'VALUE_3') && principal.id !== 'UNIQUE_3';	export default ({ object, principal }) => (object.kind === 'VALUE_3') && principal.id !== 'UNIQUE_3';
003	export default ({ request, principal }) => (request.pathVariables.ownerId === 'VALUE_4') && principal.id !== 'UNIQUE_4';	export default ({ object, principal }) => (object.tenantId === 'VALUE_4') && principal.id !== 'UNIQUE_4';
004	export default ({ request, principal }) => (request.pathVariables.projectId === 'VALUE_5') && principal.id !== 'UNIQUE_5';	export default ({ object, principal }) => (object.visibility === 'VALUE_5') && principal.id !== 'UNIQUE_5';
005	export default ({ request, principal }) => (request.pathVariables.scope === 'VALUE_6') && principal.id !== 'UNIQUE_6';	export default ({ object, principal }) => (object.score >= 6) && principal.id !== 'UNIQUE_6';
006	export default ({ request, principal }) => (request.version >= 7) && principal.id !== 'UNIQUE_7';	export default ({ object, principal }) => (object.version >= 7) && principal.id !== 'UNIQUE_7';
007	export default ({ request, principal }) => (request.sequence >= 8) && principal.id !== 'UNIQUE_8';	export default ({ object, principal }) => (object.priority >= 8) && principal.id !== 'UNIQUE_8';
008	export default ({ request, principal }) => (principal.rank >= 9) && principal.id !== 'UNIQUE_9';	export default ({ object, principal }) => (object.rank >= 9) && principal.id !== 'UNIQUE_9';
009	export default ({ request, principal }) => (principal.active === true) && principal.id !== 'UNIQUE_10';	export default ({ object, principal }) => (object.enabled === true) && principal.id !== 'UNIQUE_10';
010	export default ({ request, principal }) => (request.method !== 'VALUE_11') && principal.id !== 'UNIQUE_11';	export default ({ object, principal }) => (object.ownerId !== 'VALUE_11') && principal.id !== 'UNIQUE_11';
011	export default ({ request, principal }) => (request.pathVariables.userId !== 'VALUE_12') && principal.id !== 'UNIQUE_12';	export default ({ object, principal }) => (object.status !== 'VALUE_12') && principal.id !== 'UNIQUE_12';
012	export default ({ request, principal }) => (request.pathVariables.resourceId !== 'VALUE_13') && principal.id !== 'UNIQUE_13';	export default ({ object, principal }) => (object.kind !== 'VALUE_13') && principal.id !== 'UNIQUE_13';
013	export default ({ request, principal }) => (request.pathVariables.ownerId !== 'VALUE_14') && principal.id !== 'UNIQUE_14';	export default ({ object, principal }) => (object.tenantId !== 'VALUE_14') && principal.id !== 'UNIQUE_14';
014	export default ({ request, principal }) => (request.pathVariables.projectId !== 'VALUE_15') && principal.id !== 'UNIQUE_15';	export default ({ object, principal }) => (object.visibility !== 'VALUE_15') && principal.id !== 'UNIQUE_15';
015	export default ({ request, principal }) => (request.pathVariables.scope !== 'VALUE_16') && principal.id !== 'UNIQUE_16';	export default ({ object, principal }) => (object.score < 116) && principal.id !== 'UNIQUE_16';
016	export default ({ request, principal }) => (request.version < 117) && principal.id !== 'UNIQUE_17';	export default ({ object, principal }) => (object.version < 117) && principal.id !== 'UNIQUE_17';
017	export default ({ request, principal }) => (request.sequence < 118) && principal.id !== 'UNIQUE_18';	export default ({ object, principal }) => (object.priority < 118) && principal.id !== 'UNIQUE_18';
018	export default ({ request, principal }) => (principal.rank < 119) && principal.id !== 'UNIQUE_19';	export default ({ object, principal }) => (object.rank < 119) && principal.id !== 'UNIQUE_19';
019	export default ({ request, principal }) => (principal.active !== false) && principal.id !== 'UNIQUE_20';	export default ({ object, principal }) => (object.enabled !== false) && principal.id !== 'UNIQUE_20';
020	export default ({ request, principal }) => (!(request.method === 'VALUE_21')) && principal.id !== 'UNIQUE_21';	export default ({ object, principal }) => (!(object.ownerId === 'VALUE_21')) && principal.id !== 'UNIQUE_21';
021	export default ({ request, principal }) => (!(request.pathVariables.userId === 'VALUE_22')) && principal.id !== 'UNIQUE_22';	export default ({ object, principal }) => (!(object.status === 'VALUE_22')) && principal.id !== 'UNIQUE_22';
022	export default ({ request, principal }) => (!(request.pathVariables.resourceId === 'VALUE_23')) && principal.id !== 'UNIQUE_23';	export default ({ object, principal }) => (!(object.kind === 'VALUE_23')) && principal.id !== 'UNIQUE_23';
023	export default ({ request, principal }) => (!(request.pathVariables.ownerId === 'VALUE_24')) && principal.id !== 'UNIQUE_24';	export default ({ object, principal }) => (!(object.tenantId === 'VALUE_24')) && principal.id !== 'UNIQUE_24';
024	export default ({ request, principal }) => (!(request.pathVariables.projectId === 'VALUE_25')) && principal.id !== 'UNIQUE_25';	export default ({ object, principal }) => (!(object.visibility === 'VALUE_25')) && principal.id !== 'UNIQUE_25';
025	export default ({ request, principal }) => (!(request.pathVariables.scope === 'VALUE_26')) && principal.id !== 'UNIQUE_26';	export default ({ object, principal }) => (object.score > principal.rank) && principal.id !== 'UNIQUE_26';
026	export default ({ request, principal }) => (request.version > principal.rank) && principal.id !== 'UNIQUE_27';	export default ({ object, principal }) => (object.version > principal.version) && principal.id !== 'UNIQUE_27';
027	export default ({ request, principal }) => (request.sequence > principal.level) && principal.id !== 'UNIQUE_28';	export default ({ object, principal }) => (object.priority > principal.level) && principal.id !== 'UNIQUE_28';
028	export default ({ request, principal }) => (principal.rank > request.version) && principal.id !== 'UNIQUE_29';	export default ({ object, principal }) => (object.rank > principal.rank) && principal.id !== 'UNIQUE_29';
029	export default ({ request, principal }) => (!(principal.active === false)) && principal.id !== 'UNIQUE_30';	export default ({ object, principal }) => (!(object.enabled === false)) && principal.id !== 'UNIQUE_30';
030	export default ({ request, principal }) => (request.method === principal.id) && principal.id !== 'UNIQUE_31';	export default ({ object, principal }) => (object.ownerId === principal.id) && principal.id !== 'UNIQUE_31';
031	export default ({ request, principal }) => (request.pathVariables.userId === principal.id) && principal.id !== 'UNIQUE_32';	export default ({ object, principal }) => (object.status === principal.role) && principal.id !== 'UNIQUE_32';
032	export default ({ request, principal }) => (request.pathVariables.resourceId === principal.tenantId) && principal.id !== 'UNIQUE_33';	export default ({ object, principal }) => (object.kind === principal.kind) && principal.id !== 'UNIQUE_33';
033	export default ({ request, principal }) => (request.pathVariables.ownerId === principal.id) && principal.id !== 'UNIQUE_34';	export default ({ object, principal }) => (object.tenantId === principal.tenantId) && principal.id !== 'UNIQUE_34';
034	export default ({ request, principal }) => (request.pathVariables.projectId === principal.teamId) && principal.id !== 'UNIQUE_35';	export default ({ object, principal }) => (object.visibility === principal.role) && principal.id !== 'UNIQUE_35';
035	export default ({ request, principal }) => (request.pathVariables.scope === principal.role) && principal.id !== 'UNIQUE_36';	export default ({ object, principal }) => (object.score <= principal.rank) && principal.id !== 'UNIQUE_36';
036	export default ({ request, principal }) => (request.version <= principal.rank) && principal.id !== 'UNIQUE_37';	export default ({ object, principal }) => (object.version <= principal.version) && principal.id !== 'UNIQUE_37';
037	export default ({ request, principal }) => (request.sequence <= principal.level) && principal.id !== 'UNIQUE_38';	export default ({ object, principal }) => (object.priority <= principal.level) && principal.id !== 'UNIQUE_38';
038	export default ({ request, principal }) => (principal.rank <= request.version) && principal.id !== 'UNIQUE_39';	export default ({ object, principal }) => (object.rank <= principal.rank) && principal.id !== 'UNIQUE_39';
039	export default ({ request, principal }) => (principal.active === true && principal.id !== '') && principal.id !== 'UNIQUE_40';	export default ({ object, principal }) => (object.enabled === principal.active) && principal.id !== 'UNIQUE_40';
040	export default ({ request, principal }) => (request.method === 'VALUE_41' && principal.id !== '') && principal.id !== 'UNIQUE_41';	export default ({ object, principal }) => (object.ownerId === 'VALUE_41' && principal.id !== '') && principal.id !== 'UNIQUE_41';
041	export default ({ request, principal }) => (request.pathVariables.userId === 'VALUE_42' && principal.id !== '') && principal.id !== 'UNIQUE_42';	export default ({ object, principal }) => (object.status === 'VALUE_42' && principal.id !== '') && principal.id !== 'UNIQUE_42';
042	export default ({ request, principal }) => (request.pathVariables.resourceId === 'VALUE_43' && principal.id !== '') && principal.id !== 'UNIQUE_43';	export default ({ object, principal }) => (object.kind === 'VALUE_43' && principal.id !== '') && principal.id !== 'UNIQUE_43';
043	export default ({ request, principal }) => (request.pathVariables.ownerId === 'VALUE_44' && principal.id !== '') && principal.id !== 'UNIQUE_44';	export default ({ object, principal }) => (object.tenantId === 'VALUE_44' && principal.id !== '') && principal.id !== 'UNIQUE_44';
044	export default ({ request, principal }) => (request.pathVariables.projectId === 'VALUE_45' && principal.id !== '') && principal.id !== 'UNIQUE_45';	export default ({ object, principal }) => (object.visibility === 'VALUE_45' && principal.id !== '') && principal.id !== 'UNIQUE_45';
045	export default ({ request, principal }) => (request.pathVariables.scope === 'VALUE_46' && principal.id !== '') && principal.id !== 'UNIQUE_46';	export default ({ object, principal }) => (!(object.score < 46)) && principal.id !== 'UNIQUE_46';
046	export default ({ request, principal }) => (!(request.version < 47)) && principal.id !== 'UNIQUE_47';	export default ({ object, principal }) => (!(object.version < 47)) && principal.id !== 'UNIQUE_47';
047	export default ({ request, principal }) => (!(request.sequence < 48)) && principal.id !== 'UNIQUE_48';	export default ({ object, principal }) => (!(object.priority < 48)) && principal.id !== 'UNIQUE_48';
048	export default ({ request, principal }) => (!(principal.rank < 49)) && principal.id !== 'UNIQUE_49';	export default ({ object, principal }) => (!(object.rank < 49)) && principal.id !== 'UNIQUE_49';
049	export default ({ request, principal }) => (principal.active === false || request.method === 'METHOD_50') && principal.id !== 'UNIQUE_50';	export default ({ object, principal }) => (object.enabled === true && principal.id !== '') && principal.id !== 'UNIQUE_50';
050	export default ({ request, principal }) => (request.method !== 'VALUE_51' || principal.role === 'ROLE_51') && principal.id !== 'UNIQUE_51';	export default ({ object, principal }) => (object.ownerId !== 'VALUE_51' || principal.role === 'ROLE_51') && principal.id !== 'UNIQUE_51';
051	export default ({ request, principal }) => (request.pathVariables.userId !== 'VALUE_52' || principal.role === 'ROLE_52') && principal.id !== 'UNIQUE_52';	export default ({ object, principal }) => (object.status !== 'VALUE_52' || principal.role === 'ROLE_52') && principal.id !== 'UNIQUE_52';
052	export default ({ request, principal }) => (request.pathVariables.resourceId !== 'VALUE_53' || principal.role === 'ROLE_53') && principal.id !== 'UNIQUE_53';	export default ({ object, principal }) => (object.kind !== 'VALUE_53' || principal.role === 'ROLE_53') && principal.id !== 'UNIQUE_53';
053	export default ({ request, principal }) => (request.pathVariables.ownerId !== 'VALUE_54' || principal.role === 'ROLE_54') && principal.id !== 'UNIQUE_54';	export default ({ object, principal }) => (object.tenantId !== 'VALUE_54' || principal.role === 'ROLE_54') && principal.id !== 'UNIQUE_54';
054	export default ({ request, principal }) => (request.pathVariables.projectId !== 'VALUE_55' || principal.role === 'ROLE_55') && principal.id !== 'UNIQUE_55';	export default ({ object, principal }) => (object.visibility !== 'VALUE_55' || principal.role === 'ROLE_55') && principal.id !== 'UNIQUE_55';
055	export default ({ request, principal }) => (request.pathVariables.scope !== 'VALUE_56' || principal.role === 'ROLE_56') && principal.id !== 'UNIQUE_56';	export default ({ object, principal }) => (object.score >= 56 && object.score < 156) && principal.id !== 'UNIQUE_56';
056	export default ({ request, principal }) => (request.version >= 57 && request.version < 157) && principal.id !== 'UNIQUE_57';	export default ({ object, principal }) => (object.version >= 57 && object.version < 157) && principal.id !== 'UNIQUE_57';
057	export default ({ request, principal }) => (request.sequence >= 58 && request.sequence < 158) && principal.id !== 'UNIQUE_58';	export default ({ object, principal }) => (object.priority >= 58 && object.priority < 158) && principal.id !== 'UNIQUE_58';
058	export default ({ request, principal }) => (principal.rank >= 59 && principal.rank < 159) && principal.id !== 'UNIQUE_59';	export default ({ object, principal }) => (object.rank >= 59 && object.rank < 159) && principal.id !== 'UNIQUE_59';
059	export default ({ request, principal }) => (principal.active === true && principal.rank >= 0) && principal.id !== 'UNIQUE_60';	export default ({ object, principal }) => (object.enabled === false || principal.role === 'ROLE_60') && principal.id !== 'UNIQUE_60';
060	export default ({ request, principal }) => ((request.method === 'VALUE_61' && principal.rank >= 11)) && principal.id !== 'UNIQUE_61';	export default ({ object, principal }) => ((object.ownerId === 'VALUE_61' && principal.rank >= 11)) && principal.id !== 'UNIQUE_61';
061	export default ({ request, principal }) => ((request.pathVariables.userId === 'VALUE_62' && principal.rank >= 12)) && principal.id !== 'UNIQUE_62';	export default ({ object, principal }) => ((object.status === 'VALUE_62' && principal.rank >= 12)) && principal.id !== 'UNIQUE_62';
062	export default ({ request, principal }) => ((request.pathVariables.resourceId === 'VALUE_63' && principal.rank >= 13)) && principal.id !== 'UNIQUE_63';	export default ({ object, principal }) => ((object.kind === 'VALUE_63' && principal.rank >= 13)) && principal.id !== 'UNIQUE_63';
063	export default ({ request, principal }) => ((request.pathVariables.ownerId === 'VALUE_64' && principal.rank >= 14)) && principal.id !== 'UNIQUE_64';	export default ({ object, principal }) => ((object.tenantId === 'VALUE_64' && principal.rank >= 14)) && principal.id !== 'UNIQUE_64';
064	export default ({ request, principal }) => ((request.pathVariables.projectId === 'VALUE_65' && principal.rank >= 15)) && principal.id !== 'UNIQUE_65';	export default ({ object, principal }) => ((object.visibility === 'VALUE_65' && principal.rank >= 15)) && principal.id !== 'UNIQUE_65';
065	export default ({ request, principal }) => ((request.pathVariables.scope === 'VALUE_66' && principal.rank >= 16)) && principal.id !== 'UNIQUE_66';	export default ({ object, principal }) => (object.score >= (principal.rank + 4)) && principal.id !== 'UNIQUE_66';
066	export default ({ request, principal }) => ((request.version + 5) >= 77) && principal.id !== 'UNIQUE_67';	export default ({ object, principal }) => (object.version >= (principal.version + 5)) && principal.id !== 'UNIQUE_67';
067	export default ({ request, principal }) => ((request.sequence + 6) >= 78) && principal.id !== 'UNIQUE_68';	export default ({ object, principal }) => (object.priority >= (principal.level + 6)) && principal.id !== 'UNIQUE_68';
068	export default ({ request, principal }) => ((principal.rank + 7) >= 79) && principal.id !== 'UNIQUE_69';	export default ({ object, principal }) => (object.rank >= (principal.rank + 7)) && principal.id !== 'UNIQUE_69';
069	export default ({ request, principal }) => (principal.active !== false || principal.role === 'ROLE_70') && principal.id !== 'UNIQUE_70';	export default ({ object, principal }) => (object.enabled === true && principal.rank >= 20) && principal.id !== 'UNIQUE_70';
070	export default ({ request, principal }) => (request.method === 'VALUE_71' || principal.active === true) && principal.id !== 'UNIQUE_71';	export default ({ object, principal }) => (object.ownerId === 'VALUE_71' || principal.active === true) && principal.id !== 'UNIQUE_71';
071	export default ({ request, principal }) => (request.pathVariables.userId === 'VALUE_72' || principal.active === true) && principal.id !== 'UNIQUE_72';	export default ({ object, principal }) => (object.status === 'VALUE_72' || principal.active === true) && principal.id !== 'UNIQUE_72';
072	export default ({ request, principal }) => (request.pathVariables.resourceId === 'VALUE_73' || principal.active === true) && principal.id !== 'UNIQUE_73';	export default ({ object, principal }) => (object.kind === 'VALUE_73' || principal.active === true) && principal.id !== 'UNIQUE_73';
073	export default ({ request, principal }) => (request.pathVariables.ownerId === 'VALUE_74' || principal.active === true) && principal.id !== 'UNIQUE_74';	export default ({ object, principal }) => (object.tenantId === 'VALUE_74' || principal.active === true) && principal.id !== 'UNIQUE_74';
074	export default ({ request, principal }) => (request.pathVariables.projectId === 'VALUE_75' || principal.active === true) && principal.id !== 'UNIQUE_75';	export default ({ object, principal }) => (object.visibility === 'VALUE_75' || principal.active === true) && principal.id !== 'UNIQUE_75';
075	export default ({ request, principal }) => (request.pathVariables.scope === 'VALUE_76' || principal.active === true) && principal.id !== 'UNIQUE_76';	export default ({ object, principal }) => (object.score < (principal.rank * 3 + 76)) && principal.id !== 'UNIQUE_76';
076	export default ({ request, principal }) => ((request.version * 4) > 97) && principal.id !== 'UNIQUE_77';	export default ({ object, principal }) => (object.version < (principal.version * 4 + 77)) && principal.id !== 'UNIQUE_77';
077	export default ({ request, principal }) => ((request.sequence * 5) > 98) && principal.id !== 'UNIQUE_78';	export default ({ object, principal }) => (object.priority < (principal.level * 5 + 78)) && principal.id !== 'UNIQUE_78';
078	export default ({ request, principal }) => ((principal.rank * 6) > 99) && principal.id !== 'UNIQUE_79';	export default ({ object, principal }) => (object.rank < (principal.rank * 6 + 79)) && principal.id !== 'UNIQUE_79';
079	export default ({ request, principal }) => (principal.active === true && principal.teamId !== 'TEAM_80') && principal.id !== 'UNIQUE_80';	export default ({ object, principal }) => (object.enabled !== false || principal.active === true) && principal.id !== 'UNIQUE_80';
080	export default ({ request, principal }) => ((request.method !== 'VALUE_81' && principal.teamId !== 'TEAM_81') || principal.tenantId === 'TENANT_81') && principal.id !== 'UNIQUE_81';	export default ({ object, principal }) => ((object.ownerId !== 'VALUE_81' && principal.teamId !== 'TEAM_81') || object.ownerId === 'ALT_81') && principal.id !== 'UNIQUE_81';
081	export default ({ request, principal }) => ((request.pathVariables.userId !== 'VALUE_82' && principal.teamId !== 'TEAM_82') || principal.tenantId === 'TENANT_82') && principal.id !== 'UNIQUE_82';	export default ({ object, principal }) => ((object.status !== 'VALUE_82' && principal.teamId !== 'TEAM_82') || object.status === 'ALT_82') && principal.id !== 'UNIQUE_82';
082	export default ({ request, principal }) => ((request.pathVariables.resourceId !== 'VALUE_83' && principal.teamId !== 'TEAM_83') || principal.tenantId === 'TENANT_83') && principal.id !== 'UNIQUE_83';	export default ({ object, principal }) => ((object.kind !== 'VALUE_83' && principal.teamId !== 'TEAM_83') || object.kind === 'ALT_83') && principal.id !== 'UNIQUE_83';
083	export default ({ request, principal }) => ((request.pathVariables.ownerId !== 'VALUE_84' && principal.teamId !== 'TEAM_84') || principal.tenantId === 'TENANT_84') && principal.id !== 'UNIQUE_84';	export default ({ object, principal }) => ((object.tenantId !== 'VALUE_84' && principal.teamId !== 'TEAM_84') || object.tenantId === 'ALT_84') && principal.id !== 'UNIQUE_84';
084	export default ({ request, principal }) => ((request.pathVariables.projectId !== 'VALUE_85' && principal.teamId !== 'TEAM_85') || principal.tenantId === 'TENANT_85') && principal.id !== 'UNIQUE_85';	export default ({ object, principal }) => ((object.visibility !== 'VALUE_85' && principal.teamId !== 'TEAM_85') || object.visibility === 'ALT_85') && principal.id !== 'UNIQUE_85';
085	export default ({ request, principal }) => ((request.pathVariables.scope !== 'VALUE_86' && principal.teamId !== 'TEAM_86') || principal.tenantId === 'TENANT_86') && principal.id !== 'UNIQUE_86';	export default ({ object, principal }) => ((object.score >= 86 && principal.active === true) || object.score < 44) && principal.id !== 'UNIQUE_86';
086	export default ({ request, principal }) => ((request.version % 5) === 1) && principal.id !== 'UNIQUE_87';	export default ({ object, principal }) => ((object.version >= 87 && principal.active === true) || object.version < 44) && principal.id !== 'UNIQUE_87';
087	export default ({ request, principal }) => ((request.sequence % 6) === 0) && principal.id !== 'UNIQUE_88';	export default ({ object, principal }) => ((object.priority >= 88 && principal.active === true) || object.priority < 45) && principal.id !== 'UNIQUE_88';
088	export default ({ request, principal }) => ((principal.rank % 7) === 1) && principal.id !== 'UNIQUE_89';	export default ({ object, principal }) => ((object.rank >= 89 && principal.active === true) || object.rank < 45) && principal.id !== 'UNIQUE_89';
089	export default ({ request, principal }) => (principal.active === false || principal.tenantId === 'TENANT_90') && principal.id !== 'UNIQUE_90';	export default ({ object, principal }) => ((object.enabled === true && principal.teamId !== 'TEAM_90') || object.enabled === false) && principal.id !== 'UNIQUE_90';
090	export default ({ request, principal }) => (request.method === principal.id && principal.role !== 'GUEST_91') && principal.id !== 'UNIQUE_91';	export default ({ object, principal }) => (object.ownerId === principal.id && principal.role !== 'GUEST_91') && principal.id !== 'UNIQUE_91';
091	export default ({ request, principal }) => (request.pathVariables.userId === principal.id && principal.role !== 'GUEST_92') && principal.id !== 'UNIQUE_92';	export default ({ object, principal }) => (object.status === principal.role && principal.role !== 'GUEST_92') && principal.id !== 'UNIQUE_92';
092	export default ({ request, principal }) => (request.pathVariables.resourceId === principal.tenantId && principal.role !== 'GUEST_93') && principal.id !== 'UNIQUE_93';	export default ({ object, principal }) => (object.kind === principal.kind && principal.role !== 'GUEST_93') && principal.id !== 'UNIQUE_93';
093	export default ({ request, principal }) => (request.pathVariables.ownerId === principal.id && principal.role !== 'GUEST_94') && principal.id !== 'UNIQUE_94';	export default ({ object, principal }) => (object.tenantId === principal.tenantId && principal.role !== 'GUEST_94') && principal.id !== 'UNIQUE_94';
094	export default ({ request, principal }) => (request.pathVariables.projectId === principal.teamId && principal.role !== 'GUEST_95') && principal.id !== 'UNIQUE_95';	export default ({ object, principal }) => (object.visibility === principal.role && principal.role !== 'GUEST_95') && principal.id !== 'UNIQUE_95';
095	export default ({ request, principal }) => (request.pathVariables.scope === principal.role && principal.role !== 'GUEST_96') && principal.id !== 'UNIQUE_96';	export default ({ object, principal }) => (object.score >= 96 || principal.rank >= 48) && principal.id !== 'UNIQUE_96';
096	export default ({ request, principal }) => (request.version >= 97 || principal.rank >= 48) && principal.id !== 'UNIQUE_97';	export default ({ object, principal }) => (object.version >= 97 || principal.rank >= 48) && principal.id !== 'UNIQUE_97';
097	export default ({ request, principal }) => (request.sequence >= 98 || principal.rank >= 49) && principal.id !== 'UNIQUE_98';	export default ({ object, principal }) => (object.priority >= 98 || principal.rank >= 49) && principal.id !== 'UNIQUE_98';
098	export default ({ request, principal }) => (principal.rank >= 99 || principal.rank >= 49) && principal.id !== 'UNIQUE_99';	export default ({ object, principal }) => (object.rank >= 99 || principal.rank >= 49) && principal.id !== 'UNIQUE_99';
099	export default ({ request, principal }) => (!(principal.active === true && request.method === 'DENY_100')) && principal.id !== 'UNIQUE_100';	export default ({ object, principal }) => (object.enabled === principal.active && principal.role !== 'GUEST_100') && principal.id !== 'UNIQUE_100';
100	export default ({ request, principal }) => (request.method === 'VALUE_101') && principal.id !== 'UNIQUE_101';	export default ({ object, principal }) => (object.ownerId === 'VALUE_101') && principal.id !== 'UNIQUE_101';
101	export default ({ request, principal }) => (request.pathVariables.userId === 'VALUE_102') && principal.id !== 'UNIQUE_102';	export default ({ object, principal }) => (object.status === 'VALUE_102') && principal.id !== 'UNIQUE_102';
102	export default ({ request, principal }) => (request.pathVariables.resourceId === 'VALUE_103') && principal.id !== 'UNIQUE_103';	export default ({ object, principal }) => (object.kind === 'VALUE_103') && principal.id !== 'UNIQUE_103';
103	export default ({ request, principal }) => (request.pathVariables.ownerId === 'VALUE_104') && principal.id !== 'UNIQUE_104';	export default ({ object, principal }) => (object.tenantId === 'VALUE_104') && principal.id !== 'UNIQUE_104';
104	export default ({ request, principal }) => (request.pathVariables.projectId === 'VALUE_105') && principal.id !== 'UNIQUE_105';	export default ({ object, principal }) => (object.visibility === 'VALUE_105') && principal.id !== 'UNIQUE_105';
105	export default ({ request, principal }) => (request.pathVariables.scope === 'VALUE_106') && principal.id !== 'UNIQUE_106';	export default ({ object, principal }) => (object.score >= 106) && principal.id !== 'UNIQUE_106';
106	export default ({ request, principal }) => (request.version >= 107) && principal.id !== 'UNIQUE_107';	export default ({ object, principal }) => (object.version >= 107) && principal.id !== 'UNIQUE_107';
107	export default ({ request, principal }) => (request.sequence >= 108) && principal.id !== 'UNIQUE_108';	export default ({ object, principal }) => (object.priority >= 108) && principal.id !== 'UNIQUE_108';
108	export default ({ request, principal }) => (principal.rank >= 109) && principal.id !== 'UNIQUE_109';	export default ({ object, principal }) => (object.rank >= 109) && principal.id !== 'UNIQUE_109';
109	export default ({ request, principal }) => (principal.active === true) && principal.id !== 'UNIQUE_110';	export default ({ object, principal }) => (object.enabled === true) && principal.id !== 'UNIQUE_110';
110	export default ({ request, principal }) => (request.method !== 'VALUE_111') && principal.id !== 'UNIQUE_111';	export default ({ object, principal }) => (object.ownerId !== 'VALUE_111') && principal.id !== 'UNIQUE_111';
111	export default ({ request, principal }) => (request.pathVariables.userId !== 'VALUE_112') && principal.id !== 'UNIQUE_112';	export default ({ object, principal }) => (object.status !== 'VALUE_112') && principal.id !== 'UNIQUE_112';
112	export default ({ request, principal }) => (request.pathVariables.resourceId !== 'VALUE_113') && principal.id !== 'UNIQUE_113';	export default ({ object, principal }) => (object.kind !== 'VALUE_113') && principal.id !== 'UNIQUE_113';
113	export default ({ request, principal }) => (request.pathVariables.ownerId !== 'VALUE_114') && principal.id !== 'UNIQUE_114';	export default ({ object, principal }) => (object.tenantId !== 'VALUE_114') && principal.id !== 'UNIQUE_114';
114	export default ({ request, principal }) => (request.pathVariables.projectId !== 'VALUE_115') && principal.id !== 'UNIQUE_115';	export default ({ object, principal }) => (object.visibility !== 'VALUE_115') && principal.id !== 'UNIQUE_115';
115	export default ({ request, principal }) => (request.pathVariables.scope !== 'VALUE_116') && principal.id !== 'UNIQUE_116';	export default ({ object, principal }) => (object.score < 216) && principal.id !== 'UNIQUE_116';
116	export default ({ request, principal }) => (request.version < 217) && principal.id !== 'UNIQUE_117';	export default ({ object, principal }) => (object.version < 217) && principal.id !== 'UNIQUE_117';
117	export default ({ request, principal }) => (request.sequence < 218) && principal.id !== 'UNIQUE_118';	export default ({ object, principal }) => (object.priority < 218) && principal.id !== 'UNIQUE_118';
118	export default ({ request, principal }) => (principal.rank < 219) && principal.id !== 'UNIQUE_119';	export default ({ object, principal }) => (object.rank < 219) && principal.id !== 'UNIQUE_119';
119	export default ({ request, principal }) => (principal.active !== false) && principal.id !== 'UNIQUE_120';	export default ({ object, principal }) => (object.enabled !== false) && principal.id !== 'UNIQUE_120';
120	export default ({ request, principal }) => (!(request.method === 'VALUE_121')) && principal.id !== 'UNIQUE_121';	export default ({ object, principal }) => (!(object.ownerId === 'VALUE_121')) && principal.id !== 'UNIQUE_121';
121	export default ({ request, principal }) => (!(request.pathVariables.userId === 'VALUE_122')) && principal.id !== 'UNIQUE_122';	export default ({ object, principal }) => (!(object.status === 'VALUE_122')) && principal.id !== 'UNIQUE_122';
122	export default ({ request, principal }) => (!(request.pathVariables.resourceId === 'VALUE_123')) && principal.id !== 'UNIQUE_123';	export default ({ object, principal }) => (!(object.kind === 'VALUE_123')) && principal.id !== 'UNIQUE_123';
123	export default ({ request, principal }) => (!(request.pathVariables.ownerId === 'VALUE_124')) && principal.id !== 'UNIQUE_124';	export default ({ object, principal }) => (!(object.tenantId === 'VALUE_124')) && principal.id !== 'UNIQUE_124';
124	export default ({ request, principal }) => (!(request.pathVariables.projectId === 'VALUE_125')) && principal.id !== 'UNIQUE_125';	export default ({ object, principal }) => (!(object.visibility === 'VALUE_125')) && principal.id !== 'UNIQUE_125';
125	export default ({ request, principal }) => (!(request.pathVariables.scope === 'VALUE_126')) && principal.id !== 'UNIQUE_126';	export default ({ object, principal }) => (object.score > principal.rank) && principal.id !== 'UNIQUE_126';
126	export default ({ request, principal }) => (request.version > principal.rank) && principal.id !== 'UNIQUE_127';	export default ({ object, principal }) => (object.version > principal.version) && principal.id !== 'UNIQUE_127';
127	export default ({ request, principal }) => (request.sequence > principal.level) && principal.id !== 'UNIQUE_128';	export default ({ object, principal }) => (object.priority > principal.level) && principal.id !== 'UNIQUE_128';
128	export default ({ request, principal }) => (principal.rank > request.version) && principal.id !== 'UNIQUE_129';	export default ({ object, principal }) => (object.rank > principal.rank) && principal.id !== 'UNIQUE_129';
129	export default ({ request, principal }) => (!(principal.active === false)) && principal.id !== 'UNIQUE_130';	export default ({ object, principal }) => (!(object.enabled === false)) && principal.id !== 'UNIQUE_130';
130	export default ({ request, principal }) => (request.method === principal.id) && principal.id !== 'UNIQUE_131';	export default ({ object, principal }) => (object.ownerId === principal.id) && principal.id !== 'UNIQUE_131';
131	export default ({ request, principal }) => (request.pathVariables.userId === principal.id) && principal.id !== 'UNIQUE_132';	export default ({ object, principal }) => (object.status === principal.role) && principal.id !== 'UNIQUE_132';
132	export default ({ request, principal }) => (request.pathVariables.resourceId === principal.tenantId) && principal.id !== 'UNIQUE_133';	export default ({ object, principal }) => (object.kind === principal.kind) && principal.id !== 'UNIQUE_133';
133	export default ({ request, principal }) => (request.pathVariables.ownerId === principal.id) && principal.id !== 'UNIQUE_134';	export default ({ object, principal }) => (object.tenantId === principal.tenantId) && principal.id !== 'UNIQUE_134';
134	export default ({ request, principal }) => (request.pathVariables.projectId === principal.teamId) && principal.id !== 'UNIQUE_135';	export default ({ object, principal }) => (object.visibility === principal.role) && principal.id !== 'UNIQUE_135';
135	export default ({ request, principal }) => (request.pathVariables.scope === principal.role) && principal.id !== 'UNIQUE_136';	export default ({ object, principal }) => (object.score <= principal.rank) && principal.id !== 'UNIQUE_136';
136	export default ({ request, principal }) => (request.version <= principal.rank) && principal.id !== 'UNIQUE_137';	export default ({ object, principal }) => (object.version <= principal.version) && principal.id !== 'UNIQUE_137';
137	export default ({ request, principal }) => (request.sequence <= principal.level) && principal.id !== 'UNIQUE_138';	export default ({ object, principal }) => (object.priority <= principal.level) && principal.id !== 'UNIQUE_138';
138	export default ({ request, principal }) => (principal.rank <= request.version) && principal.id !== 'UNIQUE_139';	export default ({ object, principal }) => (object.rank <= principal.rank) && principal.id !== 'UNIQUE_139';
139	export default ({ request, principal }) => (principal.active === true && principal.id !== '') && principal.id !== 'UNIQUE_140';	export default ({ object, principal }) => (object.enabled === principal.active) && principal.id !== 'UNIQUE_140';
140	export default ({ request, principal }) => (request.method === 'VALUE_141' && principal.id !== '') && principal.id !== 'UNIQUE_141';	export default ({ object, principal }) => (object.ownerId === 'VALUE_141' && principal.id !== '') && principal.id !== 'UNIQUE_141';
141	export default ({ request, principal }) => (request.pathVariables.userId === 'VALUE_142' && principal.id !== '') && principal.id !== 'UNIQUE_142';	export default ({ object, principal }) => (object.status === 'VALUE_142' && principal.id !== '') && principal.id !== 'UNIQUE_142';
142	export default ({ request, principal }) => (request.pathVariables.resourceId === 'VALUE_143' && principal.id !== '') && principal.id !== 'UNIQUE_143';	export default ({ object, principal }) => (object.kind === 'VALUE_143' && principal.id !== '') && principal.id !== 'UNIQUE_143';
143	export default ({ request, principal }) => (request.pathVariables.ownerId === 'VALUE_144' && principal.id !== '') && principal.id !== 'UNIQUE_144';	export default ({ object, principal }) => (object.tenantId === 'VALUE_144' && principal.id !== '') && principal.id !== 'UNIQUE_144';
144	export default ({ request, principal }) => (request.pathVariables.projectId === 'VALUE_145' && principal.id !== '') && principal.id !== 'UNIQUE_145';	export default ({ object, principal }) => (object.visibility === 'VALUE_145' && principal.id !== '') && principal.id !== 'UNIQUE_145';
145	export default ({ request, principal }) => (request.pathVariables.scope === 'VALUE_146' && principal.id !== '') && principal.id !== 'UNIQUE_146';	export default ({ object, principal }) => (!(object.score < 146)) && principal.id !== 'UNIQUE_146';
146	export default ({ request, principal }) => (!(request.version < 147)) && principal.id !== 'UNIQUE_147';	export default ({ object, principal }) => (!(object.version < 147)) && principal.id !== 'UNIQUE_147';
147	export default ({ request, principal }) => (!(request.sequence < 148)) && principal.id !== 'UNIQUE_148';	export default ({ object, principal }) => (!(object.priority < 148)) && principal.id !== 'UNIQUE_148';
148	export default ({ request, principal }) => (!(principal.rank < 149)) && principal.id !== 'UNIQUE_149';	export default ({ object, principal }) => (!(object.rank < 149)) && principal.id !== 'UNIQUE_149';
149	export default ({ request, principal }) => (principal.active === false || request.method === 'METHOD_150') && principal.id !== 'UNIQUE_150';	export default ({ object, principal }) => (object.enabled === true && principal.id !== '') && principal.id !== 'UNIQUE_150';
150	export default ({ request, principal }) => (request.method !== 'VALUE_151' || principal.role === 'ROLE_151') && principal.id !== 'UNIQUE_151';	export default ({ object, principal }) => (object.ownerId !== 'VALUE_151' || principal.role === 'ROLE_151') && principal.id !== 'UNIQUE_151';
151	export default ({ request, principal }) => (request.pathVariables.userId !== 'VALUE_152' || principal.role === 'ROLE_152') && principal.id !== 'UNIQUE_152';	export default ({ object, principal }) => (object.status !== 'VALUE_152' || principal.role === 'ROLE_152') && principal.id !== 'UNIQUE_152';
152	export default ({ request, principal }) => (request.pathVariables.resourceId !== 'VALUE_153' || principal.role === 'ROLE_153') && principal.id !== 'UNIQUE_153';	export default ({ object, principal }) => (object.kind !== 'VALUE_153' || principal.role === 'ROLE_153') && principal.id !== 'UNIQUE_153';
153	export default ({ request, principal }) => (request.pathVariables.ownerId !== 'VALUE_154' || principal.role === 'ROLE_154') && principal.id !== 'UNIQUE_154';	export default ({ object, principal }) => (object.tenantId !== 'VALUE_154' || principal.role === 'ROLE_154') && principal.id !== 'UNIQUE_154';
154	export default ({ request, principal }) => (request.pathVariables.projectId !== 'VALUE_155' || principal.role === 'ROLE_155') && principal.id !== 'UNIQUE_155';	export default ({ object, principal }) => (object.visibility !== 'VALUE_155' || principal.role === 'ROLE_155') && principal.id !== 'UNIQUE_155';
155	export default ({ request, principal }) => (request.pathVariables.scope !== 'VALUE_156' || principal.role === 'ROLE_156') && principal.id !== 'UNIQUE_156';	export default ({ object, principal }) => (object.score >= 156 && object.score < 256) && principal.id !== 'UNIQUE_156';
156	export default ({ request, principal }) => (request.version >= 157 && request.version < 257) && principal.id !== 'UNIQUE_157';	export default ({ object, principal }) => (object.version >= 157 && object.version < 257) && principal.id !== 'UNIQUE_157';
157	export default ({ request, principal }) => (request.sequence >= 158 && request.sequence < 258) && principal.id !== 'UNIQUE_158';	export default ({ object, principal }) => (object.priority >= 158 && object.priority < 258) && principal.id !== 'UNIQUE_158';
158	export default ({ request, principal }) => (principal.rank >= 159 && principal.rank < 259) && principal.id !== 'UNIQUE_159';	export default ({ object, principal }) => (object.rank >= 159 && object.rank < 259) && principal.id !== 'UNIQUE_159';
159	export default ({ request, principal }) => (principal.active === true && principal.rank >= 0) && principal.id !== 'UNIQUE_160';	export default ({ object, principal }) => (object.enabled === false || principal.role === 'ROLE_160') && principal.id !== 'UNIQUE_160';
160	export default ({ request, principal }) => ((request.method === 'VALUE_161' && principal.rank >= 11)) && principal.id !== 'UNIQUE_161';	export default ({ object, principal }) => ((object.ownerId === 'VALUE_161' && principal.rank >= 11)) && principal.id !== 'UNIQUE_161';
161	export default ({ request, principal }) => ((request.pathVariables.userId === 'VALUE_162' && principal.rank >= 12)) && principal.id !== 'UNIQUE_162';	export default ({ object, principal }) => ((object.status === 'VALUE_162' && principal.rank >= 12)) && principal.id !== 'UNIQUE_162';
162	export default ({ request, principal }) => ((request.pathVariables.resourceId === 'VALUE_163' && principal.rank >= 13)) && principal.id !== 'UNIQUE_163';	export default ({ object, principal }) => ((object.kind === 'VALUE_163' && principal.rank >= 13)) && principal.id !== 'UNIQUE_163';
163	export default ({ request, principal }) => ((request.pathVariables.ownerId === 'VALUE_164' && principal.rank >= 14)) && principal.id !== 'UNIQUE_164';	export default ({ object, principal }) => ((object.tenantId === 'VALUE_164' && principal.rank >= 14)) && principal.id !== 'UNIQUE_164';
164	export default ({ request, principal }) => ((request.pathVariables.projectId === 'VALUE_165' && principal.rank >= 15)) && principal.id !== 'UNIQUE_165';	export default ({ object, principal }) => ((object.visibility === 'VALUE_165' && principal.rank >= 15)) && principal.id !== 'UNIQUE_165';
165	export default ({ request, principal }) => ((request.pathVariables.scope === 'VALUE_166' && principal.rank >= 16)) && principal.id !== 'UNIQUE_166';	export default ({ object, principal }) => (object.score >= (principal.rank + 6)) && principal.id !== 'UNIQUE_166';
166	export default ({ request, principal }) => ((request.version + 7) >= 177) && principal.id !== 'UNIQUE_167';	export default ({ object, principal }) => (object.version >= (principal.version + 7)) && principal.id !== 'UNIQUE_167';
167	export default ({ request, principal }) => ((request.sequence + 1) >= 178) && principal.id !== 'UNIQUE_168';	export default ({ object, principal }) => (object.priority >= (principal.level + 1)) && principal.id !== 'UNIQUE_168';
168	export default ({ request, principal }) => ((principal.rank + 2) >= 179) && principal.id !== 'UNIQUE_169';	export default ({ object, principal }) => (object.rank >= (principal.rank + 2)) && principal.id !== 'UNIQUE_169';
169	export default ({ request, principal }) => (principal.active !== false || principal.role === 'ROLE_170') && principal.id !== 'UNIQUE_170';	export default ({ object, principal }) => (object.enabled === true && principal.rank >= 20) && principal.id !== 'UNIQUE_170';
170	export default ({ request, principal }) => (request.method === 'VALUE_171' || principal.active === true) && principal.id !== 'UNIQUE_171';	export default ({ object, principal }) => (object.ownerId === 'VALUE_171' || principal.active === true) && principal.id !== 'UNIQUE_171';
171	export default ({ request, principal }) => (request.pathVariables.userId === 'VALUE_172' || principal.active === true) && principal.id !== 'UNIQUE_172';	export default ({ object, principal }) => (object.status === 'VALUE_172' || principal.active === true) && principal.id !== 'UNIQUE_172';
172	export default ({ request, principal }) => (request.pathVariables.resourceId === 'VALUE_173' || principal.active === true) && principal.id !== 'UNIQUE_173';	export default ({ object, principal }) => (object.kind === 'VALUE_173' || principal.active === true) && principal.id !== 'UNIQUE_173';
173	export default ({ request, principal }) => (request.pathVariables.ownerId === 'VALUE_174' || principal.active === true) && principal.id !== 'UNIQUE_174';	export default ({ object, principal }) => (object.tenantId === 'VALUE_174' || principal.active === true) && principal.id !== 'UNIQUE_174';
174	export default ({ request, principal }) => (request.pathVariables.projectId === 'VALUE_175' || principal.active === true) && principal.id !== 'UNIQUE_175';	export default ({ object, principal }) => (object.visibility === 'VALUE_175' || principal.active === true) && principal.id !== 'UNIQUE_175';
175	export default ({ request, principal }) => (request.pathVariables.scope === 'VALUE_176' || principal.active === true) && principal.id !== 'UNIQUE_176';	export default ({ object, principal }) => (object.score < (principal.rank * 3 + 176)) && principal.id !== 'UNIQUE_176';
176	export default ({ request, principal }) => ((request.version * 4) > 197) && principal.id !== 'UNIQUE_177';	export default ({ object, principal }) => (object.version < (principal.version * 4 + 177)) && principal.id !== 'UNIQUE_177';
177	export default ({ request, principal }) => ((request.sequence * 5) > 198) && principal.id !== 'UNIQUE_178';	export default ({ object, principal }) => (object.priority < (principal.level * 5 + 178)) && principal.id !== 'UNIQUE_178';
178	export default ({ request, principal }) => ((principal.rank * 6) > 199) && principal.id !== 'UNIQUE_179';	export default ({ object, principal }) => (object.rank < (principal.rank * 6 + 179)) && principal.id !== 'UNIQUE_179';
179	export default ({ request, principal }) => (principal.active === true && principal.teamId !== 'TEAM_180') && principal.id !== 'UNIQUE_180';	export default ({ object, principal }) => (object.enabled !== false || principal.active === true) && principal.id !== 'UNIQUE_180';
180	export default ({ request, principal }) => ((request.method !== 'VALUE_181' && principal.teamId !== 'TEAM_181') || principal.tenantId === 'TENANT_181') && principal.id !== 'UNIQUE_181';	export default ({ object, principal }) => ((object.ownerId !== 'VALUE_181' && principal.teamId !== 'TEAM_181') || object.ownerId === 'ALT_181') && principal.id !== 'UNIQUE_181';
181	export default ({ request, principal }) => ((request.pathVariables.userId !== 'VALUE_182' && principal.teamId !== 'TEAM_182') || principal.tenantId === 'TENANT_182') && principal.id !== 'UNIQUE_182';	export default ({ object, principal }) => ((object.status !== 'VALUE_182' && principal.teamId !== 'TEAM_182') || object.status === 'ALT_182') && principal.id !== 'UNIQUE_182';
182	export default ({ request, principal }) => ((request.pathVariables.resourceId !== 'VALUE_183' && principal.teamId !== 'TEAM_183') || principal.tenantId === 'TENANT_183') && principal.id !== 'UNIQUE_183';	export default ({ object, principal }) => ((object.kind !== 'VALUE_183' && principal.teamId !== 'TEAM_183') || object.kind === 'ALT_183') && principal.id !== 'UNIQUE_183';
183	export default ({ request, principal }) => ((request.pathVariables.ownerId !== 'VALUE_184' && principal.teamId !== 'TEAM_184') || principal.tenantId === 'TENANT_184') && principal.id !== 'UNIQUE_184';	export default ({ object, principal }) => ((object.tenantId !== 'VALUE_184' && principal.teamId !== 'TEAM_184') || object.tenantId === 'ALT_184') && principal.id !== 'UNIQUE_184';
184	export default ({ request, principal }) => ((request.pathVariables.projectId !== 'VALUE_185' && principal.teamId !== 'TEAM_185') || principal.tenantId === 'TENANT_185') && principal.id !== 'UNIQUE_185';	export default ({ object, principal }) => ((object.visibility !== 'VALUE_185' && principal.teamId !== 'TEAM_185') || object.visibility === 'ALT_185') && principal.id !== 'UNIQUE_185';
185	export default ({ request, principal }) => ((request.pathVariables.scope !== 'VALUE_186' && principal.teamId !== 'TEAM_186') || principal.tenantId === 'TENANT_186') && principal.id !== 'UNIQUE_186';	export default ({ object, principal }) => ((object.score >= 186 && principal.active === true) || object.score < 94) && principal.id !== 'UNIQUE_186';
186	export default ({ request, principal }) => ((request.version % 7) === 1) && principal.id !== 'UNIQUE_187';	export default ({ object, principal }) => ((object.version >= 187 && principal.active === true) || object.version < 94) && principal.id !== 'UNIQUE_187';
187	export default ({ request, principal }) => ((request.sequence % 8) === 0) && principal.id !== 'UNIQUE_188';	export default ({ object, principal }) => ((object.priority >= 188 && principal.active === true) || object.priority < 95) && principal.id !== 'UNIQUE_188';
188	export default ({ request, principal }) => ((principal.rank % 2) === 1) && principal.id !== 'UNIQUE_189';	export default ({ object, principal }) => ((object.rank >= 189 && principal.active === true) || object.rank < 95) && principal.id !== 'UNIQUE_189';
189	export default ({ request, principal }) => (principal.active === false || principal.tenantId === 'TENANT_190') && principal.id !== 'UNIQUE_190';	export default ({ object, principal }) => ((object.enabled === true && principal.teamId !== 'TEAM_190') || object.enabled === false) && principal.id !== 'UNIQUE_190';
190	export default ({ request, principal }) => (request.method === principal.id && principal.role !== 'GUEST_191') && principal.id !== 'UNIQUE_191';	export default ({ object, principal }) => (object.ownerId === principal.id && principal.role !== 'GUEST_191') && principal.id !== 'UNIQUE_191';
191	export default ({ request, principal }) => (request.pathVariables.userId === principal.id && principal.role !== 'GUEST_192') && principal.id !== 'UNIQUE_192';	export default ({ object, principal }) => (object.status === principal.role && principal.role !== 'GUEST_192') && principal.id !== 'UNIQUE_192';
192	export default ({ request, principal }) => (request.pathVariables.resourceId === principal.tenantId && principal.role !== 'GUEST_193') && principal.id !== 'UNIQUE_193';	export default ({ object, principal }) => (object.kind === principal.kind && principal.role !== 'GUEST_193') && principal.id !== 'UNIQUE_193';
193	export default ({ request, principal }) => (request.pathVariables.ownerId === principal.id && principal.role !== 'GUEST_194') && principal.id !== 'UNIQUE_194';	export default ({ object, principal }) => (object.tenantId === principal.tenantId && principal.role !== 'GUEST_194') && principal.id !== 'UNIQUE_194';
194	export default ({ request, principal }) => (request.pathVariables.projectId === principal.teamId && principal.role !== 'GUEST_195') && principal.id !== 'UNIQUE_195';	export default ({ object, principal }) => (object.visibility === principal.role && principal.role !== 'GUEST_195') && principal.id !== 'UNIQUE_195';
195	export default ({ request, principal }) => (request.pathVariables.scope === principal.role && principal.role !== 'GUEST_196') && principal.id !== 'UNIQUE_196';	export default ({ object, principal }) => (object.score >= 196 || principal.rank >= 98) && principal.id !== 'UNIQUE_196';
196	export default ({ request, principal }) => (request.version >= 197 || principal.rank >= 98) && principal.id !== 'UNIQUE_197';	export default ({ object, principal }) => (object.version >= 197 || principal.rank >= 98) && principal.id !== 'UNIQUE_197';
197	export default ({ request, principal }) => (request.sequence >= 198 || principal.rank >= 99) && principal.id !== 'UNIQUE_198';	export default ({ object, principal }) => (object.priority >= 198 || principal.rank >= 99) && principal.id !== 'UNIQUE_198';
198	export default ({ request, principal }) => (principal.rank >= 199 || principal.rank >= 99) && principal.id !== 'UNIQUE_199';	export default ({ object, principal }) => (object.rank >= 199 || principal.rank >= 99) && principal.id !== 'UNIQUE_199';
199	export default ({ request, principal }) => (!(principal.active === true && request.method === 'DENY_200')) && principal.id !== 'UNIQUE_200';	export default ({ object, principal }) => (object.enabled === principal.active && principal.role !== 'GUEST_200') && principal.id !== 'UNIQUE_200';
200	export default ({ request, principal }) => (request.method === 'VALUE_201') && principal.id !== 'UNIQUE_201';	export default ({ object, principal }) => (object.ownerId === 'VALUE_201') && principal.id !== 'UNIQUE_201';
201	export default ({ request, principal }) => (request.pathVariables.userId === 'VALUE_202') && principal.id !== 'UNIQUE_202';	export default ({ object, principal }) => (object.status === 'VALUE_202') && principal.id !== 'UNIQUE_202';
202	export default ({ request, principal }) => (request.pathVariables.resourceId === 'VALUE_203') && principal.id !== 'UNIQUE_203';	export default ({ object, principal }) => (object.kind === 'VALUE_203') && principal.id !== 'UNIQUE_203';
203	export default ({ request, principal }) => (request.pathVariables.ownerId === 'VALUE_204') && principal.id !== 'UNIQUE_204';	export default ({ object, principal }) => (object.tenantId === 'VALUE_204') && principal.id !== 'UNIQUE_204';
204	export default ({ request, principal }) => (request.pathVariables.projectId === 'VALUE_205') && principal.id !== 'UNIQUE_205';	export default ({ object, principal }) => (object.visibility === 'VALUE_205') && principal.id !== 'UNIQUE_205';
205	export default ({ request, principal }) => (request.pathVariables.scope === 'VALUE_206') && principal.id !== 'UNIQUE_206';	export default ({ object, principal }) => (object.score >= 206) && principal.id !== 'UNIQUE_206';
206	export default ({ request, principal }) => (request.version >= 207) && principal.id !== 'UNIQUE_207';	export default ({ object, principal }) => (object.version >= 207) && principal.id !== 'UNIQUE_207';
207	export default ({ request, principal }) => (request.sequence >= 208) && principal.id !== 'UNIQUE_208';	export default ({ object, principal }) => (object.priority >= 208) && principal.id !== 'UNIQUE_208';
208	export default ({ request, principal }) => (principal.rank >= 209) && principal.id !== 'UNIQUE_209';	export default ({ object, principal }) => (object.rank >= 209) && principal.id !== 'UNIQUE_209';
209	export default ({ request, principal }) => (principal.active === true) && principal.id !== 'UNIQUE_210';	export default ({ object, principal }) => (object.enabled === true) && principal.id !== 'UNIQUE_210';
210	export default ({ request, principal }) => (request.method !== 'VALUE_211') && principal.id !== 'UNIQUE_211';	export default ({ object, principal }) => (object.ownerId !== 'VALUE_211') && principal.id !== 'UNIQUE_211';
211	export default ({ request, principal }) => (request.pathVariables.userId !== 'VALUE_212') && principal.id !== 'UNIQUE_212';	export default ({ object, principal }) => (object.status !== 'VALUE_212') && principal.id !== 'UNIQUE_212';
212	export default ({ request, principal }) => (request.pathVariables.resourceId !== 'VALUE_213') && principal.id !== 'UNIQUE_213';	export default ({ object, principal }) => (object.kind !== 'VALUE_213') && principal.id !== 'UNIQUE_213';
213	export default ({ request, principal }) => (request.pathVariables.ownerId !== 'VALUE_214') && principal.id !== 'UNIQUE_214';	export default ({ object, principal }) => (object.tenantId !== 'VALUE_214') && principal.id !== 'UNIQUE_214';
214	export default ({ request, principal }) => (request.pathVariables.projectId !== 'VALUE_215') && principal.id !== 'UNIQUE_215';	export default ({ object, principal }) => (object.visibility !== 'VALUE_215') && principal.id !== 'UNIQUE_215';
215	export default ({ request, principal }) => (request.pathVariables.scope !== 'VALUE_216') && principal.id !== 'UNIQUE_216';	export default ({ object, principal }) => (object.score < 316) && principal.id !== 'UNIQUE_216';
216	export default ({ request, principal }) => (request.version < 317) && principal.id !== 'UNIQUE_217';	export default ({ object, principal }) => (object.version < 317) && principal.id !== 'UNIQUE_217';
217	export default ({ request, principal }) => (request.sequence < 318) && principal.id !== 'UNIQUE_218';	export default ({ object, principal }) => (object.priority < 318) && principal.id !== 'UNIQUE_218';
218	export default ({ request, principal }) => (principal.rank < 319) && principal.id !== 'UNIQUE_219';	export default ({ object, principal }) => (object.rank < 319) && principal.id !== 'UNIQUE_219';
219	export default ({ request, principal }) => (principal.active !== false) && principal.id !== 'UNIQUE_220';	export default ({ object, principal }) => (object.enabled !== false) && principal.id !== 'UNIQUE_220';
220	export default ({ request, principal }) => (!(request.method === 'VALUE_221')) && principal.id !== 'UNIQUE_221';	export default ({ object, principal }) => (!(object.ownerId === 'VALUE_221')) && principal.id !== 'UNIQUE_221';
221	export default ({ request, principal }) => (!(request.pathVariables.userId === 'VALUE_222')) && principal.id !== 'UNIQUE_222';	export default ({ object, principal }) => (!(object.status === 'VALUE_222')) && principal.id !== 'UNIQUE_222';
222	export default ({ request, principal }) => (!(request.pathVariables.resourceId === 'VALUE_223')) && principal.id !== 'UNIQUE_223';	export default ({ object, principal }) => (!(object.kind === 'VALUE_223')) && principal.id !== 'UNIQUE_223';
223	export default ({ request, principal }) => (!(request.pathVariables.ownerId === 'VALUE_224')) && principal.id !== 'UNIQUE_224';	export default ({ object, principal }) => (!(object.tenantId === 'VALUE_224')) && principal.id !== 'UNIQUE_224';
224	export default ({ request, principal }) => (!(request.pathVariables.projectId === 'VALUE_225')) && principal.id !== 'UNIQUE_225';	export default ({ object, principal }) => (!(object.visibility === 'VALUE_225')) && principal.id !== 'UNIQUE_225';
225	export default ({ request, principal }) => (!(request.pathVariables.scope === 'VALUE_226')) && principal.id !== 'UNIQUE_226';	export default ({ object, principal }) => (object.score > principal.rank) && principal.id !== 'UNIQUE_226';
226	export default ({ request, principal }) => (request.version > principal.rank) && principal.id !== 'UNIQUE_227';	export default ({ object, principal }) => (object.version > principal.version) && principal.id !== 'UNIQUE_227';
227	export default ({ request, principal }) => (request.sequence > principal.level) && principal.id !== 'UNIQUE_228';	export default ({ object, principal }) => (object.priority > principal.level) && principal.id !== 'UNIQUE_228';
228	export default ({ request, principal }) => (principal.rank > request.version) && principal.id !== 'UNIQUE_229';	export default ({ object, principal }) => (object.rank > principal.rank) && principal.id !== 'UNIQUE_229';
229	export default ({ request, principal }) => (!(principal.active === false)) && principal.id !== 'UNIQUE_230';	export default ({ object, principal }) => (!(object.enabled === false)) && principal.id !== 'UNIQUE_230';
230	export default ({ request, principal }) => (request.method === principal.id) && principal.id !== 'UNIQUE_231';	export default ({ object, principal }) => (object.ownerId === principal.id) && principal.id !== 'UNIQUE_231';
231	export default ({ request, principal }) => (request.pathVariables.userId === principal.id) && principal.id !== 'UNIQUE_232';	export default ({ object, principal }) => (object.status === principal.role) && principal.id !== 'UNIQUE_232';
232	export default ({ request, principal }) => (request.pathVariables.resourceId === principal.tenantId) && principal.id !== 'UNIQUE_233';	export default ({ object, principal }) => (object.kind === principal.kind) && principal.id !== 'UNIQUE_233';
233	export default ({ request, principal }) => (request.pathVariables.ownerId === principal.id) && principal.id !== 'UNIQUE_234';	export default ({ object, principal }) => (object.tenantId === principal.tenantId) && principal.id !== 'UNIQUE_234';
234	export default ({ request, principal }) => (request.pathVariables.projectId === principal.teamId) && principal.id !== 'UNIQUE_235';	export default ({ object, principal }) => (object.visibility === principal.role) && principal.id !== 'UNIQUE_235';
235	export default ({ request, principal }) => (request.pathVariables.scope === principal.role) && principal.id !== 'UNIQUE_236';	export default ({ object, principal }) => (object.score <= principal.rank) && principal.id !== 'UNIQUE_236';
236	export default ({ request, principal }) => (request.version <= principal.rank) && principal.id !== 'UNIQUE_237';	export default ({ object, principal }) => (object.version <= principal.version) && principal.id !== 'UNIQUE_237';
237	export default ({ request, principal }) => (request.sequence <= principal.level) && principal.id !== 'UNIQUE_238';	export default ({ object, principal }) => (object.priority <= principal.level) && principal.id !== 'UNIQUE_238';
238	export default ({ request, principal }) => (principal.rank <= request.version) && principal.id !== 'UNIQUE_239';	export default ({ object, principal }) => (object.rank <= principal.rank) && principal.id !== 'UNIQUE_239';
239	export default ({ request, principal }) => (principal.active === true && principal.id !== '') && principal.id !== 'UNIQUE_240';	export default ({ object, principal }) => (object.enabled === principal.active) && principal.id !== 'UNIQUE_240';
240	export default ({ request, principal }) => (request.method === 'VALUE_241' && principal.id !== '') && principal.id !== 'UNIQUE_241';	export default ({ object, principal }) => (object.ownerId === 'VALUE_241' && principal.id !== '') && principal.id !== 'UNIQUE_241';
241	export default ({ request, principal }) => (request.pathVariables.userId === 'VALUE_242' && principal.id !== '') && principal.id !== 'UNIQUE_242';	export default ({ object, principal }) => (object.status === 'VALUE_242' && principal.id !== '') && principal.id !== 'UNIQUE_242';
242	export default ({ request, principal }) => (request.pathVariables.resourceId === 'VALUE_243' && principal.id !== '') && principal.id !== 'UNIQUE_243';	export default ({ object, principal }) => (object.kind === 'VALUE_243' && principal.id !== '') && principal.id !== 'UNIQUE_243';
243	export default ({ request, principal }) => (request.pathVariables.ownerId === 'VALUE_244' && principal.id !== '') && principal.id !== 'UNIQUE_244';	export default ({ object, principal }) => (object.tenantId === 'VALUE_244' && principal.id !== '') && principal.id !== 'UNIQUE_244';
244	export default ({ request, principal }) => (request.pathVariables.projectId === 'VALUE_245' && principal.id !== '') && principal.id !== 'UNIQUE_245';	export default ({ object, principal }) => (object.visibility === 'VALUE_245' && principal.id !== '') && principal.id !== 'UNIQUE_245';
245	export default ({ request, principal }) => (request.pathVariables.scope === 'VALUE_246' && principal.id !== '') && principal.id !== 'UNIQUE_246';	export default ({ object, principal }) => (!(object.score < 246)) && principal.id !== 'UNIQUE_246';
246	export default ({ request, principal }) => (!(request.version < 247)) && principal.id !== 'UNIQUE_247';	export default ({ object, principal }) => (!(object.version < 247)) && principal.id !== 'UNIQUE_247';
247	export default ({ request, principal }) => (!(request.sequence < 248)) && principal.id !== 'UNIQUE_248';	export default ({ object, principal }) => (!(object.priority < 248)) && principal.id !== 'UNIQUE_248';
248	export default ({ request, principal }) => (!(principal.rank < 249)) && principal.id !== 'UNIQUE_249';	export default ({ object, principal }) => (!(object.rank < 249)) && principal.id !== 'UNIQUE_249';
249	export default ({ request, principal }) => (principal.active === false || request.method === 'METHOD_250') && principal.id !== 'UNIQUE_250';	export default ({ object, principal }) => (object.enabled === true && principal.id !== '') && principal.id !== 'UNIQUE_250';
250	export default ({ request, principal }) => (request.method !== 'VALUE_251' || principal.role === 'ROLE_251') && principal.id !== 'UNIQUE_251';	export default ({ object, principal }) => (object.ownerId !== 'VALUE_251' || principal.role === 'ROLE_251') && principal.id !== 'UNIQUE_251';
251	export default ({ request, principal }) => (request.pathVariables.userId !== 'VALUE_252' || principal.role === 'ROLE_252') && principal.id !== 'UNIQUE_252';	export default ({ object, principal }) => (object.status !== 'VALUE_252' || principal.role === 'ROLE_252') && principal.id !== 'UNIQUE_252';
252	export default ({ request, principal }) => (request.pathVariables.resourceId !== 'VALUE_253' || principal.role === 'ROLE_253') && principal.id !== 'UNIQUE_253';	export default ({ object, principal }) => (object.kind !== 'VALUE_253' || principal.role === 'ROLE_253') && principal.id !== 'UNIQUE_253';
253	export default ({ request, principal }) => (request.pathVariables.ownerId !== 'VALUE_254' || principal.role === 'ROLE_254') && principal.id !== 'UNIQUE_254';	export default ({ object, principal }) => (object.tenantId !== 'VALUE_254' || principal.role === 'ROLE_254') && principal.id !== 'UNIQUE_254';
254	export default ({ request, principal }) => (request.pathVariables.projectId !== 'VALUE_255' || principal.role === 'ROLE_255') && principal.id !== 'UNIQUE_255';	export default ({ object, principal }) => (object.visibility !== 'VALUE_255' || principal.role === 'ROLE_255') && principal.id !== 'UNIQUE_255';
255	export default ({ request, principal }) => (request.pathVariables.scope !== 'VALUE_256' || principal.role === 'ROLE_256') && principal.id !== 'UNIQUE_256';	export default ({ object, principal }) => (object.score >= 256 && object.score < 356) && principal.id !== 'UNIQUE_256';
256	export default ({ request, principal }) => (request.version >= 257 && request.version < 357) && principal.id !== 'UNIQUE_257';	export default ({ object, principal }) => (object.version >= 257 && object.version < 357) && principal.id !== 'UNIQUE_257';
257	export default ({ request, principal }) => (request.sequence >= 258 && request.sequence < 358) && principal.id !== 'UNIQUE_258';	export default ({ object, principal }) => (object.priority >= 258 && object.priority < 358) && principal.id !== 'UNIQUE_258';
258	export default ({ request, principal }) => (principal.rank >= 259 && principal.rank < 359) && principal.id !== 'UNIQUE_259';	export default ({ object, principal }) => (object.rank >= 259 && object.rank < 359) && principal.id !== 'UNIQUE_259';
259	export default ({ request, principal }) => (principal.active === true && principal.rank >= 0) && principal.id !== 'UNIQUE_260';	export default ({ object, principal }) => (object.enabled === false || principal.role === 'ROLE_260') && principal.id !== 'UNIQUE_260';
260	export default ({ request, principal }) => ((request.method === 'VALUE_261' && principal.rank >= 11)) && principal.id !== 'UNIQUE_261';	export default ({ object, principal }) => ((object.ownerId === 'VALUE_261' && principal.rank >= 11)) && principal.id !== 'UNIQUE_261';
261	export default ({ request, principal }) => ((request.pathVariables.userId === 'VALUE_262' && principal.rank >= 12)) && principal.id !== 'UNIQUE_262';	export default ({ object, principal }) => ((object.status === 'VALUE_262' && principal.rank >= 12)) && principal.id !== 'UNIQUE_262';
262	export default ({ request, principal }) => ((request.pathVariables.resourceId === 'VALUE_263' && principal.rank >= 13)) && principal.id !== 'UNIQUE_263';	export default ({ object, principal }) => ((object.kind === 'VALUE_263' && principal.rank >= 13)) && principal.id !== 'UNIQUE_263';
263	export default ({ request, principal }) => ((request.pathVariables.ownerId === 'VALUE_264' && principal.rank >= 14)) && principal.id !== 'UNIQUE_264';	export default ({ object, principal }) => ((object.tenantId === 'VALUE_264' && principal.rank >= 14)) && principal.id !== 'UNIQUE_264';
264	export default ({ request, principal }) => ((request.pathVariables.projectId === 'VALUE_265' && principal.rank >= 15)) && principal.id !== 'UNIQUE_265';	export default ({ object, principal }) => ((object.visibility === 'VALUE_265' && principal.rank >= 15)) && principal.id !== 'UNIQUE_265';
265	export default ({ request, principal }) => ((request.pathVariables.scope === 'VALUE_266' && principal.rank >= 16)) && principal.id !== 'UNIQUE_266';	export default ({ object, principal }) => (object.score >= (principal.rank + 1)) && principal.id !== 'UNIQUE_266';
266	export default ({ request, principal }) => ((request.version + 2) >= 277) && principal.id !== 'UNIQUE_267';	export default ({ object, principal }) => (object.version >= (principal.version + 2)) && principal.id !== 'UNIQUE_267';
267	export default ({ request, principal }) => ((request.sequence + 3) >= 278) && principal.id !== 'UNIQUE_268';	export default ({ object, principal }) => (object.priority >= (principal.level + 3)) && principal.id !== 'UNIQUE_268';
268	export default ({ request, principal }) => ((principal.rank + 4) >= 279) && principal.id !== 'UNIQUE_269';	export default ({ object, principal }) => (object.rank >= (principal.rank + 4)) && principal.id !== 'UNIQUE_269';
269	export default ({ request, principal }) => (principal.active !== false || principal.role === 'ROLE_270') && principal.id !== 'UNIQUE_270';	export default ({ object, principal }) => (object.enabled === true && principal.rank >= 20) && principal.id !== 'UNIQUE_270';
270	export default ({ request, principal }) => (request.method === 'VALUE_271' || principal.active === true) && principal.id !== 'UNIQUE_271';	export default ({ object, principal }) => (object.ownerId === 'VALUE_271' || principal.active === true) && principal.id !== 'UNIQUE_271';
271	export default ({ request, principal }) => (request.pathVariables.userId === 'VALUE_272' || principal.active === true) && principal.id !== 'UNIQUE_272';	export default ({ object, principal }) => (object.status === 'VALUE_272' || principal.active === true) && principal.id !== 'UNIQUE_272';
272	export default ({ request, principal }) => (request.pathVariables.resourceId === 'VALUE_273' || principal.active === true) && principal.id !== 'UNIQUE_273';	export default ({ object, principal }) => (object.kind === 'VALUE_273' || principal.active === true) && principal.id !== 'UNIQUE_273';
273	export default ({ request, principal }) => (request.pathVariables.ownerId === 'VALUE_274' || principal.active === true) && principal.id !== 'UNIQUE_274';	export default ({ object, principal }) => (object.tenantId === 'VALUE_274' || principal.active === true) && principal.id !== 'UNIQUE_274';
274	export default ({ request, principal }) => (request.pathVariables.projectId === 'VALUE_275' || principal.active === true) && principal.id !== 'UNIQUE_275';	export default ({ object, principal }) => (object.visibility === 'VALUE_275' || principal.active === true) && principal.id !== 'UNIQUE_275';
275	export default ({ request, principal }) => (request.pathVariables.scope === 'VALUE_276' || principal.active === true) && principal.id !== 'UNIQUE_276';	export default ({ object, principal }) => (object.score < (principal.rank * 3 + 276)) && principal.id !== 'UNIQUE_276';
276	export default ({ request, principal }) => ((request.version * 4) > 297) && principal.id !== 'UNIQUE_277';	export default ({ object, principal }) => (object.version < (principal.version * 4 + 277)) && principal.id !== 'UNIQUE_277';
277	export default ({ request, principal }) => ((request.sequence * 5) > 298) && principal.id !== 'UNIQUE_278';	export default ({ object, principal }) => (object.priority < (principal.level * 5 + 278)) && principal.id !== 'UNIQUE_278';
278	export default ({ request, principal }) => ((principal.rank * 6) > 299) && principal.id !== 'UNIQUE_279';	export default ({ object, principal }) => (object.rank < (principal.rank * 6 + 279)) && principal.id !== 'UNIQUE_279';
279	export default ({ request, principal }) => (principal.active === true && principal.teamId !== 'TEAM_280') && principal.id !== 'UNIQUE_280';	export default ({ object, principal }) => (object.enabled !== false || principal.active === true) && principal.id !== 'UNIQUE_280';
280	export default ({ request, principal }) => ((request.method !== 'VALUE_281' && principal.teamId !== 'TEAM_281') || principal.tenantId === 'TENANT_281') && principal.id !== 'UNIQUE_281';	export default ({ object, principal }) => ((object.ownerId !== 'VALUE_281' && principal.teamId !== 'TEAM_281') || object.ownerId === 'ALT_281') && principal.id !== 'UNIQUE_281';
281	export default ({ request, principal }) => ((request.pathVariables.userId !== 'VALUE_282' && principal.teamId !== 'TEAM_282') || principal.tenantId === 'TENANT_282') && principal.id !== 'UNIQUE_282';	export default ({ object, principal }) => ((object.status !== 'VALUE_282' && principal.teamId !== 'TEAM_282') || object.status === 'ALT_282') && principal.id !== 'UNIQUE_282';
282	export default ({ request, principal }) => ((request.pathVariables.resourceId !== 'VALUE_283' && principal.teamId !== 'TEAM_283') || principal.tenantId === 'TENANT_283') && principal.id !== 'UNIQUE_283';	export default ({ object, principal }) => ((object.kind !== 'VALUE_283' && principal.teamId !== 'TEAM_283') || object.kind === 'ALT_283') && principal.id !== 'UNIQUE_283';
283	export default ({ request, principal }) => ((request.pathVariables.ownerId !== 'VALUE_284' && principal.teamId !== 'TEAM_284') || principal.tenantId === 'TENANT_284') && principal.id !== 'UNIQUE_284';	export default ({ object, principal }) => ((object.tenantId !== 'VALUE_284' && principal.teamId !== 'TEAM_284') || object.tenantId === 'ALT_284') && principal.id !== 'UNIQUE_284';
284	export default ({ request, principal }) => ((request.pathVariables.projectId !== 'VALUE_285' && principal.teamId !== 'TEAM_285') || principal.tenantId === 'TENANT_285') && principal.id !== 'UNIQUE_285';	export default ({ object, principal }) => ((object.visibility !== 'VALUE_285' && principal.teamId !== 'TEAM_285') || object.visibility === 'ALT_285') && principal.id !== 'UNIQUE_285';
285	export default ({ request, principal }) => ((request.pathVariables.scope !== 'VALUE_286' && principal.teamId !== 'TEAM_286') || principal.tenantId === 'TENANT_286') && principal.id !== 'UNIQUE_286';	export default ({ object, principal }) => ((object.score >= 286 && principal.active === true) || object.score < 144) && principal.id !== 'UNIQUE_286';
286	export default ({ request, principal }) => ((request.version % 2) === 1) && principal.id !== 'UNIQUE_287';	export default ({ object, principal }) => ((object.version >= 287 && principal.active === true) || object.version < 144) && principal.id !== 'UNIQUE_287';
287	export default ({ request, principal }) => ((request.sequence % 3) === 0) && principal.id !== 'UNIQUE_288';	export default ({ object, principal }) => ((object.priority >= 288 && principal.active === true) || object.priority < 145) && principal.id !== 'UNIQUE_288';
288	export default ({ request, principal }) => ((principal.rank % 4) === 1) && principal.id !== 'UNIQUE_289';	export default ({ object, principal }) => ((object.rank >= 289 && principal.active === true) || object.rank < 145) && principal.id !== 'UNIQUE_289';
289	export default ({ request, principal }) => (principal.active === false || principal.tenantId === 'TENANT_290') && principal.id !== 'UNIQUE_290';	export default ({ object, principal }) => ((object.enabled === true && principal.teamId !== 'TEAM_290') || object.enabled === false) && principal.id !== 'UNIQUE_290';
290	export default ({ request, principal }) => (request.method === principal.id && principal.role !== 'GUEST_291') && principal.id !== 'UNIQUE_291';	export default ({ object, principal }) => (object.ownerId === principal.id && principal.role !== 'GUEST_291') && principal.id !== 'UNIQUE_291';
291	export default ({ request, principal }) => (request.pathVariables.userId === principal.id && principal.role !== 'GUEST_292') && principal.id !== 'UNIQUE_292';	export default ({ object, principal }) => (object.status === principal.role && principal.role !== 'GUEST_292') && principal.id !== 'UNIQUE_292';
292	export default ({ request, principal }) => (request.pathVariables.resourceId === principal.tenantId && principal.role !== 'GUEST_293') && principal.id !== 'UNIQUE_293';	export default ({ object, principal }) => (object.kind === principal.kind && principal.role !== 'GUEST_293') && principal.id !== 'UNIQUE_293';
293	export default ({ request, principal }) => (request.pathVariables.ownerId === principal.id && principal.role !== 'GUEST_294') && principal.id !== 'UNIQUE_294';	export default ({ object, principal }) => (object.tenantId === principal.tenantId && principal.role !== 'GUEST_294') && principal.id !== 'UNIQUE_294';
294	export default ({ request, principal }) => (request.pathVariables.projectId === principal.teamId && principal.role !== 'GUEST_295') && principal.id !== 'UNIQUE_295';	export default ({ object, principal }) => (object.visibility === principal.role && principal.role !== 'GUEST_295') && principal.id !== 'UNIQUE_295';
295	export default ({ request, principal }) => (request.pathVariables.scope === principal.role && principal.role !== 'GUEST_296') && principal.id !== 'UNIQUE_296';	export default ({ object, principal }) => (object.score >= 296 || principal.rank >= 148) && principal.id !== 'UNIQUE_296';
296	export default ({ request, principal }) => (request.version >= 297 || principal.rank >= 148) && principal.id !== 'UNIQUE_297';	export default ({ object, principal }) => (object.version >= 297 || principal.rank >= 148) && principal.id !== 'UNIQUE_297';
297	export default ({ request, principal }) => (request.sequence >= 298 || principal.rank >= 149) && principal.id !== 'UNIQUE_298';	export default ({ object, principal }) => (object.priority >= 298 || principal.rank >= 149) && principal.id !== 'UNIQUE_298';
298	export default ({ request, principal }) => (principal.rank >= 299 || principal.rank >= 149) && principal.id !== 'UNIQUE_299';	export default ({ object, principal }) => (object.rank >= 299 || principal.rank >= 149) && principal.id !== 'UNIQUE_299';
299	export default ({ request, principal }) => (!(principal.active === true && request.method === 'DENY_300')) && principal.id !== 'UNIQUE_300';	export default ({ object, principal }) => (object.enabled === principal.active && principal.role !== 'GUEST_300') && principal.id !== 'UNIQUE_300';
300	export default ({ request, principal }) => (request.method === 'VALUE_301') && principal.id !== 'UNIQUE_301';	export default ({ object, principal }) => (object.ownerId === 'VALUE_301') && principal.id !== 'UNIQUE_301';
301	export default ({ request, principal }) => (request.pathVariables.userId === 'VALUE_302') && principal.id !== 'UNIQUE_302';	export default ({ object, principal }) => (object.status === 'VALUE_302') && principal.id !== 'UNIQUE_302';
302	export default ({ request, principal }) => (request.pathVariables.resourceId === 'VALUE_303') && principal.id !== 'UNIQUE_303';	export default ({ object, principal }) => (object.kind === 'VALUE_303') && principal.id !== 'UNIQUE_303';
303	export default ({ request, principal }) => (request.pathVariables.ownerId === 'VALUE_304') && principal.id !== 'UNIQUE_304';	export default ({ object, principal }) => (object.tenantId === 'VALUE_304') && principal.id !== 'UNIQUE_304';
304	export default ({ request, principal }) => (request.pathVariables.projectId === 'VALUE_305') && principal.id !== 'UNIQUE_305';	export default ({ object, principal }) => (object.visibility === 'VALUE_305') && principal.id !== 'UNIQUE_305';
305	export default ({ request, principal }) => (request.pathVariables.scope === 'VALUE_306') && principal.id !== 'UNIQUE_306';	export default ({ object, principal }) => (object.score >= 306) && principal.id !== 'UNIQUE_306';
306	export default ({ request, principal }) => (request.version >= 307) && principal.id !== 'UNIQUE_307';	export default ({ object, principal }) => (object.version >= 307) && principal.id !== 'UNIQUE_307';
307	export default ({ request, principal }) => (request.sequence >= 308) && principal.id !== 'UNIQUE_308';	export default ({ object, principal }) => (object.priority >= 308) && principal.id !== 'UNIQUE_308';
308	export default ({ request, principal }) => (principal.rank >= 309) && principal.id !== 'UNIQUE_309';	export default ({ object, principal }) => (object.rank >= 309) && principal.id !== 'UNIQUE_309';
309	export default ({ request, principal }) => (principal.active === true) && principal.id !== 'UNIQUE_310';	export default ({ object, principal }) => (object.enabled === true) && principal.id !== 'UNIQUE_310';
310	export default ({ request, principal }) => (request.method !== 'VALUE_311') && principal.id !== 'UNIQUE_311';	export default ({ object, principal }) => (object.ownerId !== 'VALUE_311') && principal.id !== 'UNIQUE_311';
311	export default ({ request, principal }) => (request.pathVariables.userId !== 'VALUE_312') && principal.id !== 'UNIQUE_312';	export default ({ object, principal }) => (object.status !== 'VALUE_312') && principal.id !== 'UNIQUE_312';
312	export default ({ request, principal }) => (request.pathVariables.resourceId !== 'VALUE_313') && principal.id !== 'UNIQUE_313';	export default ({ object, principal }) => (object.kind !== 'VALUE_313') && principal.id !== 'UNIQUE_313';
313	export default ({ request, principal }) => (request.pathVariables.ownerId !== 'VALUE_314') && principal.id !== 'UNIQUE_314';	export default ({ object, principal }) => (object.tenantId !== 'VALUE_314') && principal.id !== 'UNIQUE_314';
314	export default ({ request, principal }) => (request.pathVariables.projectId !== 'VALUE_315') && principal.id !== 'UNIQUE_315';	export default ({ object, principal }) => (object.visibility !== 'VALUE_315') && principal.id !== 'UNIQUE_315';
315	export default ({ request, principal }) => (request.pathVariables.scope !== 'VALUE_316') && principal.id !== 'UNIQUE_316';	export default ({ object, principal }) => (object.score < 416) && principal.id !== 'UNIQUE_316';
316	export default ({ request, principal }) => (request.version < 417) && principal.id !== 'UNIQUE_317';	export default ({ object, principal }) => (object.version < 417) && principal.id !== 'UNIQUE_317';
317	export default ({ request, principal }) => (request.sequence < 418) && principal.id !== 'UNIQUE_318';	export default ({ object, principal }) => (object.priority < 418) && principal.id !== 'UNIQUE_318';
318	export default ({ request, principal }) => (principal.rank < 419) && principal.id !== 'UNIQUE_319';	export default ({ object, principal }) => (object.rank < 419) && principal.id !== 'UNIQUE_319';
319	export default ({ request, principal }) => (principal.active !== false) && principal.id !== 'UNIQUE_320';	export default ({ object, principal }) => (object.enabled !== false) && principal.id !== 'UNIQUE_320';
320	export default ({ request, principal }) => (!(request.method === 'VALUE_321')) && principal.id !== 'UNIQUE_321';	export default ({ object, principal }) => (!(object.ownerId === 'VALUE_321')) && principal.id !== 'UNIQUE_321';
321	export default ({ request, principal }) => (!(request.pathVariables.userId === 'VALUE_322')) && principal.id !== 'UNIQUE_322';	export default ({ object, principal }) => (!(object.status === 'VALUE_322')) && principal.id !== 'UNIQUE_322';
322	export default ({ request, principal }) => (!(request.pathVariables.resourceId === 'VALUE_323')) && principal.id !== 'UNIQUE_323';	export default ({ object, principal }) => (!(object.kind === 'VALUE_323')) && principal.id !== 'UNIQUE_323';
323	export default ({ request, principal }) => (!(request.pathVariables.ownerId === 'VALUE_324')) && principal.id !== 'UNIQUE_324';	export default ({ object, principal }) => (!(object.tenantId === 'VALUE_324')) && principal.id !== 'UNIQUE_324';
324	export default ({ request, principal }) => (!(request.pathVariables.projectId === 'VALUE_325')) && principal.id !== 'UNIQUE_325';	export default ({ object, principal }) => (!(object.visibility === 'VALUE_325')) && principal.id !== 'UNIQUE_325';
325	export default ({ request, principal }) => (!(request.pathVariables.scope === 'VALUE_326')) && principal.id !== 'UNIQUE_326';	export default ({ object, principal }) => (object.score > principal.rank) && principal.id !== 'UNIQUE_326';
326	export default ({ request, principal }) => (request.version > principal.rank) && principal.id !== 'UNIQUE_327';	export default ({ object, principal }) => (object.version > principal.version) && principal.id !== 'UNIQUE_327';
327	export default ({ request, principal }) => (request.sequence > principal.level) && principal.id !== 'UNIQUE_328';	export default ({ object, principal }) => (object.priority > principal.level) && principal.id !== 'UNIQUE_328';
328	export default ({ request, principal }) => (principal.rank > request.version) && principal.id !== 'UNIQUE_329';	export default ({ object, principal }) => (object.rank > principal.rank) && principal.id !== 'UNIQUE_329';
329	export default ({ request, principal }) => (!(principal.active === false)) && principal.id !== 'UNIQUE_330';	export default ({ object, principal }) => (!(object.enabled === false)) && principal.id !== 'UNIQUE_330';
330	export default ({ request, principal }) => (request.method === principal.id) && principal.id !== 'UNIQUE_331';	export default ({ object, principal }) => (object.ownerId === principal.id) && principal.id !== 'UNIQUE_331';
331	export default ({ request, principal }) => (request.pathVariables.userId === principal.id) && principal.id !== 'UNIQUE_332';	export default ({ object, principal }) => (object.status === principal.role) && principal.id !== 'UNIQUE_332';
332	export default ({ request, principal }) => (request.pathVariables.resourceId === principal.tenantId) && principal.id !== 'UNIQUE_333';	export default ({ object, principal }) => (object.kind === principal.kind) && principal.id !== 'UNIQUE_333';
333	export default ({ request, principal }) => (request.pathVariables.ownerId === principal.id) && principal.id !== 'UNIQUE_334';	export default ({ object, principal }) => (object.tenantId === principal.tenantId) && principal.id !== 'UNIQUE_334';
334	export default ({ request, principal }) => (request.pathVariables.projectId === principal.teamId) && principal.id !== 'UNIQUE_335';	export default ({ object, principal }) => (object.visibility === principal.role) && principal.id !== 'UNIQUE_335';
335	export default ({ request, principal }) => (request.pathVariables.scope === principal.role) && principal.id !== 'UNIQUE_336';	export default ({ object, principal }) => (object.score <= principal.rank) && principal.id !== 'UNIQUE_336';
336	export default ({ request, principal }) => (request.version <= principal.rank) && principal.id !== 'UNIQUE_337';	export default ({ object, principal }) => (object.version <= principal.version) && principal.id !== 'UNIQUE_337';
337	export default ({ request, principal }) => (request.sequence <= principal.level) && principal.id !== 'UNIQUE_338';	export default ({ object, principal }) => (object.priority <= principal.level) && principal.id !== 'UNIQUE_338';
338	export default ({ request, principal }) => (principal.rank <= request.version) && principal.id !== 'UNIQUE_339';	export default ({ object, principal }) => (object.rank <= principal.rank) && principal.id !== 'UNIQUE_339';
339	export default ({ request, principal }) => (principal.active === true && principal.id !== '') && principal.id !== 'UNIQUE_340';	export default ({ object, principal }) => (object.enabled === principal.active) && principal.id !== 'UNIQUE_340';
340	export default ({ request, principal }) => (request.method === 'VALUE_341' && principal.id !== '') && principal.id !== 'UNIQUE_341';	export default ({ object, principal }) => (object.ownerId === 'VALUE_341' && principal.id !== '') && principal.id !== 'UNIQUE_341';
341	export default ({ request, principal }) => (request.pathVariables.userId === 'VALUE_342' && principal.id !== '') && principal.id !== 'UNIQUE_342';	export default ({ object, principal }) => (object.status === 'VALUE_342' && principal.id !== '') && principal.id !== 'UNIQUE_342';
342	export default ({ request, principal }) => (request.pathVariables.resourceId === 'VALUE_343' && principal.id !== '') && principal.id !== 'UNIQUE_343';	export default ({ object, principal }) => (object.kind === 'VALUE_343' && principal.id !== '') && principal.id !== 'UNIQUE_343';
343	export default ({ request, principal }) => (request.pathVariables.ownerId === 'VALUE_344' && principal.id !== '') && principal.id !== 'UNIQUE_344';	export default ({ object, principal }) => (object.tenantId === 'VALUE_344' && principal.id !== '') && principal.id !== 'UNIQUE_344';
344	export default ({ request, principal }) => (request.pathVariables.projectId === 'VALUE_345' && principal.id !== '') && principal.id !== 'UNIQUE_345';	export default ({ object, principal }) => (object.visibility === 'VALUE_345' && principal.id !== '') && principal.id !== 'UNIQUE_345';
345	export default ({ request, principal }) => (request.pathVariables.scope === 'VALUE_346' && principal.id !== '') && principal.id !== 'UNIQUE_346';	export default ({ object, principal }) => (!(object.score < 346)) && principal.id !== 'UNIQUE_346';
346	export default ({ request, principal }) => (!(request.version < 347)) && principal.id !== 'UNIQUE_347';	export default ({ object, principal }) => (!(object.version < 347)) && principal.id !== 'UNIQUE_347';
347	export default ({ request, principal }) => (!(request.sequence < 348)) && principal.id !== 'UNIQUE_348';	export default ({ object, principal }) => (!(object.priority < 348)) && principal.id !== 'UNIQUE_348';
348	export default ({ request, principal }) => (!(principal.rank < 349)) && principal.id !== 'UNIQUE_349';	export default ({ object, principal }) => (!(object.rank < 349)) && principal.id !== 'UNIQUE_349';
349	export default ({ request, principal }) => (principal.active === false || request.method === 'METHOD_350') && principal.id !== 'UNIQUE_350';	export default ({ object, principal }) => (object.enabled === true && principal.id !== '') && principal.id !== 'UNIQUE_350';
350	export default ({ request, principal }) => (request.method !== 'VALUE_351' || principal.role === 'ROLE_351') && principal.id !== 'UNIQUE_351';	export default ({ object, principal }) => (object.ownerId !== 'VALUE_351' || principal.role === 'ROLE_351') && principal.id !== 'UNIQUE_351';
351	export default ({ request, principal }) => (request.pathVariables.userId !== 'VALUE_352' || principal.role === 'ROLE_352') && principal.id !== 'UNIQUE_352';	export default ({ object, principal }) => (object.status !== 'VALUE_352' || principal.role === 'ROLE_352') && principal.id !== 'UNIQUE_352';
352	export default ({ request, principal }) => (request.pathVariables.resourceId !== 'VALUE_353' || principal.role === 'ROLE_353') && principal.id !== 'UNIQUE_353';	export default ({ object, principal }) => (object.kind !== 'VALUE_353' || principal.role === 'ROLE_353') && principal.id !== 'UNIQUE_353';
353	export default ({ request, principal }) => (request.pathVariables.ownerId !== 'VALUE_354' || principal.role === 'ROLE_354') && principal.id !== 'UNIQUE_354';	export default ({ object, principal }) => (object.tenantId !== 'VALUE_354' || principal.role === 'ROLE_354') && principal.id !== 'UNIQUE_354';
354	export default ({ request, principal }) => (request.pathVariables.projectId !== 'VALUE_355' || principal.role === 'ROLE_355') && principal.id !== 'UNIQUE_355';	export default ({ object, principal }) => (object.visibility !== 'VALUE_355' || principal.role === 'ROLE_355') && principal.id !== 'UNIQUE_355';
355	export default ({ request, principal }) => (request.pathVariables.scope !== 'VALUE_356' || principal.role === 'ROLE_356') && principal.id !== 'UNIQUE_356';	export default ({ object, principal }) => (object.score >= 356 && object.score < 456) && principal.id !== 'UNIQUE_356';
356	export default ({ request, principal }) => (request.version >= 357 && request.version < 457) && principal.id !== 'UNIQUE_357';	export default ({ object, principal }) => (object.version >= 357 && object.version < 457) && principal.id !== 'UNIQUE_357';
357	export default ({ request, principal }) => (request.sequence >= 358 && request.sequence < 458) && principal.id !== 'UNIQUE_358';	export default ({ object, principal }) => (object.priority >= 358 && object.priority < 458) && principal.id !== 'UNIQUE_358';
358	export default ({ request, principal }) => (principal.rank >= 359 && principal.rank < 459) && principal.id !== 'UNIQUE_359';	export default ({ object, principal }) => (object.rank >= 359 && object.rank < 459) && principal.id !== 'UNIQUE_359';
359	export default ({ request, principal }) => (principal.active === true && principal.rank >= 0) && principal.id !== 'UNIQUE_360';	export default ({ object, principal }) => (object.enabled === false || principal.role === 'ROLE_360') && principal.id !== 'UNIQUE_360';
360	export default ({ request, principal }) => ((request.method === 'VALUE_361' && principal.rank >= 11)) && principal.id !== 'UNIQUE_361';	export default ({ object, principal }) => ((object.ownerId === 'VALUE_361' && principal.rank >= 11)) && principal.id !== 'UNIQUE_361';
361	export default ({ request, principal }) => ((request.pathVariables.userId === 'VALUE_362' && principal.rank >= 12)) && principal.id !== 'UNIQUE_362';	export default ({ object, principal }) => ((object.status === 'VALUE_362' && principal.rank >= 12)) && principal.id !== 'UNIQUE_362';
362	export default ({ request, principal }) => ((request.pathVariables.resourceId === 'VALUE_363' && principal.rank >= 13)) && principal.id !== 'UNIQUE_363';	export default ({ object, principal }) => ((object.kind === 'VALUE_363' && principal.rank >= 13)) && principal.id !== 'UNIQUE_363';
363	export default ({ request, principal }) => ((request.pathVariables.ownerId === 'VALUE_364' && principal.rank >= 14)) && principal.id !== 'UNIQUE_364';	export default ({ object, principal }) => ((object.tenantId === 'VALUE_364' && principal.rank >= 14)) && principal.id !== 'UNIQUE_364';
364	export default ({ request, principal }) => ((request.pathVariables.projectId === 'VALUE_365' && principal.rank >= 15)) && principal.id !== 'UNIQUE_365';	export default ({ object, principal }) => ((object.visibility === 'VALUE_365' && principal.rank >= 15)) && principal.id !== 'UNIQUE_365';
365	export default ({ request, principal }) => ((request.pathVariables.scope === 'VALUE_366' && principal.rank >= 16)) && principal.id !== 'UNIQUE_366';	export default ({ object, principal }) => (object.score >= (principal.rank + 3)) && principal.id !== 'UNIQUE_366';
366	export default ({ request, principal }) => ((request.version + 4) >= 377) && principal.id !== 'UNIQUE_367';	export default ({ object, principal }) => (object.version >= (principal.version + 4)) && principal.id !== 'UNIQUE_367';
367	export default ({ request, principal }) => ((request.sequence + 5) >= 378) && principal.id !== 'UNIQUE_368';	export default ({ object, principal }) => (object.priority >= (principal.level + 5)) && principal.id !== 'UNIQUE_368';
368	export default ({ request, principal }) => ((principal.rank + 6) >= 379) && principal.id !== 'UNIQUE_369';	export default ({ object, principal }) => (object.rank >= (principal.rank + 6)) && principal.id !== 'UNIQUE_369';
369	export default ({ request, principal }) => (principal.active !== false || principal.role === 'ROLE_370') && principal.id !== 'UNIQUE_370';	export default ({ object, principal }) => (object.enabled === true && principal.rank >= 20) && principal.id !== 'UNIQUE_370';
370	export default ({ request, principal }) => (request.method === 'VALUE_371' || principal.active === true) && principal.id !== 'UNIQUE_371';	export default ({ object, principal }) => (object.ownerId === 'VALUE_371' || principal.active === true) && principal.id !== 'UNIQUE_371';
371	export default ({ request, principal }) => (request.pathVariables.userId === 'VALUE_372' || principal.active === true) && principal.id !== 'UNIQUE_372';	export default ({ object, principal }) => (object.status === 'VALUE_372' || principal.active === true) && principal.id !== 'UNIQUE_372';
372	export default ({ request, principal }) => (request.pathVariables.resourceId === 'VALUE_373' || principal.active === true) && principal.id !== 'UNIQUE_373';	export default ({ object, principal }) => (object.kind === 'VALUE_373' || principal.active === true) && principal.id !== 'UNIQUE_373';
373	export default ({ request, principal }) => (request.pathVariables.ownerId === 'VALUE_374' || principal.active === true) && principal.id !== 'UNIQUE_374';	export default ({ object, principal }) => (object.tenantId === 'VALUE_374' || principal.active === true) && principal.id !== 'UNIQUE_374';
374	export default ({ request, principal }) => (request.pathVariables.projectId === 'VALUE_375' || principal.active === true) && principal.id !== 'UNIQUE_375';	export default ({ object, principal }) => (object.visibility === 'VALUE_375' || principal.active === true) && principal.id !== 'UNIQUE_375';
375	export default ({ request, principal }) => (request.pathVariables.scope === 'VALUE_376' || principal.active === true) && principal.id !== 'UNIQUE_376';	export default ({ object, principal }) => (object.score < (principal.rank * 3 + 376)) && principal.id !== 'UNIQUE_376';
376	export default ({ request, principal }) => ((request.version * 4) > 397) && principal.id !== 'UNIQUE_377';	export default ({ object, principal }) => (object.version < (principal.version * 4 + 377)) && principal.id !== 'UNIQUE_377';
377	export default ({ request, principal }) => ((request.sequence * 5) > 398) && principal.id !== 'UNIQUE_378';	export default ({ object, principal }) => (object.priority < (principal.level * 5 + 378)) && principal.id !== 'UNIQUE_378';
378	export default ({ request, principal }) => ((principal.rank * 6) > 399) && principal.id !== 'UNIQUE_379';	export default ({ object, principal }) => (object.rank < (principal.rank * 6 + 379)) && principal.id !== 'UNIQUE_379';
379	export default ({ request, principal }) => (principal.active === true && principal.teamId !== 'TEAM_380') && principal.id !== 'UNIQUE_380';	export default ({ object, principal }) => (object.enabled !== false || principal.active === true) && principal.id !== 'UNIQUE_380';
380	export default ({ request, principal }) => ((request.method !== 'VALUE_381' && principal.teamId !== 'TEAM_381') || principal.tenantId === 'TENANT_381') && principal.id !== 'UNIQUE_381';	export default ({ object, principal }) => ((object.ownerId !== 'VALUE_381' && principal.teamId !== 'TEAM_381') || object.ownerId === 'ALT_381') && principal.id !== 'UNIQUE_381';
381	export default ({ request, principal }) => ((request.pathVariables.userId !== 'VALUE_382' && principal.teamId !== 'TEAM_382') || principal.tenantId === 'TENANT_382') && principal.id !== 'UNIQUE_382';	export default ({ object, principal }) => ((object.status !== 'VALUE_382' && principal.teamId !== 'TEAM_382') || object.status === 'ALT_382') && principal.id !== 'UNIQUE_382';
382	export default ({ request, principal }) => ((request.pathVariables.resourceId !== 'VALUE_383' && principal.teamId !== 'TEAM_383') || principal.tenantId === 'TENANT_383') && principal.id !== 'UNIQUE_383';	export default ({ object, principal }) => ((object.kind !== 'VALUE_383' && principal.teamId !== 'TEAM_383') || object.kind === 'ALT_383') && principal.id !== 'UNIQUE_383';
383	export default ({ request, principal }) => ((request.pathVariables.ownerId !== 'VALUE_384' && principal.teamId !== 'TEAM_384') || principal.tenantId === 'TENANT_384') && principal.id !== 'UNIQUE_384';	export default ({ object, principal }) => ((object.tenantId !== 'VALUE_384' && principal.teamId !== 'TEAM_384') || object.tenantId === 'ALT_384') && principal.id !== 'UNIQUE_384';
384	export default ({ request, principal }) => ((request.pathVariables.projectId !== 'VALUE_385' && principal.teamId !== 'TEAM_385') || principal.tenantId === 'TENANT_385') && principal.id !== 'UNIQUE_385';	export default ({ object, principal }) => ((object.visibility !== 'VALUE_385' && principal.teamId !== 'TEAM_385') || object.visibility === 'ALT_385') && principal.id !== 'UNIQUE_385';
385	export default ({ request, principal }) => ((request.pathVariables.scope !== 'VALUE_386' && principal.teamId !== 'TEAM_386') || principal.tenantId === 'TENANT_386') && principal.id !== 'UNIQUE_386';	export default ({ object, principal }) => ((object.score >= 386 && principal.active === true) || object.score < 194) && principal.id !== 'UNIQUE_386';
386	export default ({ request, principal }) => ((request.version % 4) === 1) && principal.id !== 'UNIQUE_387';	export default ({ object, principal }) => ((object.version >= 387 && principal.active === true) || object.version < 194) && principal.id !== 'UNIQUE_387';
387	export default ({ request, principal }) => ((request.sequence % 5) === 0) && principal.id !== 'UNIQUE_388';	export default ({ object, principal }) => ((object.priority >= 388 && principal.active === true) || object.priority < 195) && principal.id !== 'UNIQUE_388';
388	export default ({ request, principal }) => ((principal.rank % 6) === 1) && principal.id !== 'UNIQUE_389';	export default ({ object, principal }) => ((object.rank >= 389 && principal.active === true) || object.rank < 195) && principal.id !== 'UNIQUE_389';
389	export default ({ request, principal }) => (principal.active === false || principal.tenantId === 'TENANT_390') && principal.id !== 'UNIQUE_390';	export default ({ object, principal }) => ((object.enabled === true && principal.teamId !== 'TEAM_390') || object.enabled === false) && principal.id !== 'UNIQUE_390';
390	export default ({ request, principal }) => (request.method === principal.id && principal.role !== 'GUEST_391') && principal.id !== 'UNIQUE_391';	export default ({ object, principal }) => (object.ownerId === principal.id && principal.role !== 'GUEST_391') && principal.id !== 'UNIQUE_391';
391	export default ({ request, principal }) => (request.pathVariables.userId === principal.id && principal.role !== 'GUEST_392') && principal.id !== 'UNIQUE_392';	export default ({ object, principal }) => (object.status === principal.role && principal.role !== 'GUEST_392') && principal.id !== 'UNIQUE_392';
392	export default ({ request, principal }) => (request.pathVariables.resourceId === principal.tenantId && principal.role !== 'GUEST_393') && principal.id !== 'UNIQUE_393';	export default ({ object, principal }) => (object.kind === principal.kind && principal.role !== 'GUEST_393') && principal.id !== 'UNIQUE_393';
393	export default ({ request, principal }) => (request.pathVariables.ownerId === principal.id && principal.role !== 'GUEST_394') && principal.id !== 'UNIQUE_394';	export default ({ object, principal }) => (object.tenantId === principal.tenantId && principal.role !== 'GUEST_394') && principal.id !== 'UNIQUE_394';
394	export default ({ request, principal }) => (request.pathVariables.projectId === principal.teamId && principal.role !== 'GUEST_395') && principal.id !== 'UNIQUE_395';	export default ({ object, principal }) => (object.visibility === principal.role && principal.role !== 'GUEST_395') && principal.id !== 'UNIQUE_395';
395	export default ({ request, principal }) => (request.pathVariables.scope === principal.role && principal.role !== 'GUEST_396') && principal.id !== 'UNIQUE_396';	export default ({ object, principal }) => (object.score >= 396 || principal.rank >= 198) && principal.id !== 'UNIQUE_396';
396	export default ({ request, principal }) => (request.version >= 397 || principal.rank >= 198) && principal.id !== 'UNIQUE_397';	export default ({ object, principal }) => (object.version >= 397 || principal.rank >= 198) && principal.id !== 'UNIQUE_397';
397	export default ({ request, principal }) => (request.sequence >= 398 || principal.rank >= 199) && principal.id !== 'UNIQUE_398';	export default ({ object, principal }) => (object.priority >= 398 || principal.rank >= 199) && principal.id !== 'UNIQUE_398';
398	export default ({ request, principal }) => (principal.rank >= 399 || principal.rank >= 199) && principal.id !== 'UNIQUE_399';	export default ({ object, principal }) => (object.rank >= 399 || principal.rank >= 199) && principal.id !== 'UNIQUE_399';
399	export default ({ request, principal }) => (!(principal.active === true && request.method === 'DENY_400')) && principal.id !== 'UNIQUE_400';	export default ({ object, principal }) => (object.enabled === principal.active && principal.role !== 'GUEST_400') && principal.id !== 'UNIQUE_400';
400	export default ({ request, principal }) => (request.method === 'VALUE_401') && principal.id !== 'UNIQUE_401';	export default ({ object, principal }) => (object.ownerId === 'VALUE_401') && principal.id !== 'UNIQUE_401';
401	export default ({ request, principal }) => (request.pathVariables.userId === 'VALUE_402') && principal.id !== 'UNIQUE_402';	export default ({ object, principal }) => (object.status === 'VALUE_402') && principal.id !== 'UNIQUE_402';
402	export default ({ request, principal }) => (request.pathVariables.resourceId === 'VALUE_403') && principal.id !== 'UNIQUE_403';	export default ({ object, principal }) => (object.kind === 'VALUE_403') && principal.id !== 'UNIQUE_403';
403	export default ({ request, principal }) => (request.pathVariables.ownerId === 'VALUE_404') && principal.id !== 'UNIQUE_404';	export default ({ object, principal }) => (object.tenantId === 'VALUE_404') && principal.id !== 'UNIQUE_404';
404	export default ({ request, principal }) => (request.pathVariables.projectId === 'VALUE_405') && principal.id !== 'UNIQUE_405';	export default ({ object, principal }) => (object.visibility === 'VALUE_405') && principal.id !== 'UNIQUE_405';
405	export default ({ request, principal }) => (request.pathVariables.scope === 'VALUE_406') && principal.id !== 'UNIQUE_406';	export default ({ object, principal }) => (object.score >= 406) && principal.id !== 'UNIQUE_406';
406	export default ({ request, principal }) => (request.version >= 407) && principal.id !== 'UNIQUE_407';	export default ({ object, principal }) => (object.version >= 407) && principal.id !== 'UNIQUE_407';
407	export default ({ request, principal }) => (request.sequence >= 408) && principal.id !== 'UNIQUE_408';	export default ({ object, principal }) => (object.priority >= 408) && principal.id !== 'UNIQUE_408';
408	export default ({ request, principal }) => (principal.rank >= 409) && principal.id !== 'UNIQUE_409';	export default ({ object, principal }) => (object.rank >= 409) && principal.id !== 'UNIQUE_409';
409	export default ({ request, principal }) => (principal.active === true) && principal.id !== 'UNIQUE_410';	export default ({ object, principal }) => (object.enabled === true) && principal.id !== 'UNIQUE_410';
410	export default ({ request, principal }) => (request.method !== 'VALUE_411') && principal.id !== 'UNIQUE_411';	export default ({ object, principal }) => (object.ownerId !== 'VALUE_411') && principal.id !== 'UNIQUE_411';
411	export default ({ request, principal }) => (request.pathVariables.userId !== 'VALUE_412') && principal.id !== 'UNIQUE_412';	export default ({ object, principal }) => (object.status !== 'VALUE_412') && principal.id !== 'UNIQUE_412';
412	export default ({ request, principal }) => (request.pathVariables.resourceId !== 'VALUE_413') && principal.id !== 'UNIQUE_413';	export default ({ object, principal }) => (object.kind !== 'VALUE_413') && principal.id !== 'UNIQUE_413';
413	export default ({ request, principal }) => (request.pathVariables.ownerId !== 'VALUE_414') && principal.id !== 'UNIQUE_414';	export default ({ object, principal }) => (object.tenantId !== 'VALUE_414') && principal.id !== 'UNIQUE_414';
414	export default ({ request, principal }) => (request.pathVariables.projectId !== 'VALUE_415') && principal.id !== 'UNIQUE_415';	export default ({ object, principal }) => (object.visibility !== 'VALUE_415') && principal.id !== 'UNIQUE_415';
415	export default ({ request, principal }) => (request.pathVariables.scope !== 'VALUE_416') && principal.id !== 'UNIQUE_416';	export default ({ object, principal }) => (object.score < 516) && principal.id !== 'UNIQUE_416';
416	export default ({ request, principal }) => (request.version < 517) && principal.id !== 'UNIQUE_417';	export default ({ object, principal }) => (object.version < 517) && principal.id !== 'UNIQUE_417';
417	export default ({ request, principal }) => (request.sequence < 518) && principal.id !== 'UNIQUE_418';	export default ({ object, principal }) => (object.priority < 518) && principal.id !== 'UNIQUE_418';
418	export default ({ request, principal }) => (principal.rank < 519) && principal.id !== 'UNIQUE_419';	export default ({ object, principal }) => (object.rank < 519) && principal.id !== 'UNIQUE_419';
419	export default ({ request, principal }) => (principal.active !== false) && principal.id !== 'UNIQUE_420';	export default ({ object, principal }) => (object.enabled !== false) && principal.id !== 'UNIQUE_420';
420	export default ({ request, principal }) => (!(request.method === 'VALUE_421')) && principal.id !== 'UNIQUE_421';	export default ({ object, principal }) => (!(object.ownerId === 'VALUE_421')) && principal.id !== 'UNIQUE_421';
421	export default ({ request, principal }) => (!(request.pathVariables.userId === 'VALUE_422')) && principal.id !== 'UNIQUE_422';	export default ({ object, principal }) => (!(object.status === 'VALUE_422')) && principal.id !== 'UNIQUE_422';
422	export default ({ request, principal }) => (!(request.pathVariables.resourceId === 'VALUE_423')) && principal.id !== 'UNIQUE_423';	export default ({ object, principal }) => (!(object.kind === 'VALUE_423')) && principal.id !== 'UNIQUE_423';
423	export default ({ request, principal }) => (!(request.pathVariables.ownerId === 'VALUE_424')) && principal.id !== 'UNIQUE_424';	export default ({ object, principal }) => (!(object.tenantId === 'VALUE_424')) && principal.id !== 'UNIQUE_424';
424	export default ({ request, principal }) => (!(request.pathVariables.projectId === 'VALUE_425')) && principal.id !== 'UNIQUE_425';	export default ({ object, principal }) => (!(object.visibility === 'VALUE_425')) && principal.id !== 'UNIQUE_425';
425	export default ({ request, principal }) => (!(request.pathVariables.scope === 'VALUE_426')) && principal.id !== 'UNIQUE_426';	export default ({ object, principal }) => (object.score > principal.rank) && principal.id !== 'UNIQUE_426';
426	export default ({ request, principal }) => (request.version > principal.rank) && principal.id !== 'UNIQUE_427';	export default ({ object, principal }) => (object.version > principal.version) && principal.id !== 'UNIQUE_427';
427	export default ({ request, principal }) => (request.sequence > principal.level) && principal.id !== 'UNIQUE_428';	export default ({ object, principal }) => (object.priority > principal.level) && principal.id !== 'UNIQUE_428';
428	export default ({ request, principal }) => (principal.rank > request.version) && principal.id !== 'UNIQUE_429';	export default ({ object, principal }) => (object.rank > principal.rank) && principal.id !== 'UNIQUE_429';
429	export default ({ request, principal }) => (!(principal.active === false)) && principal.id !== 'UNIQUE_430';	export default ({ object, principal }) => (!(object.enabled === false)) && principal.id !== 'UNIQUE_430';
430	export default ({ request, principal }) => (request.method === principal.id) && principal.id !== 'UNIQUE_431';	export default ({ object, principal }) => (object.ownerId === principal.id) && principal.id !== 'UNIQUE_431';
431	export default ({ request, principal }) => (request.pathVariables.userId === principal.id) && principal.id !== 'UNIQUE_432';	export default ({ object, principal }) => (object.status === principal.role) && principal.id !== 'UNIQUE_432';
432	export default ({ request, principal }) => (request.pathVariables.resourceId === principal.tenantId) && principal.id !== 'UNIQUE_433';	export default ({ object, principal }) => (object.kind === principal.kind) && principal.id !== 'UNIQUE_433';
433	export default ({ request, principal }) => (request.pathVariables.ownerId === principal.id) && principal.id !== 'UNIQUE_434';	export default ({ object, principal }) => (object.tenantId === principal.tenantId) && principal.id !== 'UNIQUE_434';
434	export default ({ request, principal }) => (request.pathVariables.projectId === principal.teamId) && principal.id !== 'UNIQUE_435';	export default ({ object, principal }) => (object.visibility === principal.role) && principal.id !== 'UNIQUE_435';
435	export default ({ request, principal }) => (request.pathVariables.scope === principal.role) && principal.id !== 'UNIQUE_436';	export default ({ object, principal }) => (object.score <= principal.rank) && principal.id !== 'UNIQUE_436';
436	export default ({ request, principal }) => (request.version <= principal.rank) && principal.id !== 'UNIQUE_437';	export default ({ object, principal }) => (object.version <= principal.version) && principal.id !== 'UNIQUE_437';
437	export default ({ request, principal }) => (request.sequence <= principal.level) && principal.id !== 'UNIQUE_438';	export default ({ object, principal }) => (object.priority <= principal.level) && principal.id !== 'UNIQUE_438';
438	export default ({ request, principal }) => (principal.rank <= request.version) && principal.id !== 'UNIQUE_439';	export default ({ object, principal }) => (object.rank <= principal.rank) && principal.id !== 'UNIQUE_439';
439	export default ({ request, principal }) => (principal.active === true && principal.id !== '') && principal.id !== 'UNIQUE_440';	export default ({ object, principal }) => (object.enabled === principal.active) && principal.id !== 'UNIQUE_440';
440	export default ({ request, principal }) => (request.method === 'VALUE_441' && principal.id !== '') && principal.id !== 'UNIQUE_441';	export default ({ object, principal }) => (object.ownerId === 'VALUE_441' && principal.id !== '') && principal.id !== 'UNIQUE_441';
441	export default ({ request, principal }) => (request.pathVariables.userId === 'VALUE_442' && principal.id !== '') && principal.id !== 'UNIQUE_442';	export default ({ object, principal }) => (object.status === 'VALUE_442' && principal.id !== '') && principal.id !== 'UNIQUE_442';
442	export default ({ request, principal }) => (request.pathVariables.resourceId === 'VALUE_443' && principal.id !== '') && principal.id !== 'UNIQUE_443';	export default ({ object, principal }) => (object.kind === 'VALUE_443' && principal.id !== '') && principal.id !== 'UNIQUE_443';
443	export default ({ request, principal }) => (request.pathVariables.ownerId === 'VALUE_444' && principal.id !== '') && principal.id !== 'UNIQUE_444';	export default ({ object, principal }) => (object.tenantId === 'VALUE_444' && principal.id !== '') && principal.id !== 'UNIQUE_444';
444	export default ({ request, principal }) => (request.pathVariables.projectId === 'VALUE_445' && principal.id !== '') && principal.id !== 'UNIQUE_445';	export default ({ object, principal }) => (object.visibility === 'VALUE_445' && principal.id !== '') && principal.id !== 'UNIQUE_445';
445	export default ({ request, principal }) => (request.pathVariables.scope === 'VALUE_446' && principal.id !== '') && principal.id !== 'UNIQUE_446';	export default ({ object, principal }) => (!(object.score < 446)) && principal.id !== 'UNIQUE_446';
446	export default ({ request, principal }) => (!(request.version < 447)) && principal.id !== 'UNIQUE_447';	export default ({ object, principal }) => (!(object.version < 447)) && principal.id !== 'UNIQUE_447';
447	export default ({ request, principal }) => (!(request.sequence < 448)) && principal.id !== 'UNIQUE_448';	export default ({ object, principal }) => (!(object.priority < 448)) && principal.id !== 'UNIQUE_448';
448	export default ({ request, principal }) => (!(principal.rank < 449)) && principal.id !== 'UNIQUE_449';	export default ({ object, principal }) => (!(object.rank < 449)) && principal.id !== 'UNIQUE_449';
449	export default ({ request, principal }) => (principal.active === false || request.method === 'METHOD_450') && principal.id !== 'UNIQUE_450';	export default ({ object, principal }) => (object.enabled === true && principal.id !== '') && principal.id !== 'UNIQUE_450';
450	export default ({ request, principal }) => (request.method !== 'VALUE_451' || principal.role === 'ROLE_451') && principal.id !== 'UNIQUE_451';	export default ({ object, principal }) => (object.ownerId !== 'VALUE_451' || principal.role === 'ROLE_451') && principal.id !== 'UNIQUE_451';
451	export default ({ request, principal }) => (request.pathVariables.userId !== 'VALUE_452' || principal.role === 'ROLE_452') && principal.id !== 'UNIQUE_452';	export default ({ object, principal }) => (object.status !== 'VALUE_452' || principal.role === 'ROLE_452') && principal.id !== 'UNIQUE_452';
452	export default ({ request, principal }) => (request.pathVariables.resourceId !== 'VALUE_453' || principal.role === 'ROLE_453') && principal.id !== 'UNIQUE_453';	export default ({ object, principal }) => (object.kind !== 'VALUE_453' || principal.role === 'ROLE_453') && principal.id !== 'UNIQUE_453';
453	export default ({ request, principal }) => (request.pathVariables.ownerId !== 'VALUE_454' || principal.role === 'ROLE_454') && principal.id !== 'UNIQUE_454';	export default ({ object, principal }) => (object.tenantId !== 'VALUE_454' || principal.role === 'ROLE_454') && principal.id !== 'UNIQUE_454';
454	export default ({ request, principal }) => (request.pathVariables.projectId !== 'VALUE_455' || principal.role === 'ROLE_455') && principal.id !== 'UNIQUE_455';	export default ({ object, principal }) => (object.visibility !== 'VALUE_455' || principal.role === 'ROLE_455') && principal.id !== 'UNIQUE_455';
455	export default ({ request, principal }) => (request.pathVariables.scope !== 'VALUE_456' || principal.role === 'ROLE_456') && principal.id !== 'UNIQUE_456';	export default ({ object, principal }) => (object.score >= 456 && object.score < 556) && principal.id !== 'UNIQUE_456';
456	export default ({ request, principal }) => (request.version >= 457 && request.version < 557) && principal.id !== 'UNIQUE_457';	export default ({ object, principal }) => (object.version >= 457 && object.version < 557) && principal.id !== 'UNIQUE_457';
457	export default ({ request, principal }) => (request.sequence >= 458 && request.sequence < 558) && principal.id !== 'UNIQUE_458';	export default ({ object, principal }) => (object.priority >= 458 && object.priority < 558) && principal.id !== 'UNIQUE_458';
458	export default ({ request, principal }) => (principal.rank >= 459 && principal.rank < 559) && principal.id !== 'UNIQUE_459';	export default ({ object, principal }) => (object.rank >= 459 && object.rank < 559) && principal.id !== 'UNIQUE_459';
459	export default ({ request, principal }) => (principal.active === true && principal.rank >= 0) && principal.id !== 'UNIQUE_460';	export default ({ object, principal }) => (object.enabled === false || principal.role === 'ROLE_460') && principal.id !== 'UNIQUE_460';
460	export default ({ request, principal }) => ((request.method === 'VALUE_461' && principal.rank >= 11)) && principal.id !== 'UNIQUE_461';	export default ({ object, principal }) => ((object.ownerId === 'VALUE_461' && principal.rank >= 11)) && principal.id !== 'UNIQUE_461';
461	export default ({ request, principal }) => ((request.pathVariables.userId === 'VALUE_462' && principal.rank >= 12)) && principal.id !== 'UNIQUE_462';	export default ({ object, principal }) => ((object.status === 'VALUE_462' && principal.rank >= 12)) && principal.id !== 'UNIQUE_462';
462	export default ({ request, principal }) => ((request.pathVariables.resourceId === 'VALUE_463' && principal.rank >= 13)) && principal.id !== 'UNIQUE_463';	export default ({ object, principal }) => ((object.kind === 'VALUE_463' && principal.rank >= 13)) && principal.id !== 'UNIQUE_463';
463	export default ({ request, principal }) => ((request.pathVariables.ownerId === 'VALUE_464' && principal.rank >= 14)) && principal.id !== 'UNIQUE_464';	export default ({ object, principal }) => ((object.tenantId === 'VALUE_464' && principal.rank >= 14)) && principal.id !== 'UNIQUE_464';
464	export default ({ request, principal }) => ((request.pathVariables.projectId === 'VALUE_465' && principal.rank >= 15)) && principal.id !== 'UNIQUE_465';	export default ({ object, principal }) => ((object.visibility === 'VALUE_465' && principal.rank >= 15)) && principal.id !== 'UNIQUE_465';
465	export default ({ request, principal }) => ((request.pathVariables.scope === 'VALUE_466' && principal.rank >= 16)) && principal.id !== 'UNIQUE_466';	export default ({ object, principal }) => (object.score >= (principal.rank + 5)) && principal.id !== 'UNIQUE_466';
466	export default ({ request, principal }) => ((request.version + 6) >= 477) && principal.id !== 'UNIQUE_467';	export default ({ object, principal }) => (object.version >= (principal.version + 6)) && principal.id !== 'UNIQUE_467';
467	export default ({ request, principal }) => ((request.sequence + 7) >= 478) && principal.id !== 'UNIQUE_468';	export default ({ object, principal }) => (object.priority >= (principal.level + 7)) && principal.id !== 'UNIQUE_468';
468	export default ({ request, principal }) => ((principal.rank + 1) >= 479) && principal.id !== 'UNIQUE_469';	export default ({ object, principal }) => (object.rank >= (principal.rank + 1)) && principal.id !== 'UNIQUE_469';
469	export default ({ request, principal }) => (principal.active !== false || principal.role === 'ROLE_470') && principal.id !== 'UNIQUE_470';	export default ({ object, principal }) => (object.enabled === true && principal.rank >= 20) && principal.id !== 'UNIQUE_470';
470	export default ({ request, principal }) => (request.method === 'VALUE_471' || principal.active === true) && principal.id !== 'UNIQUE_471';	export default ({ object, principal }) => (object.ownerId === 'VALUE_471' || principal.active === true) && principal.id !== 'UNIQUE_471';
471	export default ({ request, principal }) => (request.pathVariables.userId === 'VALUE_472' || principal.active === true) && principal.id !== 'UNIQUE_472';	export default ({ object, principal }) => (object.status === 'VALUE_472' || principal.active === true) && principal.id !== 'UNIQUE_472';
472	export default ({ request, principal }) => (request.pathVariables.resourceId === 'VALUE_473' || principal.active === true) && principal.id !== 'UNIQUE_473';	export default ({ object, principal }) => (object.kind === 'VALUE_473' || principal.active === true) && principal.id !== 'UNIQUE_473';
473	export default ({ request, principal }) => (request.pathVariables.ownerId === 'VALUE_474' || principal.active === true) && principal.id !== 'UNIQUE_474';	export default ({ object, principal }) => (object.tenantId === 'VALUE_474' || principal.active === true) && principal.id !== 'UNIQUE_474';
474	export default ({ request, principal }) => (request.pathVariables.projectId === 'VALUE_475' || principal.active === true) && principal.id !== 'UNIQUE_475';	export default ({ object, principal }) => (object.visibility === 'VALUE_475' || principal.active === true) && principal.id !== 'UNIQUE_475';
475	export default ({ request, principal }) => (request.pathVariables.scope === 'VALUE_476' || principal.active === true) && principal.id !== 'UNIQUE_476';	export default ({ object, principal }) => (object.score < (principal.rank * 3 + 476)) && principal.id !== 'UNIQUE_476';
476	export default ({ request, principal }) => ((request.version * 4) > 497) && principal.id !== 'UNIQUE_477';	export default ({ object, principal }) => (object.version < (principal.version * 4 + 477)) && principal.id !== 'UNIQUE_477';
477	export default ({ request, principal }) => ((request.sequence * 5) > 498) && principal.id !== 'UNIQUE_478';	export default ({ object, principal }) => (object.priority < (principal.level * 5 + 478)) && principal.id !== 'UNIQUE_478';
478	export default ({ request, principal }) => ((principal.rank * 6) > 499) && principal.id !== 'UNIQUE_479';	export default ({ object, principal }) => (object.rank < (principal.rank * 6 + 479)) && principal.id !== 'UNIQUE_479';
479	export default ({ request, principal }) => (principal.active === true && principal.teamId !== 'TEAM_480') && principal.id !== 'UNIQUE_480';	export default ({ object, principal }) => (object.enabled !== false || principal.active === true) && principal.id !== 'UNIQUE_480';
480	export default ({ request, principal }) => ((request.method !== 'VALUE_481' && principal.teamId !== 'TEAM_481') || principal.tenantId === 'TENANT_481') && principal.id !== 'UNIQUE_481';	export default ({ object, principal }) => ((object.ownerId !== 'VALUE_481' && principal.teamId !== 'TEAM_481') || object.ownerId === 'ALT_481') && principal.id !== 'UNIQUE_481';
481	export default ({ request, principal }) => ((request.pathVariables.userId !== 'VALUE_482' && principal.teamId !== 'TEAM_482') || principal.tenantId === 'TENANT_482') && principal.id !== 'UNIQUE_482';	export default ({ object, principal }) => ((object.status !== 'VALUE_482' && principal.teamId !== 'TEAM_482') || object.status === 'ALT_482') && principal.id !== 'UNIQUE_482';
482	export default ({ request, principal }) => ((request.pathVariables.resourceId !== 'VALUE_483' && principal.teamId !== 'TEAM_483') || principal.tenantId === 'TENANT_483') && principal.id !== 'UNIQUE_483';	export default ({ object, principal }) => ((object.kind !== 'VALUE_483' && principal.teamId !== 'TEAM_483') || object.kind === 'ALT_483') && principal.id !== 'UNIQUE_483';
483	export default ({ request, principal }) => ((request.pathVariables.ownerId !== 'VALUE_484' && principal.teamId !== 'TEAM_484') || principal.tenantId === 'TENANT_484') && principal.id !== 'UNIQUE_484';	export default ({ object, principal }) => ((object.tenantId !== 'VALUE_484' && principal.teamId !== 'TEAM_484') || object.tenantId === 'ALT_484') && principal.id !== 'UNIQUE_484';
484	export default ({ request, principal }) => ((request.pathVariables.projectId !== 'VALUE_485' && principal.teamId !== 'TEAM_485') || principal.tenantId === 'TENANT_485') && principal.id !== 'UNIQUE_485';	export default ({ object, principal }) => ((object.visibility !== 'VALUE_485' && principal.teamId !== 'TEAM_485') || object.visibility === 'ALT_485') && principal.id !== 'UNIQUE_485';
485	export default ({ request, principal }) => ((request.pathVariables.scope !== 'VALUE_486' && principal.teamId !== 'TEAM_486') || principal.tenantId === 'TENANT_486') && principal.id !== 'UNIQUE_486';	export default ({ object, principal }) => ((object.score >= 486 && principal.active === true) || object.score < 244) && principal.id !== 'UNIQUE_486';
486	export default ({ request, principal }) => ((request.version % 6) === 1) && principal.id !== 'UNIQUE_487';	export default ({ object, principal }) => ((object.version >= 487 && principal.active === true) || object.version < 244) && principal.id !== 'UNIQUE_487';
487	export default ({ request, principal }) => ((request.sequence % 7) === 0) && principal.id !== 'UNIQUE_488';	export default ({ object, principal }) => ((object.priority >= 488 && principal.active === true) || object.priority < 245) && principal.id !== 'UNIQUE_488';
488	export default ({ request, principal }) => ((principal.rank % 8) === 1) && principal.id !== 'UNIQUE_489';	export default ({ object, principal }) => ((object.rank >= 489 && principal.active === true) || object.rank < 245) && principal.id !== 'UNIQUE_489';
489	export default ({ request, principal }) => (principal.active === false || principal.tenantId === 'TENANT_490') && principal.id !== 'UNIQUE_490';	export default ({ object, principal }) => ((object.enabled === true && principal.teamId !== 'TEAM_490') || object.enabled === false) && principal.id !== 'UNIQUE_490';
490	export default ({ request, principal }) => (request.method === principal.id && principal.role !== 'GUEST_491') && principal.id !== 'UNIQUE_491';	export default ({ object, principal }) => (object.ownerId === principal.id && principal.role !== 'GUEST_491') && principal.id !== 'UNIQUE_491';
491	export default ({ request, principal }) => (request.pathVariables.userId === principal.id && principal.role !== 'GUEST_492') && principal.id !== 'UNIQUE_492';	export default ({ object, principal }) => (object.status === principal.role && principal.role !== 'GUEST_492') && principal.id !== 'UNIQUE_492';
492	export default ({ request, principal }) => (request.pathVariables.resourceId === principal.tenantId && principal.role !== 'GUEST_493') && principal.id !== 'UNIQUE_493';	export default ({ object, principal }) => (object.kind === principal.kind && principal.role !== 'GUEST_493') && principal.id !== 'UNIQUE_493';
493	export default ({ request, principal }) => (request.pathVariables.ownerId === principal.id && principal.role !== 'GUEST_494') && principal.id !== 'UNIQUE_494';	export default ({ object, principal }) => (object.tenantId === principal.tenantId && principal.role !== 'GUEST_494') && principal.id !== 'UNIQUE_494';
494	export default ({ request, principal }) => (request.pathVariables.projectId === principal.teamId && principal.role !== 'GUEST_495') && principal.id !== 'UNIQUE_495';	export default ({ object, principal }) => (object.visibility === principal.role && principal.role !== 'GUEST_495') && principal.id !== 'UNIQUE_495';
495	export default ({ request, principal }) => (request.pathVariables.scope === principal.role && principal.role !== 'GUEST_496') && principal.id !== 'UNIQUE_496';	export default ({ object, principal }) => (object.score >= 496 || principal.rank >= 248) && principal.id !== 'UNIQUE_496';
496	export default ({ request, principal }) => (request.version >= 497 || principal.rank >= 248) && principal.id !== 'UNIQUE_497';	export default ({ object, principal }) => (object.version >= 497 || principal.rank >= 248) && principal.id !== 'UNIQUE_497';
497	export default ({ request, principal }) => (request.sequence >= 498 || principal.rank >= 249) && principal.id !== 'UNIQUE_498';	export default ({ object, principal }) => (object.priority >= 498 || principal.rank >= 249) && principal.id !== 'UNIQUE_498';
498	export default ({ request, principal }) => (principal.rank >= 499 || principal.rank >= 249) && principal.id !== 'UNIQUE_499';	export default ({ object, principal }) => (object.rank >= 499 || principal.rank >= 249) && principal.id !== 'UNIQUE_499';
499	export default ({ request, principal }) => (!(principal.active === true && request.method === 'DENY_500')) && principal.id !== 'UNIQUE_500';	export default ({ object, principal }) => (object.enabled === principal.active && principal.role !== 'GUEST_500') && principal.id !== 'UNIQUE_500';
